{"reason":"Push on VFS changes","startTime":"2024-01-12T04:44:43.318368+01:00[Europe/Berlin]","duration":117833,"isCancelled":false}
{"reason":"Push all on [com.intellij.openapi.roots.impl.JavaLanguageLevelPusher@5d439bf5]","startTime":"2024-01-12T04:45:19.176649+01:00[Europe/Berlin]","duration":350750,"isCancelled":false}
{"reason":"Push on VFS changes","startTime":"2024-01-12T04:45:19.411963+01:00[Europe/Berlin]","duration":52542,"isCancelled":false}
{"reason":"Push on VFS changes","startTime":"2024-01-12T04:45:21.290002+01:00[Europe/Berlin]","duration":2458,"isCancelled":false}
{"reason":"Push on VFS changes","startTime":"2024-01-12T04:46:08.527947+01:00[Europe/Berlin]","duration":28500,"isCancelled":false}
{"reason":"Push on VFS changes","startTime":"2024-01-12T04:46:24.791466+01:00[Europe/Berlin]","duration":514291,"isCancelled":false}
{"reason":"Push on VFS changes","startTime":"2024-01-16T03:44:19.965692+01:00[Europe/Berlin]","duration":1228000,"isCancelled":false}
{"reason":"Push all on [com.intellij.openapi.roots.impl.JavaLanguageLevelPusher@5c17578]","startTime":"2024-02-02T17:16:17.521546+01:00[Europe/Berlin]","duration":1968084,"isCancelled":false}
{"reason":"Push on VFS changes","startTime":"2024-02-02T22:21:22.738517+01:00[Europe/Berlin]","duration":29625,"isCancelled":false}
{"reason":"Push all on [com.intellij.openapi.roots.impl.JavaLanguageLevelPusher@44c41ef2]","startTime":"2024-02-02T22:23:57.575287+01:00[Europe/Berlin]","duration":2658541,"isCancelled":false}
{"reason":"Push on VFS changes","startTime":"2024-02-02T22:49:10.371017+01:00[Europe/Berlin]","duration":715750,"isCancelled":false}
{"reason":"Push on VFS changes","startTime":"2024-02-02T22:59:56.05511+01:00[Europe/Berlin]","duration":73083,"isCancelled":false}
{"reason":"Push on VFS changes","startTime":"2024-02-02T23:00:05.580713+01:00[Europe/Berlin]","duration":594416,"isCancelled":false}
{"reason":"Push on VFS changes","startTime":"2024-02-02T23:00:22.651561+01:00[Europe/Berlin]","duration":80875,"isCancelled":false}
{"reason":"Push on VFS changes","startTime":"2024-02-02T23:11:49.848686+01:00[Europe/Berlin]","duration":64167,"isCancelled":false}
{"reason":"Push on VFS changes","startTime":"2024-02-03T02:50:06.626812+01:00[Europe/Berlin]","duration":5540292,"isCancelled":false}
{"reason":"Push on VFS changes","startTime":"2024-02-03T02:50:14.403835+01:00[Europe/Berlin]","duration":58250,"isCancelled":false}
{"reason":"Push on VFS changes","startTime":"2024-02-03T02:50:18.73098+01:00[Europe/Berlin]","duration":60750,"isCancelled":false}
{"reason":"Push on VFS changes","startTime":"2024-02-03T02:54:26.020294+01:00[Europe/Berlin]","duration":53791,"isCancelled":false}
{"reason":"Push on VFS changes","startTime":"2024-02-03T02:55:26.39571+01:00[Europe/Berlin]","duration":49459,"isCancelled":false}
{"reason":"Push on VFS changes","startTime":"2024-02-03T02:55:57.587774+01:00[Europe/Berlin]","duration":47417,"isCancelled":false}
{"reason":"Push on VFS changes","startTime":"2024-02-03T02:56:25.03078+01:00[Europe/Berlin]","duration":47750,"isCancelled":false}
