{
  "appInfo" : {
    "build" : "233.13135.103",
    "buildDate" : "2023-12-20T05:05:00Z[UTC]",
    "productCode" : "IU",
    "generated" : "2024-02-02T21:27:34.955263Z",
    "os" : "macOS 14.3",
    "runtime" : "JetBrains s.r.o. 17.0.9 17.0.9+7-b1087.9"
  },
  "runtimeInfo" : {
    "maxMemory" : 2147483648,
    "numberOfProcessors" : 10,
    "maxNumberOfIndexingThreads" : 9,
    "maxSizeOfFileForIntelliSense" : 2560000,
    "maxSizeOfFileForContentLoading" : 20971520
  },
  "type" : "Scanning",
  "projectIndexingActivityHistory" : {
    "projectName" : "Parking Lot",
    "times" : {
      "scanningReason" : "changes in: \"Module 'Parking_Lot.Parking_Lot-task-build-classes-kotlin' (all roots)\", \"Module 'Parking_Lot.Parking_Lot-task-build-reports-tests' (all roots)\", \"Module 'Parking_Lot.Parking_Lot-task-build-test-results' (all roots)\", \"Module 'Parking_Lot.Parking_Lot-task-build-tmp' (all roots)\", \"Module 'Parking_Lot.Parking_Lot-task-build-classes-kotlin.main' (all roots)\", \"Module 'Parking_Lot.Parking_Lot-task-build-classes-kotlin.test' (all roots)\", \"Module 'Parking_Lot.Parking_Lot-task-build-reports-tests.main' (all roots)\", \"Module 'Parking_Lot.Parking_Lot-task-build-reports-tests.test' (all roots)\", \"Module 'Parking_Lot.Parking_Lot-task-build-test-results.main' (all roots)\", \"Module 'Parking_Lot.Parking_Lot-task-build-test-results.test' (all roots)\" and 21 iterators more",
      "scanningType" : "PARTIAL",
      "scanningId" : 1,
      "creatingIteratorsTime" : 0,
      "concurrentHandlingWallTimeWithoutPauses" : 1172192000,
      "concurrentHandlingWallTimeWithPauses" : 1172192000,
      "concurrentHandlingSumOfThreadTimesWithPauses" : 1934868584,
      "concurrentIterationAndScannersApplicationSumOfThreadTimesWithPauses" : 63422207,
      "concurrentFileCheckSumOfThreadTimesWithPauses" : 1869269877,
      "delayedPushPropertiesStageTime" : 4000,
      "indexExtensionsTime" : 1246209,
      "dumbWallTimeWithPauses" : 0,
      "dumbWallTimeWithoutPauses" : 0,
      "updatingStart" : "2024-02-02T21:27:33.780788Z",
      "updatingEnd" : "2024-02-02T21:27:34.953731Z",
      "totalWallTimeWithPauses" : 1172952750,
      "wallTimeOnPause" : 3000,
      "wasInterrupted" : false,
      "totalWallTimeWithoutPauses" : 1172949750
    },
    "fileCount" : {
      "numberOfFileProviders" : 31,
      "numberOfScannedFiles" : 54387,
      "numberOfFilesIndexedByInfrastructureExtensionsDuringScan" : 0,
      "numberOfFilesScheduledForIndexingAfterScan" : 16
    },
    "scanningStatistics" : [ {
      "providerName" : "JDK temurin-21 /Library/Java/JavaVirtualMachines/temurin-21.jdk/Contents/Home",
      "numberOfScannedFiles" : 44380,
      "numberOfSkippedFiles" : 0,
      "numberOfFilesForIndexing" : 0,
      "numberOfFilesFullyIndexedByInfrastructureExtensions" : 0,
      "filesFullyIndexedByInfrastructureExtensions" : [ ],
      "statusTime" : 1113372417,
      "totalOneThreadTimeWithPauses" : 1166902125,
      "iterationAndScannersApplicationTime" : 28025959,
      "filesCheckTime" : 1138787667,
      "timeProcessingUpToDateFiles" : 524965696,
      "timeUpdatingContentLessIndexes" : 0,
      "timeIndexingWithoutContentViaInfrastructureExtension" : 0,
      "roots" : [ ]
    }, {
      "providerName" : "Library Gradle: org.assertj:assertj-core:3.17.2 (#1 class roots, #1 source roots)",
      "numberOfScannedFiles" : 3875,
      "numberOfSkippedFiles" : 0,
      "numberOfFilesForIndexing" : 0,
      "numberOfFilesFullyIndexedByInfrastructureExtensions" : 0,
      "filesFullyIndexedByInfrastructureExtensions" : [ ],
      "statusTime" : 173705668,
      "totalOneThreadTimeWithPauses" : 185215333,
      "iterationAndScannersApplicationTime" : 5853875,
      "filesCheckTime" : 179331833,
      "timeProcessingUpToDateFiles" : 55404578,
      "timeUpdatingContentLessIndexes" : 0,
      "timeIndexingWithoutContentViaInfrastructureExtension" : 0,
      "roots" : [ ]
    }, {
      "providerName" : "Library Gradle: org.assertj:assertj-swing:3.17.1 (#1 class roots, #1 source roots)",
      "numberOfScannedFiles" : 1101,
      "numberOfSkippedFiles" : 0,
      "numberOfFilesForIndexing" : 0,
      "numberOfFilesFullyIndexedByInfrastructureExtensions" : 0,
      "filesFullyIndexedByInfrastructureExtensions" : [ ],
      "statusTime" : 70302236,
      "totalOneThreadTimeWithPauses" : 75061208,
      "iterationAndScannersApplicationTime" : 1754250,
      "filesCheckTime" : 73261125,
      "timeProcessingUpToDateFiles" : 24761958,
      "timeUpdatingContentLessIndexes" : 0,
      "timeIndexingWithoutContentViaInfrastructureExtension" : 0,
      "roots" : [ ]
    }, {
      "providerName" : "Library Gradle: org.apache.httpcomponents:httpclient:4.5.13 (#1 class roots, #1 source roots)",
      "numberOfScannedFiles" : 911,
      "numberOfSkippedFiles" : 0,
      "numberOfFilesForIndexing" : 0,
      "numberOfFilesFullyIndexedByInfrastructureExtensions" : 0,
      "filesFullyIndexedByInfrastructureExtensions" : [ ],
      "statusTime" : 68454796,
      "totalOneThreadTimeWithPauses" : 73196042,
      "iterationAndScannersApplicationTime" : 2020500,
      "filesCheckTime" : 71126000,
      "timeProcessingUpToDateFiles" : 20074586,
      "timeUpdatingContentLessIndexes" : 0,
      "timeIndexingWithoutContentViaInfrastructureExtension" : 0,
      "roots" : [ ]
    }, {
      "providerName" : "Library Gradle: org.jetbrains.kotlin:kotlin-stdlib:1.6.10 (#1 class roots, #1 source roots)",
      "numberOfScannedFiles" : 1061,
      "numberOfSkippedFiles" : 0,
      "numberOfFilesForIndexing" : 0,
      "numberOfFilesFullyIndexedByInfrastructureExtensions" : 0,
      "filesFullyIndexedByInfrastructureExtensions" : [ ],
      "statusTime" : 60772579,
      "totalOneThreadTimeWithPauses" : 63291083,
      "iterationAndScannersApplicationTime" : 377875,
      "filesCheckTime" : 62891375,
      "timeProcessingUpToDateFiles" : 23474531,
      "timeUpdatingContentLessIndexes" : 0,
      "timeIndexingWithoutContentViaInfrastructureExtension" : 0,
      "roots" : [ ]
    }, {
      "providerName" : "Library Gradle: junit:junit:4.13.2 (#1 class roots, #1 source roots)",
      "numberOfScannedFiles" : 578,
      "numberOfSkippedFiles" : 0,
      "numberOfFilesForIndexing" : 0,
      "numberOfFilesFullyIndexedByInfrastructureExtensions" : 0,
      "filesFullyIndexedByInfrastructureExtensions" : [ ],
      "statusTime" : 53552039,
      "totalOneThreadTimeWithPauses" : 59760834,
      "iterationAndScannersApplicationTime" : 889042,
      "filesCheckTime" : 58857625,
      "timeProcessingUpToDateFiles" : 14186744,
      "timeUpdatingContentLessIndexes" : 0,
      "timeIndexingWithoutContentViaInfrastructureExtension" : 0,
      "roots" : [ ]
    }, {
      "providerName" : "Library Gradle: org.apache.httpcomponents:httpcore:4.4.13 (#1 class roots, #1 source roots)",
      "numberOfScannedFiles" : 523,
      "numberOfSkippedFiles" : 0,
      "numberOfFilesForIndexing" : 0,
      "numberOfFilesFullyIndexedByInfrastructureExtensions" : 0,
      "filesFullyIndexedByInfrastructureExtensions" : [ ],
      "statusTime" : 47773879,
      "totalOneThreadTimeWithPauses" : 51177292,
      "iterationAndScannersApplicationTime" : 587708,
      "filesCheckTime" : 50553209,
      "timeProcessingUpToDateFiles" : 9761058,
      "timeUpdatingContentLessIndexes" : 0,
      "timeIndexingWithoutContentViaInfrastructureExtension" : 0,
      "roots" : [ ]
    }, {
      "providerName" : "Library Gradle: org.jetbrains.kotlin:kotlin-stdlib-common:1.6.10 (#1 class roots, #1 source roots)",
      "numberOfScannedFiles" : 462,
      "numberOfSkippedFiles" : 0,
      "numberOfFilesForIndexing" : 0,
      "numberOfFilesFullyIndexedByInfrastructureExtensions" : 0,
      "filesFullyIndexedByInfrastructureExtensions" : [ ],
      "statusTime" : 43729100,
      "totalOneThreadTimeWithPauses" : 44942958,
      "iterationAndScannersApplicationTime" : 174458,
      "filesCheckTime" : 44723375,
      "timeProcessingUpToDateFiles" : 15002857,
      "timeUpdatingContentLessIndexes" : 0,
      "timeIndexingWithoutContentViaInfrastructureExtension" : 0,
      "roots" : [ ]
    }, {
      "providerName" : "Library Gradle: commons-codec:commons-codec:1.11 (#1 class roots, #1 source roots)",
      "numberOfScannedFiles" : 432,
      "numberOfSkippedFiles" : 0,
      "numberOfFilesForIndexing" : 0,
      "numberOfFilesFullyIndexedByInfrastructureExtensions" : 0,
      "filesFullyIndexedByInfrastructureExtensions" : [ ],
      "statusTime" : 33703700,
      "totalOneThreadTimeWithPauses" : 37882834,
      "iterationAndScannersApplicationTime" : 1907583,
      "filesCheckTime" : 35931459,
      "timeProcessingUpToDateFiles" : 6939242,
      "timeUpdatingContentLessIndexes" : 0,
      "timeIndexingWithoutContentViaInfrastructureExtension" : 0,
      "roots" : [ ]
    }, {
      "providerName" : "Library Gradle: org.assertj:assertj-swing-junit:3.17.1 (#1 class roots, #1 source roots)",
      "numberOfScannedFiles" : 223,
      "numberOfSkippedFiles" : 0,
      "numberOfFilesForIndexing" : 0,
      "numberOfFilesFullyIndexedByInfrastructureExtensions" : 0,
      "filesFullyIndexedByInfrastructureExtensions" : [ ],
      "statusTime" : 25946501,
      "totalOneThreadTimeWithPauses" : 28214167,
      "iterationAndScannersApplicationTime" : 249458,
      "filesCheckTime" : 27932125,
      "timeProcessingUpToDateFiles" : 3601993,
      "timeUpdatingContentLessIndexes" : 0,
      "timeIndexingWithoutContentViaInfrastructureExtension" : 0,
      "roots" : [ ]
    }, {
      "providerName" : "Library Gradle: com.google.code.gson:gson:2.8.9 (#1 class roots, #1 source roots)",
      "numberOfScannedFiles" : 279,
      "numberOfSkippedFiles" : 0,
      "numberOfFilesForIndexing" : 0,
      "numberOfFilesFullyIndexedByInfrastructureExtensions" : 0,
      "filesFullyIndexedByInfrastructureExtensions" : [ ],
      "statusTime" : 24085674,
      "totalOneThreadTimeWithPauses" : 28193750,
      "iterationAndScannersApplicationTime" : 536167,
      "filesCheckTime" : 27588459,
      "timeProcessingUpToDateFiles" : 6944229,
      "timeUpdatingContentLessIndexes" : 0,
      "timeIndexingWithoutContentViaInfrastructureExtension" : 0,
      "roots" : [ ]
    }, {
      "providerName" : "Library Gradle: com.github.hyperskill:hs-test:release-SNAPSHOT (#1 class roots, #0 source roots)",
      "numberOfScannedFiles" : 163,
      "numberOfSkippedFiles" : 0,
      "numberOfFilesForIndexing" : 0,
      "numberOfFilesFullyIndexedByInfrastructureExtensions" : 0,
      "filesFullyIndexedByInfrastructureExtensions" : [ ],
      "statusTime" : 22403083,
      "totalOneThreadTimeWithPauses" : 24970084,
      "iterationAndScannersApplicationTime" : 305625,
      "filesCheckTime" : 24628542,
      "timeProcessingUpToDateFiles" : 7073490,
      "timeUpdatingContentLessIndexes" : 0,
      "timeIndexingWithoutContentViaInfrastructureExtension" : 0,
      "roots" : [ ]
    }, {
      "providerName" : "Module 'Parking_Lot.Parking_Lot-task-build-reports-tests.test' (all roots)",
      "numberOfScannedFiles" : 6,
      "numberOfSkippedFiles" : 0,
      "numberOfFilesForIndexing" : 6,
      "numberOfFilesFullyIndexedByInfrastructureExtensions" : 0,
      "filesFullyIndexedByInfrastructureExtensions" : [ ],
      "statusTime" : 9167126,
      "totalOneThreadTimeWithPauses" : 15775875,
      "iterationAndScannersApplicationTime" : 3526334,
      "filesCheckTime" : 12229667,
      "timeProcessingUpToDateFiles" : 0,
      "timeUpdatingContentLessIndexes" : 648585,
      "timeIndexingWithoutContentViaInfrastructureExtension" : 339165,
      "roots" : [ ]
    }, {
      "providerName" : "Library Gradle: org.easytesting:fest-reflect:1.4.1 (#1 class roots, #1 source roots)",
      "numberOfScannedFiles" : 89,
      "numberOfSkippedFiles" : 0,
      "numberOfFilesForIndexing" : 0,
      "numberOfFilesFullyIndexedByInfrastructureExtensions" : 0,
      "filesFullyIndexedByInfrastructureExtensions" : [ ],
      "statusTime" : 14429913,
      "totalOneThreadTimeWithPauses" : 15696208,
      "iterationAndScannersApplicationTime" : 75833,
      "filesCheckTime" : 15564083,
      "timeProcessingUpToDateFiles" : 2538049,
      "timeUpdatingContentLessIndexes" : 0,
      "timeIndexingWithoutContentViaInfrastructureExtension" : 0,
      "roots" : [ ]
    }, {
      "providerName" : "Library Gradle: commons-logging:commons-logging:1.2 (#1 class roots, #1 source roots)",
      "numberOfScannedFiles" : 53,
      "numberOfSkippedFiles" : 0,
      "numberOfFilesForIndexing" : 0,
      "numberOfFilesFullyIndexedByInfrastructureExtensions" : 0,
      "filesFullyIndexedByInfrastructureExtensions" : [ ],
      "statusTime" : 9110831,
      "totalOneThreadTimeWithPauses" : 9788584,
      "iterationAndScannersApplicationTime" : 142125,
      "filesCheckTime" : 9625125,
      "timeProcessingUpToDateFiles" : 1600089,
      "timeUpdatingContentLessIndexes" : 0,
      "timeIndexingWithoutContentViaInfrastructureExtension" : 0,
      "roots" : [ ]
    }, {
      "providerName" : "Library Gradle: org.hamcrest:hamcrest-core:1.3 (#1 class roots, #1 source roots)",
      "numberOfScannedFiles" : 88,
      "numberOfSkippedFiles" : 0,
      "numberOfFilesForIndexing" : 0,
      "numberOfFilesFullyIndexedByInfrastructureExtensions" : 0,
      "filesFullyIndexedByInfrastructureExtensions" : [ ],
      "statusTime" : 7852164,
      "totalOneThreadTimeWithPauses" : 8166250,
      "iterationAndScannersApplicationTime" : 52666,
      "filesCheckTime" : 8091208,
      "timeProcessingUpToDateFiles" : 2497541,
      "timeUpdatingContentLessIndexes" : 0,
      "timeIndexingWithoutContentViaInfrastructureExtension" : 0,
      "roots" : [ ]
    }, {
      "providerName" : "Module 'Parking_Lot.Parking_Lot-task-build-test-results.test' (all roots)",
      "numberOfScannedFiles" : 4,
      "numberOfSkippedFiles" : 0,
      "numberOfFilesForIndexing" : 1,
      "numberOfFilesFullyIndexedByInfrastructureExtensions" : 0,
      "filesFullyIndexedByInfrastructureExtensions" : [ ],
      "statusTime" : 2505209,
      "totalOneThreadTimeWithPauses" : 7890833,
      "iterationAndScannersApplicationTime" : 1646209,
      "filesCheckTime" : 6226416,
      "timeProcessingUpToDateFiles" : 0,
      "timeUpdatingContentLessIndexes" : 164376,
      "timeIndexingWithoutContentViaInfrastructureExtension" : 49375,
      "roots" : [ ]
    }, {
      "providerName" : "Module 'Parking_Lot.Parking_Lot-task-build-classes-kotlin' (all roots)",
      "numberOfScannedFiles" : 4,
      "numberOfSkippedFiles" : 0,
      "numberOfFilesForIndexing" : 4,
      "numberOfFilesFullyIndexedByInfrastructureExtensions" : 0,
      "filesFullyIndexedByInfrastructureExtensions" : [ ],
      "statusTime" : 1382752,
      "totalOneThreadTimeWithPauses" : 7415167,
      "iterationAndScannersApplicationTime" : 3204209,
      "filesCheckTime" : 3720583,
      "timeProcessingUpToDateFiles" : 0,
      "timeUpdatingContentLessIndexes" : 179334,
      "timeIndexingWithoutContentViaInfrastructureExtension" : 481542,
      "roots" : [ ]
    }, {
      "providerName" : "Module 'Parking_Lot.Parking_Lot-task-build-classes-kotlin.test' (all roots)",
      "numberOfScannedFiles" : 5,
      "numberOfSkippedFiles" : 0,
      "numberOfFilesForIndexing" : 5,
      "numberOfFilesFullyIndexedByInfrastructureExtensions" : 0,
      "filesFullyIndexedByInfrastructureExtensions" : [ ],
      "statusTime" : 2651667,
      "totalOneThreadTimeWithPauses" : 6966000,
      "iterationAndScannersApplicationTime" : 2212917,
      "filesCheckTime" : 4138667,
      "timeProcessingUpToDateFiles" : 0,
      "timeUpdatingContentLessIndexes" : 186874,
      "timeIndexingWithoutContentViaInfrastructureExtension" : 376127,
      "roots" : [ ]
    }, {
      "providerName" : "Module 'Parking_Lot.Parking_Lot-task-build-reports-tests' (all roots)",
      "numberOfScannedFiles" : 0,
      "numberOfSkippedFiles" : 0,
      "numberOfFilesForIndexing" : 0,
      "numberOfFilesFullyIndexedByInfrastructureExtensions" : 0,
      "filesFullyIndexedByInfrastructureExtensions" : [ ],
      "statusTime" : 0,
      "totalOneThreadTimeWithPauses" : 4823708,
      "iterationAndScannersApplicationTime" : 4591250,
      "filesCheckTime" : 156833,
      "timeProcessingUpToDateFiles" : 0,
      "timeUpdatingContentLessIndexes" : 0,
      "timeIndexingWithoutContentViaInfrastructureExtension" : 0,
      "roots" : [ ]
    }, {
      "providerName" : "Library Gradle: org.easytesting:fest-util:1.2.5 (#1 class roots, #1 source roots)",
      "numberOfScannedFiles" : 59,
      "numberOfSkippedFiles" : 0,
      "numberOfFilesForIndexing" : 0,
      "numberOfFilesFullyIndexedByInfrastructureExtensions" : 0,
      "filesFullyIndexedByInfrastructureExtensions" : [ ],
      "statusTime" : 3987625,
      "totalOneThreadTimeWithPauses" : 4279583,
      "iterationAndScannersApplicationTime" : 49125,
      "filesCheckTime" : 4193042,
      "timeProcessingUpToDateFiles" : 1039373,
      "timeUpdatingContentLessIndexes" : 0,
      "timeIndexingWithoutContentViaInfrastructureExtension" : 0,
      "roots" : [ ]
    }, {
      "providerName" : "Module 'Parking_Lot.Parking_Lot-task-build-test-results' (all roots)",
      "numberOfScannedFiles" : 0,
      "numberOfSkippedFiles" : 0,
      "numberOfFilesForIndexing" : 0,
      "numberOfFilesFullyIndexedByInfrastructureExtensions" : 0,
      "filesFullyIndexedByInfrastructureExtensions" : [ ],
      "statusTime" : 0,
      "totalOneThreadTimeWithPauses" : 3108958,
      "iterationAndScannersApplicationTime" : 2186250,
      "filesCheckTime" : 869042,
      "timeProcessingUpToDateFiles" : 0,
      "timeUpdatingContentLessIndexes" : 0,
      "timeIndexingWithoutContentViaInfrastructureExtension" : 0,
      "roots" : [ ]
    }, {
      "providerName" : "Library Gradle: org.jetbrains:annotations:13.0 (#1 class roots, #1 source roots)",
      "numberOfScannedFiles" : 52,
      "numberOfSkippedFiles" : 0,
      "numberOfFilesForIndexing" : 0,
      "numberOfFilesFullyIndexedByInfrastructureExtensions" : 0,
      "filesFullyIndexedByInfrastructureExtensions" : [ ],
      "statusTime" : 2579789,
      "totalOneThreadTimeWithPauses" : 2898000,
      "iterationAndScannersApplicationTime" : 39166,
      "filesCheckTime" : 2846125,
      "timeProcessingUpToDateFiles" : 978829,
      "timeUpdatingContentLessIndexes" : 0,
      "timeIndexingWithoutContentViaInfrastructureExtension" : 0,
      "roots" : [ ]
    }, {
      "providerName" : "Module 'Parking_Lot.Parking_Lot-task-build-tmp.test' (all roots)",
      "numberOfScannedFiles" : 1,
      "numberOfSkippedFiles" : 0,
      "numberOfFilesForIndexing" : 0,
      "numberOfFilesFullyIndexedByInfrastructureExtensions" : 0,
      "filesFullyIndexedByInfrastructureExtensions" : [ ],
      "statusTime" : 489209,
      "totalOneThreadTimeWithPauses" : 2600333,
      "iterationAndScannersApplicationTime" : 432250,
      "filesCheckTime" : 2152500,
      "timeProcessingUpToDateFiles" : 0,
      "timeUpdatingContentLessIndexes" : 171292,
      "timeIndexingWithoutContentViaInfrastructureExtension" : 0,
      "roots" : [ ]
    }, {
      "providerName" : "Module 'Parking_Lot.Parking_Lot-task-build-tmp' (all roots)",
      "numberOfScannedFiles" : 0,
      "numberOfSkippedFiles" : 0,
      "numberOfFilesForIndexing" : 0,
      "numberOfFilesFullyIndexedByInfrastructureExtensions" : 0,
      "filesFullyIndexedByInfrastructureExtensions" : [ ],
      "statusTime" : 0,
      "totalOneThreadTimeWithPauses" : 2413500,
      "iterationAndScannersApplicationTime" : 1806708,
      "filesCheckTime" : 566667,
      "timeProcessingUpToDateFiles" : 0,
      "timeUpdatingContentLessIndexes" : 0,
      "timeIndexingWithoutContentViaInfrastructureExtension" : 0,
      "roots" : [ ]
    }, {
      "providerName" : "Library Gradle: org.jetbrains.kotlin:kotlin-stdlib-jdk8:1.6.10 (#1 class roots, #1 source roots)",
      "numberOfScannedFiles" : 22,
      "numberOfSkippedFiles" : 0,
      "numberOfFilesForIndexing" : 0,
      "numberOfFilesFullyIndexedByInfrastructureExtensions" : 0,
      "filesFullyIndexedByInfrastructureExtensions" : [ ],
      "statusTime" : 1178042,
      "totalOneThreadTimeWithPauses" : 1490167,
      "iterationAndScannersApplicationTime" : 30958,
      "filesCheckTime" : 1439167,
      "timeProcessingUpToDateFiles" : 418339,
      "timeUpdatingContentLessIndexes" : 0,
      "timeIndexingWithoutContentViaInfrastructureExtension" : 0,
      "roots" : [ ]
    }, {
      "providerName" : "Library Gradle: org.jetbrains.kotlin:kotlin-stdlib-jdk7:1.6.10 (#1 class roots, #1 source roots)",
      "numberOfScannedFiles" : 16,
      "numberOfSkippedFiles" : 0,
      "numberOfFilesForIndexing" : 0,
      "numberOfFilesFullyIndexedByInfrastructureExtensions" : 0,
      "filesFullyIndexedByInfrastructureExtensions" : [ ],
      "statusTime" : 859289,
      "totalOneThreadTimeWithPauses" : 1105041,
      "iterationAndScannersApplicationTime" : 29416,
      "filesCheckTime" : 1053375,
      "timeProcessingUpToDateFiles" : 290958,
      "timeUpdatingContentLessIndexes" : 0,
      "timeIndexingWithoutContentViaInfrastructureExtension" : 0,
      "roots" : [ ]
    }, {
      "providerName" : "Module 'Parking_Lot.Parking_Lot-task-build-test-results.main' (all roots)",
      "numberOfScannedFiles" : 0,
      "numberOfSkippedFiles" : 0,
      "numberOfFilesForIndexing" : 0,
      "numberOfFilesFullyIndexedByInfrastructureExtensions" : 0,
      "filesFullyIndexedByInfrastructureExtensions" : [ ],
      "statusTime" : 0,
      "totalOneThreadTimeWithPauses" : 750750,
      "iterationAndScannersApplicationTime" : 183000,
      "filesCheckTime" : 502917,
      "timeProcessingUpToDateFiles" : 0,
      "timeUpdatingContentLessIndexes" : 0,
      "timeIndexingWithoutContentViaInfrastructureExtension" : 0,
      "roots" : [ ]
    }, {
      "providerName" : "Module 'Parking_Lot.Parking_Lot-task-build-classes-kotlin.main' (all roots)",
      "numberOfScannedFiles" : 0,
      "numberOfSkippedFiles" : 0,
      "numberOfFilesForIndexing" : 0,
      "numberOfFilesFullyIndexedByInfrastructureExtensions" : 0,
      "filesFullyIndexedByInfrastructureExtensions" : [ ],
      "statusTime" : 0,
      "totalOneThreadTimeWithPauses" : 394084,
      "iterationAndScannersApplicationTime" : 181916,
      "filesCheckTime" : 184166,
      "timeProcessingUpToDateFiles" : 0,
      "timeUpdatingContentLessIndexes" : 0,
      "timeIndexingWithoutContentViaInfrastructureExtension" : 0,
      "roots" : [ ]
    }, {
      "providerName" : "Module 'Parking_Lot.Parking_Lot-task-build-reports-tests.main' (all roots)",
      "numberOfScannedFiles" : 0,
      "numberOfSkippedFiles" : 0,
      "numberOfFilesForIndexing" : 0,
      "numberOfFilesFullyIndexedByInfrastructureExtensions" : 0,
      "filesFullyIndexedByInfrastructureExtensions" : [ ],
      "statusTime" : 0,
      "totalOneThreadTimeWithPauses" : 297875,
      "iterationAndScannersApplicationTime" : 197500,
      "filesCheckTime" : 63750,
      "timeProcessingUpToDateFiles" : 0,
      "timeUpdatingContentLessIndexes" : 0,
      "timeIndexingWithoutContentViaInfrastructureExtension" : 0,
      "roots" : [ ]
    }, {
      "providerName" : "Module 'Parking_Lot.Parking_Lot-task-build-tmp.main' (all roots)",
      "numberOfScannedFiles" : 0,
      "numberOfSkippedFiles" : 0,
      "numberOfFilesForIndexing" : 0,
      "numberOfFilesFullyIndexedByInfrastructureExtensions" : 0,
      "filesFullyIndexedByInfrastructureExtensions" : [ ],
      "statusTime" : 0,
      "totalOneThreadTimeWithPauses" : 199958,
      "iterationAndScannersApplicationTime" : 151875,
      "filesCheckTime" : 33750,
      "timeProcessingUpToDateFiles" : 0,
      "timeUpdatingContentLessIndexes" : 0,
      "timeIndexingWithoutContentViaInfrastructureExtension" : 0,
      "roots" : [ ]
    } ]
  }
}