{
  "appInfo" : {
    "build" : "233.13135.103",
    "buildDate" : "2023-12-20T05:05:00Z[UTC]",
    "productCode" : "IU",
    "generated" : "2024-01-12T03:45:21.286636Z",
    "os" : "macOS 14.2.1",
    "runtime" : "JetBrains s.r.o. 17.0.9 17.0.9+7-b1087.9"
  },
  "runtimeInfo" : {
    "maxMemory" : 2147483648,
    "numberOfProcessors" : 10,
    "maxNumberOfIndexingThreads" : 9,
    "maxSizeOfFileForIntelliSense" : 2560000,
    "maxSizeOfFileForContentLoading" : 20971520
  },
  "type" : "Scanning",
  "projectIndexingActivityHistory" : {
    "projectName" : "Parking Lot",
    "times" : {
      "scanningReason" : "changes in: \"Module 'Parking_Lot' (all roots)\", \"Module 'Parking_Lot.Parking_Lot-task' (all roots)\", \"Module 'Parking_Lot.util' (all roots)\", \"Module 'Parking_Lot.Parking_Lot-task.main' (all roots)\", \"Module 'Parking_Lot.Parking_Lot-task.test' (all roots)\", \"Module 'Parking_Lot.util.main' (all roots)\", \"Module 'Parking_Lot.util.test' (all roots)\", \"JDK temurin-21 /Library/Java/JavaVirtualMachines/temurin-21.jdk/Contents/Home\", \"Library Gradle: com.github.hyperskill:hs-test:release-SNAPSHOT (#1 class roots, #0 source roots)\", \"Library Gradle: com.google.code.gson:gson:2.8.9 (#1 class roots, #0 source roots)\" and 16 iterators more",
      "scanningType" : "PARTIAL",
      "scanningId" : 2,
      "creatingIteratorsTime" : 0,
      "concurrentHandlingWallTimeWithoutPauses" : 1893248000,
      "concurrentHandlingWallTimeWithPauses" : 1893248000,
      "concurrentHandlingSumOfThreadTimesWithPauses" : 4311580208,
      "concurrentIterationAndScannersApplicationSumOfThreadTimesWithPauses" : 2879792291,
      "concurrentFileCheckSumOfThreadTimesWithPauses" : 1429804918,
      "delayedPushPropertiesStageTime" : 3000,
      "indexExtensionsTime" : 146352757,
      "dumbModeStart" : "2024-01-12T03:45:19.392014Z",
      "dumbWallTimeWithPauses" : 1893731000,
      "dumbWallTimeWithoutPauses" : 1893731000,
      "updatingStart" : "2024-01-12T03:45:19.391724Z",
      "updatingEnd" : "2024-01-12T03:45:21.285745Z",
      "totalWallTimeWithPauses" : 1894046584,
      "wallTimeOnPause" : 7000,
      "wasInterrupted" : false,
      "totalWallTimeWithoutPauses" : 1894039584
    },
    "fileCount" : {
      "numberOfFileProviders" : 26,
      "numberOfScannedFiles" : 51842,
      "numberOfFilesIndexedByInfrastructureExtensionsDuringScan" : 0,
      "numberOfFilesScheduledForIndexingAfterScan" : 51504
    },
    "scanningStatistics" : [ {
      "providerName" : "JDK temurin-21 /Library/Java/JavaVirtualMachines/temurin-21.jdk/Contents/Home",
      "numberOfScannedFiles" : 44380,
      "numberOfSkippedFiles" : 0,
      "numberOfFilesForIndexing" : 44050,
      "numberOfFilesFullyIndexedByInfrastructureExtensions" : 0,
      "filesFullyIndexedByInfrastructureExtensions" : [ ],
      "statusTime" : 662223616,
      "totalOneThreadTimeWithPauses" : 1890383417,
      "iterationAndScannersApplicationTime" : 1029754083,
      "filesCheckTime" : 860493667,
      "timeProcessingUpToDateFiles" : 0,
      "timeUpdatingContentLessIndexes" : 201555884,
      "timeIndexingWithoutContentViaInfrastructureExtension" : 101344164,
      "roots" : [ ]
    }, {
      "providerName" : "Library Gradle: org.assertj:assertj-core:3.17.2 (#1 class roots, #0 source roots)",
      "numberOfScannedFiles" : 3182,
      "numberOfSkippedFiles" : 0,
      "numberOfFilesForIndexing" : 3182,
      "numberOfFilesFullyIndexedByInfrastructureExtensions" : 0,
      "filesFullyIndexedByInfrastructureExtensions" : [ ],
      "statusTime" : 76923072,
      "totalOneThreadTimeWithPauses" : 507170250,
      "iterationAndScannersApplicationTime" : 408739250,
      "filesCheckTime" : 98362959,
      "timeProcessingUpToDateFiles" : 0,
      "timeUpdatingContentLessIndexes" : 21870672,
      "timeIndexingWithoutContentViaInfrastructureExtension" : 15801520,
      "roots" : [ ]
    }, {
      "providerName" : "Library Gradle: org.jetbrains.kotlin:kotlin-stdlib:1.6.10 (#1 class roots, #1 source roots)",
      "numberOfScannedFiles" : 1061,
      "numberOfSkippedFiles" : 0,
      "numberOfFilesForIndexing" : 1061,
      "numberOfFilesFullyIndexedByInfrastructureExtensions" : 0,
      "filesFullyIndexedByInfrastructureExtensions" : [ ],
      "statusTime" : 98582931,
      "totalOneThreadTimeWithPauses" : 224877291,
      "iterationAndScannersApplicationTime" : 119730584,
      "filesCheckTime" : 105087834,
      "timeProcessingUpToDateFiles" : 0,
      "timeUpdatingContentLessIndexes" : 11678778,
      "timeIndexingWithoutContentViaInfrastructureExtension" : 6224936,
      "roots" : [ ]
    }, {
      "providerName" : "Library Gradle: org.apache.httpcomponents:httpclient:4.5.13 (#1 class roots, #0 source roots)",
      "numberOfScannedFiles" : 478,
      "numberOfSkippedFiles" : 0,
      "numberOfFilesForIndexing" : 478,
      "numberOfFilesFullyIndexedByInfrastructureExtensions" : 0,
      "filesFullyIndexedByInfrastructureExtensions" : [ ],
      "statusTime" : 15549660,
      "totalOneThreadTimeWithPauses" : 209430625,
      "iterationAndScannersApplicationTime" : 190779000,
      "filesCheckTime" : 18601333,
      "timeProcessingUpToDateFiles" : 0,
      "timeUpdatingContentLessIndexes" : 4400416,
      "timeIndexingWithoutContentViaInfrastructureExtension" : 3053769,
      "roots" : [ ]
    }, {
      "providerName" : "Library Gradle: junit:junit:4.13.2 (#1 class roots, #0 source roots)",
      "numberOfScannedFiles" : 354,
      "numberOfSkippedFiles" : 0,
      "numberOfFilesForIndexing" : 352,
      "numberOfFilesFullyIndexedByInfrastructureExtensions" : 0,
      "filesFullyIndexedByInfrastructureExtensions" : [ ],
      "statusTime" : 11688731,
      "totalOneThreadTimeWithPauses" : 187171209,
      "iterationAndScannersApplicationTime" : 172982750,
      "filesCheckTime" : 14125041,
      "timeProcessingUpToDateFiles" : 0,
      "timeUpdatingContentLessIndexes" : 3191375,
      "timeIndexingWithoutContentViaInfrastructureExtension" : 2546461,
      "roots" : [ ]
    }, {
      "providerName" : "Library Gradle: org.apache.httpcomponents:httpcore:4.4.13 (#1 class roots, #0 source roots)",
      "numberOfScannedFiles" : 260,
      "numberOfSkippedFiles" : 0,
      "numberOfFilesForIndexing" : 260,
      "numberOfFilesFullyIndexedByInfrastructureExtensions" : 0,
      "filesFullyIndexedByInfrastructureExtensions" : [ ],
      "statusTime" : 13773627,
      "totalOneThreadTimeWithPauses" : 168168125,
      "iterationAndScannersApplicationTime" : 152804708,
      "filesCheckTime" : 15305292,
      "timeProcessingUpToDateFiles" : 0,
      "timeUpdatingContentLessIndexes" : 3584420,
      "timeIndexingWithoutContentViaInfrastructureExtension" : 2134648,
      "roots" : [ ]
    }, {
      "providerName" : "Library Gradle: com.github.hyperskill:hs-test:release-SNAPSHOT (#1 class roots, #0 source roots)",
      "numberOfScannedFiles" : 163,
      "numberOfSkippedFiles" : 0,
      "numberOfFilesForIndexing" : 163,
      "numberOfFilesFullyIndexedByInfrastructureExtensions" : 0,
      "filesFullyIndexedByInfrastructureExtensions" : [ ],
      "statusTime" : 8137329,
      "totalOneThreadTimeWithPauses" : 166968000,
      "iterationAndScannersApplicationTime" : 157249834,
      "filesCheckTime" : 9692166,
      "timeProcessingUpToDateFiles" : 0,
      "timeUpdatingContentLessIndexes" : 3680336,
      "timeIndexingWithoutContentViaInfrastructureExtension" : 1310852,
      "roots" : [ ]
    }, {
      "providerName" : "Library Gradle: com.google.code.gson:gson:2.8.9 (#1 class roots, #0 source roots)",
      "numberOfScannedFiles" : 199,
      "numberOfSkippedFiles" : 0,
      "numberOfFilesForIndexing" : 199,
      "numberOfFilesFullyIndexedByInfrastructureExtensions" : 0,
      "filesFullyIndexedByInfrastructureExtensions" : [ ],
      "statusTime" : 21567913,
      "totalOneThreadTimeWithPauses" : 156482875,
      "iterationAndScannersApplicationTime" : 131102416,
      "filesCheckTime" : 25331084,
      "timeProcessingUpToDateFiles" : 0,
      "timeUpdatingContentLessIndexes" : 9368096,
      "timeIndexingWithoutContentViaInfrastructureExtension" : 2139627,
      "roots" : [ ]
    }, {
      "providerName" : "Library Gradle: commons-codec:commons-codec:1.11 (#1 class roots, #0 source roots)",
      "numberOfScannedFiles" : 229,
      "numberOfSkippedFiles" : 0,
      "numberOfFilesForIndexing" : 229,
      "numberOfFilesFullyIndexedByInfrastructureExtensions" : 0,
      "filesFullyIndexedByInfrastructureExtensions" : [ ],
      "statusTime" : 21843122,
      "totalOneThreadTimeWithPauses" : 154168792,
      "iterationAndScannersApplicationTime" : 127288084,
      "filesCheckTime" : 26749167,
      "timeProcessingUpToDateFiles" : 0,
      "timeUpdatingContentLessIndexes" : 7771965,
      "timeIndexingWithoutContentViaInfrastructureExtension" : 1440661,
      "roots" : [ ]
    }, {
      "providerName" : "Library Gradle: org.assertj:assertj-swing:3.17.1 (#1 class roots, #0 source roots)",
      "numberOfScannedFiles" : 621,
      "numberOfSkippedFiles" : 0,
      "numberOfFilesForIndexing" : 621,
      "numberOfFilesFullyIndexedByInfrastructureExtensions" : 0,
      "filesFullyIndexedByInfrastructureExtensions" : [ ],
      "statusTime" : 15147298,
      "totalOneThreadTimeWithPauses" : 138630583,
      "iterationAndScannersApplicationTime" : 119271125,
      "filesCheckTime" : 19295792,
      "timeProcessingUpToDateFiles" : 0,
      "timeUpdatingContentLessIndexes" : 3789764,
      "timeIndexingWithoutContentViaInfrastructureExtension" : 3715034,
      "roots" : [ ]
    }, {
      "providerName" : "Module 'Parking_Lot' (all roots)",
      "numberOfScannedFiles" : 27,
      "numberOfSkippedFiles" : 0,
      "numberOfFilesForIndexing" : 21,
      "numberOfFilesFullyIndexedByInfrastructureExtensions" : 0,
      "filesFullyIndexedByInfrastructureExtensions" : [ ],
      "statusTime" : 109069707,
      "totalOneThreadTimeWithPauses" : 136014916,
      "iterationAndScannersApplicationTime" : 17491209,
      "filesCheckTime" : 118228750,
      "timeProcessingUpToDateFiles" : 0,
      "timeUpdatingContentLessIndexes" : 5279378,
      "timeIndexingWithoutContentViaInfrastructureExtension" : 229167,
      "roots" : [ ]
    }, {
      "providerName" : "Library Gradle: org.jetbrains.kotlin:kotlin-stdlib-common:1.6.10 (#1 class roots, #1 source roots)",
      "numberOfScannedFiles" : 462,
      "numberOfSkippedFiles" : 0,
      "numberOfFilesForIndexing" : 462,
      "numberOfFilesFullyIndexedByInfrastructureExtensions" : 0,
      "filesFullyIndexedByInfrastructureExtensions" : [ ],
      "statusTime" : 14155068,
      "totalOneThreadTimeWithPauses" : 100093666,
      "iterationAndScannersApplicationTime" : 82413375,
      "filesCheckTime" : 17618542,
      "timeProcessingUpToDateFiles" : 0,
      "timeUpdatingContentLessIndexes" : 3079177,
      "timeIndexingWithoutContentViaInfrastructureExtension" : 2901640,
      "roots" : [ ]
    }, {
      "providerName" : "Library Gradle: org.assertj:assertj-swing-junit:3.17.1 (#1 class roots, #0 source roots)",
      "numberOfScannedFiles" : 182,
      "numberOfSkippedFiles" : 0,
      "numberOfFilesForIndexing" : 182,
      "numberOfFilesFullyIndexedByInfrastructureExtensions" : 0,
      "filesFullyIndexedByInfrastructureExtensions" : [ ],
      "statusTime" : 12053786,
      "totalOneThreadTimeWithPauses" : 66457292,
      "iterationAndScannersApplicationTime" : 53198250,
      "filesCheckTime" : 13216583,
      "timeProcessingUpToDateFiles" : 0,
      "timeUpdatingContentLessIndexes" : 3223832,
      "timeIndexingWithoutContentViaInfrastructureExtension" : 992304,
      "roots" : [ ]
    }, {
      "providerName" : "Library Gradle: commons-logging:commons-logging:1.2 (#1 class roots, #0 source roots)",
      "numberOfScannedFiles" : 33,
      "numberOfSkippedFiles" : 0,
      "numberOfFilesForIndexing" : 33,
      "numberOfFilesFullyIndexedByInfrastructureExtensions" : 0,
      "filesFullyIndexedByInfrastructureExtensions" : [ ],
      "statusTime" : 1841289,
      "totalOneThreadTimeWithPauses" : 33022875,
      "iterationAndScannersApplicationTime" : 19077333,
      "filesCheckTime" : 13911375,
      "timeProcessingUpToDateFiles" : 0,
      "timeUpdatingContentLessIndexes" : 727331,
      "timeIndexingWithoutContentViaInfrastructureExtension" : 210589,
      "roots" : [ ]
    }, {
      "providerName" : "Module 'Parking_Lot.Parking_Lot-task.main' (all roots)",
      "numberOfScannedFiles" : 1,
      "numberOfSkippedFiles" : 0,
      "numberOfFilesForIndexing" : 1,
      "numberOfFilesFullyIndexedByInfrastructureExtensions" : 0,
      "filesFullyIndexedByInfrastructureExtensions" : [ ],
      "statusTime" : 2665042,
      "totalOneThreadTimeWithPauses" : 24823459,
      "iterationAndScannersApplicationTime" : 6705333,
      "filesCheckTime" : 18083250,
      "timeProcessingUpToDateFiles" : 0,
      "timeUpdatingContentLessIndexes" : 1416417,
      "timeIndexingWithoutContentViaInfrastructureExtension" : 279707,
      "roots" : [ ]
    }, {
      "providerName" : "Module 'Parking_Lot.Parking_Lot-task.test' (all roots)",
      "numberOfScannedFiles" : 1,
      "numberOfSkippedFiles" : 0,
      "numberOfFilesForIndexing" : 1,
      "numberOfFilesFullyIndexedByInfrastructureExtensions" : 0,
      "filesFullyIndexedByInfrastructureExtensions" : [ ],
      "statusTime" : 3062083,
      "totalOneThreadTimeWithPauses" : 24261834,
      "iterationAndScannersApplicationTime" : 6409584,
      "filesCheckTime" : 17805542,
      "timeProcessingUpToDateFiles" : 0,
      "timeUpdatingContentLessIndexes" : 1016751,
      "timeIndexingWithoutContentViaInfrastructureExtension" : 348041,
      "roots" : [ ]
    }, {
      "providerName" : "Library Gradle: org.jetbrains.kotlin:kotlin-stdlib-jdk8:1.6.10 (#1 class roots, #1 source roots)",
      "numberOfScannedFiles" : 22,
      "numberOfSkippedFiles" : 0,
      "numberOfFilesForIndexing" : 22,
      "numberOfFilesFullyIndexedByInfrastructureExtensions" : 0,
      "filesFullyIndexedByInfrastructureExtensions" : [ ],
      "statusTime" : 5234833,
      "totalOneThreadTimeWithPauses" : 22579417,
      "iterationAndScannersApplicationTime" : 16402458,
      "filesCheckTime" : 6113625,
      "timeProcessingUpToDateFiles" : 0,
      "timeUpdatingContentLessIndexes" : 259752,
      "timeIndexingWithoutContentViaInfrastructureExtension" : 140718,
      "roots" : [ ]
    }, {
      "providerName" : "Module 'Parking_Lot.Parking_Lot-task' (all roots)",
      "numberOfScannedFiles" : 0,
      "numberOfSkippedFiles" : 0,
      "numberOfFilesForIndexing" : 0,
      "numberOfFilesFullyIndexedByInfrastructureExtensions" : 0,
      "filesFullyIndexedByInfrastructureExtensions" : [ ],
      "statusTime" : 0,
      "totalOneThreadTimeWithPauses" : 21910750,
      "iterationAndScannersApplicationTime" : 7059250,
      "filesCheckTime" : 14645208,
      "timeProcessingUpToDateFiles" : 0,
      "timeUpdatingContentLessIndexes" : 0,
      "timeIndexingWithoutContentViaInfrastructureExtension" : 0,
      "roots" : [ ]
    }, {
      "providerName" : "Library Gradle: org.jetbrains:annotations:13.0 (#1 class roots, #1 source roots)",
      "numberOfScannedFiles" : 52,
      "numberOfSkippedFiles" : 0,
      "numberOfFilesForIndexing" : 52,
      "numberOfFilesFullyIndexedByInfrastructureExtensions" : 0,
      "filesFullyIndexedByInfrastructureExtensions" : [ ],
      "statusTime" : 3229457,
      "totalOneThreadTimeWithPauses" : 15772958,
      "iterationAndScannersApplicationTime" : 10933459,
      "filesCheckTime" : 4794417,
      "timeProcessingUpToDateFiles" : 0,
      "timeUpdatingContentLessIndexes" : 493376,
      "timeIndexingWithoutContentViaInfrastructureExtension" : 325251,
      "roots" : [ ]
    }, {
      "providerName" : "Library Gradle: org.easytesting:fest-reflect:1.4.1 (#1 class roots, #0 source roots)",
      "numberOfScannedFiles" : 41,
      "numberOfSkippedFiles" : 0,
      "numberOfFilesForIndexing" : 41,
      "numberOfFilesFullyIndexedByInfrastructureExtensions" : 0,
      "filesFullyIndexedByInfrastructureExtensions" : [ ],
      "statusTime" : 1185211,
      "totalOneThreadTimeWithPauses" : 12865000,
      "iterationAndScannersApplicationTime" : 11086125,
      "filesCheckTime" : 1748291,
      "timeProcessingUpToDateFiles" : 0,
      "timeUpdatingContentLessIndexes" : 306591,
      "timeIndexingWithoutContentViaInfrastructureExtension" : 251924,
      "roots" : [ ]
    }, {
      "providerName" : "Library Gradle: org.hamcrest:hamcrest-core:1.3 (#1 class roots, #0 source roots)",
      "numberOfScannedFiles" : 47,
      "numberOfSkippedFiles" : 0,
      "numberOfFilesForIndexing" : 47,
      "numberOfFilesFullyIndexedByInfrastructureExtensions" : 0,
      "filesFullyIndexedByInfrastructureExtensions" : [ ],
      "statusTime" : 3259961,
      "totalOneThreadTimeWithPauses" : 11602708,
      "iterationAndScannersApplicationTime" : 7948208,
      "filesCheckTime" : 3623750,
      "timeProcessingUpToDateFiles" : 0,
      "timeUpdatingContentLessIndexes" : 1334502,
      "timeIndexingWithoutContentViaInfrastructureExtension" : 521533,
      "roots" : [ ]
    }, {
      "providerName" : "Library Gradle: org.jetbrains.kotlin:kotlin-stdlib-jdk7:1.6.10 (#1 class roots, #1 source roots)",
      "numberOfScannedFiles" : 16,
      "numberOfSkippedFiles" : 0,
      "numberOfFilesForIndexing" : 16,
      "numberOfFilesFullyIndexedByInfrastructureExtensions" : 0,
      "filesFullyIndexedByInfrastructureExtensions" : [ ],
      "statusTime" : 1921625,
      "totalOneThreadTimeWithPauses" : 11445583,
      "iterationAndScannersApplicationTime" : 9116666,
      "filesCheckTime" : 2288542,
      "timeProcessingUpToDateFiles" : 0,
      "timeUpdatingContentLessIndexes" : 663708,
      "timeIndexingWithoutContentViaInfrastructureExtension" : 183706,
      "roots" : [ ]
    }, {
      "providerName" : "Module 'Parking_Lot.util' (all roots)",
      "numberOfScannedFiles" : 0,
      "numberOfSkippedFiles" : 0,
      "numberOfFilesForIndexing" : 0,
      "numberOfFilesFullyIndexedByInfrastructureExtensions" : 0,
      "filesFullyIndexedByInfrastructureExtensions" : [ ],
      "statusTime" : 0,
      "totalOneThreadTimeWithPauses" : 7375166,
      "iterationAndScannersApplicationTime" : 6125666,
      "filesCheckTime" : 1104292,
      "timeProcessingUpToDateFiles" : 0,
      "timeUpdatingContentLessIndexes" : 0,
      "timeIndexingWithoutContentViaInfrastructureExtension" : 0,
      "roots" : [ ]
    }, {
      "providerName" : "Library Gradle: org.easytesting:fest-util:1.2.5 (#1 class roots, #0 source roots)",
      "numberOfScannedFiles" : 31,
      "numberOfSkippedFiles" : 0,
      "numberOfFilesForIndexing" : 31,
      "numberOfFilesFullyIndexedByInfrastructureExtensions" : 0,
      "filesFullyIndexedByInfrastructureExtensions" : [ ],
      "statusTime" : 1400581,
      "totalOneThreadTimeWithPauses" : 6911500,
      "iterationAndScannersApplicationTime" : 4973083,
      "filesCheckTime" : 1909541,
      "timeProcessingUpToDateFiles" : 0,
      "timeUpdatingContentLessIndexes" : 512128,
      "timeIndexingWithoutContentViaInfrastructureExtension" : 256505,
      "roots" : [ ]
    }, {
      "providerName" : "Module 'Parking_Lot.util.test' (all roots)",
      "numberOfScannedFiles" : 0,
      "numberOfSkippedFiles" : 0,
      "numberOfFilesForIndexing" : 0,
      "numberOfFilesFullyIndexedByInfrastructureExtensions" : 0,
      "filesFullyIndexedByInfrastructureExtensions" : [ ],
      "statusTime" : 0,
      "totalOneThreadTimeWithPauses" : 6524875,
      "iterationAndScannersApplicationTime" : 5592125,
      "filesCheckTime" : 811500,
      "timeProcessingUpToDateFiles" : 0,
      "timeUpdatingContentLessIndexes" : 0,
      "timeIndexingWithoutContentViaInfrastructureExtension" : 0,
      "roots" : [ ]
    }, {
      "providerName" : "Module 'Parking_Lot.util.main' (all roots)",
      "numberOfScannedFiles" : 0,
      "numberOfSkippedFiles" : 0,
      "numberOfFilesForIndexing" : 0,
      "numberOfFilesFullyIndexedByInfrastructureExtensions" : 0,
      "filesFullyIndexedByInfrastructureExtensions" : [ ],
      "statusTime" : 0,
      "totalOneThreadTimeWithPauses" : 6467042,
      "iterationAndScannersApplicationTime" : 5558333,
      "filesCheckTime" : 857375,
      "timeProcessingUpToDateFiles" : 0,
      "timeUpdatingContentLessIndexes" : 0,
      "timeIndexingWithoutContentViaInfrastructureExtension" : 0,
      "roots" : [ ]
    } ]
  }
}