{
  "appInfo" : {
    "build" : "233.13135.103",
    "buildDate" : "2023-12-20T05:05:00Z[UTC]",
    "productCode" : "IU",
    "generated" : "2024-01-16T02:39:52.498241Z",
    "os" : "macOS 14.2.1",
    "runtime" : "JetBrains s.r.o. 17.0.9 17.0.9+7-b1087.9"
  },
  "runtimeInfo" : {
    "maxMemory" : 2147483648,
    "numberOfProcessors" : 10,
    "maxNumberOfIndexingThreads" : 9,
    "maxSizeOfFileForIntelliSense" : 2560000,
    "maxSizeOfFileForContentLoading" : 20971520
  },
  "type" : "Scanning",
  "projectIndexingActivityHistory" : {
    "projectName" : "Parking Lot",
    "times" : {
      "scanningReason" : "changes in: \"JDK temurin-21 /Library/Java/JavaVirtualMachines/temurin-21.jdk/Contents/Home\"",
      "scanningType" : "PARTIAL",
      "scanningId" : 1,
      "creatingIteratorsTime" : 1000,
      "concurrentHandlingWallTimeWithoutPauses" : 999018000,
      "concurrentHandlingWallTimeWithPauses" : 999018000,
      "concurrentHandlingSumOfThreadTimesWithPauses" : 995890083,
      "concurrentIterationAndScannersApplicationSumOfThreadTimesWithPauses" : 46211292,
      "concurrentFileCheckSumOfThreadTimesWithPauses" : 949642500,
      "delayedPushPropertiesStageTime" : 4000,
      "indexExtensionsTime" : 0,
      "dumbWallTimeWithPauses" : 0,
      "dumbWallTimeWithoutPauses" : 0,
      "updatingStart" : "2024-01-16T02:39:51.497661Z",
      "updatingEnd" : "2024-01-16T02:39:52.497389Z",
      "totalWallTimeWithPauses" : 999738167,
      "wallTimeOnPause" : 0,
      "wasInterrupted" : false,
      "totalWallTimeWithoutPauses" : 999738167
    },
    "fileCount" : {
      "numberOfFileProviders" : 1,
      "numberOfScannedFiles" : 44380,
      "numberOfFilesIndexedByInfrastructureExtensionsDuringScan" : 0,
      "numberOfFilesScheduledForIndexingAfterScan" : 0
    },
    "scanningStatistics" : [ {
      "providerName" : "JDK temurin-21 /Library/Java/JavaVirtualMachines/temurin-21.jdk/Contents/Home",
      "numberOfScannedFiles" : 44380,
      "numberOfSkippedFiles" : 0,
      "numberOfFilesForIndexing" : 0,
      "numberOfFilesFullyIndexedByInfrastructureExtensions" : 0,
      "filesFullyIndexedByInfrastructureExtensions" : [ ],
      "statusTime" : 926162116,
      "totalOneThreadTimeWithPauses" : 995890083,
      "iterationAndScannersApplicationTime" : 46211292,
      "filesCheckTime" : 949642500,
      "timeProcessingUpToDateFiles" : 517189564,
      "timeUpdatingContentLessIndexes" : 0,
      "timeIndexingWithoutContentViaInfrastructureExtension" : 0,
      "roots" : [ ]
    } ]
  }
}