{
  "appInfo" : {
    "build" : "233.13135.103",
    "buildDate" : "2023-12-20T05:05:00Z[UTC]",
    "productCode" : "IU",
    "generated" : "2024-01-12T03:45:26.248886Z",
    "os" : "macOS 14.2.1",
    "runtime" : "JetBrains s.r.o. 17.0.9 17.0.9+7-b1087.9"
  },
  "runtimeInfo" : {
    "maxMemory" : 2147483648,
    "numberOfProcessors" : 10,
    "maxNumberOfIndexingThreads" : 9,
    "maxSizeOfFileForIntelliSense" : 2560000,
    "maxSizeOfFileForContentLoading" : 20971520
  },
  "type" : "DumbIndexing",
  "projectIndexingActivityHistory" : {
    "projectName" : "Parking Lot",
    "times" : {
      "scanningIds" : [ 4 ],
      "contentLoadingVisibleTime" : 7201447,
      "retrievingChangedDuringIndexingFilesTime" : 11791,
      "separateApplyingIndexesVisibleTime" : 52498,
      "updatingStart" : "2024-01-12T03:45:26.188091Z",
      "updatingEnd" : "2024-01-12T03:45:26.24866Z",
      "totalWallTimeWithPauses" : 60584167,
      "wallTimeOnPause" : 0,
      "wasInterrupted" : false,
      "dumbWallTimeWithoutPauses" : 60584167,
      "dumbModeStart" : "2024-01-12T03:45:26.188091Z",
      "dumbWallTimeWithPauses" : 60584167,
      "totalWallTimeWithoutPauses" : 60584167
    },
    "fileCount" : {
      "numberOfChangedDuringIndexingFiles" : 0,
      "numberOfFilesIndexedByInfrastructureExtensionsDuringIndexingStage" : 0,
      "numberOfFilesIndexedWithLoadingContent" : 352,
      "numberOfNothingToWriteFiles" : 352
    },
    "totalStatsPerFileType" : [ {
      "fileType" : "CLASS",
      "partOfTotalProcessingTime" : {
        "part" : 52353762,
        "total" : 52544303
      },
      "partOfTotalContentLoadingTime" : {
        "part" : 31751163,
        "total" : 31825871
      },
      "totalNumberOfFiles" : 350,
      "totalFilesSize" : 716717,
      "totalProcessingSpeed" : {
        "totalBytes" : 716717,
        "totalCpuTime" : 52353762
      },
      "biggestContributors" : [ {
        "providerName" : "Library Gradle: junit:junit:4.13.2 (#1 class roots, #0 source roots)",
        "numberOfFiles" : 350,
        "totalFilesSize" : 716717,
        "partOfTotalProcessingTimeOfThisFileType" : {
          "part" : 52353762,
          "total" : 52353762
        }
      } ]
    }, {
      "fileType" : "PLAIN_TEXT",
      "partOfTotalProcessingTime" : {
        "part" : 97708,
        "total" : 52544303
      },
      "partOfTotalContentLoadingTime" : {
        "part" : 55375,
        "total" : 31825871
      },
      "totalNumberOfFiles" : 1,
      "totalFilesSize" : 11376,
      "totalProcessingSpeed" : {
        "totalBytes" : 11376,
        "totalCpuTime" : 97708
      },
      "biggestContributors" : [ {
        "providerName" : "Library Gradle: junit:junit:4.13.2 (#1 class roots, #0 source roots)",
        "numberOfFiles" : 1,
        "totalFilesSize" : 11376,
        "partOfTotalProcessingTimeOfThisFileType" : {
          "part" : 97708,
          "total" : 97708
        }
      } ]
    }, {
      "fileType" : "Manifest",
      "partOfTotalProcessingTime" : {
        "part" : 92833,
        "total" : 52544303
      },
      "partOfTotalContentLoadingTime" : {
        "part" : 19333,
        "total" : 31825871
      },
      "totalNumberOfFiles" : 1,
      "totalFilesSize" : 321,
      "totalProcessingSpeed" : {
        "totalBytes" : 321,
        "totalCpuTime" : 92833
      },
      "biggestContributors" : [ {
        "providerName" : "Library Gradle: junit:junit:4.13.2 (#1 class roots, #0 source roots)",
        "numberOfFiles" : 1,
        "totalFilesSize" : 321,
        "partOfTotalProcessingTimeOfThisFileType" : {
          "part" : 92833,
          "total" : 92833
        }
      } ]
    } ],
    "totalStatsPerBaseLanguage" : [ {
      "language" : "TEXT",
      "partOfTotalProcessingTime" : {
        "part" : 97708,
        "total" : 52544303
      },
      "partOfTotalContentLoadingTime" : {
        "part" : 31881246,
        "total" : 31825871
      },
      "totalNumberOfFiles" : 1,
      "totalFilesSize" : 11376,
      "totalProcessingSpeed" : {
        "totalBytes" : 11376,
        "totalCpuTime" : 97708
      }
    }, {
      "language" : "Manifest",
      "partOfTotalProcessingTime" : {
        "part" : 92833,
        "total" : 52544303
      },
      "partOfTotalContentLoadingTime" : {
        "part" : 31845204,
        "total" : 31825871
      },
      "totalNumberOfFiles" : 1,
      "totalFilesSize" : 321,
      "totalProcessingSpeed" : {
        "totalBytes" : 321,
        "totalCpuTime" : 92833
      }
    } ],
    "totalStatsPerIndexer" : [ ],
    "statisticsOfChangedDuringIndexingFiles" : {
      "numberOfFiles" : 0,
      "retrievingTime" : 11791
    },
    "fileProviderStatistics" : [ {
      "providerName" : "Library Gradle: junit:junit:4.13.2 (#1 class roots, #0 source roots)",
      "totalNumberOfIndexedFiles" : 352,
      "totalNumberOfFilesFullyIndexedByExtensions" : 0,
      "totalNumberOfNothingToWriteFiles" : 352,
      "totalIndexingVisibleTime" : 11889542,
      "contentLoadingVisibleTime" : 7201447,
      "numberOfTooLargeForIndexingFiles" : 0,
      "slowIndexedFiles" : [ ],
      "filesFullyIndexedByExtensions" : [ ],
      "separateApplyingIndexesVisibleTime" : 52498
    }, {
      "providerName" : "Refreshed files",
      "totalNumberOfIndexedFiles" : 0,
      "totalNumberOfFilesFullyIndexedByExtensions" : 0,
      "totalNumberOfNothingToWriteFiles" : 0,
      "totalIndexingVisibleTime" : 0,
      "contentLoadingVisibleTime" : 0,
      "numberOfTooLargeForIndexingFiles" : 0,
      "slowIndexedFiles" : [ ],
      "filesFullyIndexedByExtensions" : [ ],
      "separateApplyingIndexesVisibleTime" : 0
    } ],
    "visibleTimeToAllThreadTimeRatio" : 0.0
  }
}