{
  "appInfo" : {
    "build" : "233.13135.103",
    "buildDate" : "2023-12-20T05:05:00Z[UTC]",
    "productCode" : "IU",
    "generated" : "2024-02-02T16:16:19.614937Z",
    "os" : "macOS 14.3",
    "runtime" : "JetBrains s.r.o. 17.0.9 17.0.9+7-b1087.9"
  },
  "runtimeInfo" : {
    "maxMemory" : 2147483648,
    "numberOfProcessors" : 10,
    "maxNumberOfIndexingThreads" : 9,
    "maxSizeOfFileForIntelliSense" : 2560000,
    "maxSizeOfFileForContentLoading" : 20971520
  },
  "type" : "DumbIndexing",
  "projectIndexingActivityHistory" : {
    "projectName" : "Parking Lot",
    "times" : {
      "scanningIds" : [ 3 ],
      "contentLoadingVisibleTime" : 37631674,
      "retrievingChangedDuringIndexingFilesTime" : 16500,
      "separateApplyingIndexesVisibleTime" : 282463952,
      "updatingStart" : "2024-02-02T16:16:18.672538Z",
      "updatingEnd" : "2024-02-02T16:16:19.614731Z",
      "totalWallTimeWithPauses" : 942200167,
      "wallTimeOnPause" : 0,
      "wasInterrupted" : false,
      "dumbWallTimeWithPauses" : 942200167,
      "dumbWallTimeWithoutPauses" : 942200167,
      "dumbModeStart" : "2024-02-02T16:16:18.672538Z",
      "totalWallTimeWithoutPauses" : 942200167
    },
    "fileCount" : {
      "numberOfChangedDuringIndexingFiles" : 0,
      "numberOfFilesIndexedByInfrastructureExtensionsDuringIndexingStage" : 0,
      "numberOfFilesIndexedWithLoadingContent" : 2555,
      "numberOfNothingToWriteFiles" : 0
    },
    "totalStatsPerFileType" : [ {
      "fileType" : "JAVA",
      "partOfTotalProcessingTime" : {
        "part" : 4464878588,
        "total" : 4764752143
      },
      "partOfTotalContentLoadingTime" : {
        "part" : 191230870,
        "total" : 200097540
      },
      "totalNumberOfFiles" : 2357,
      "totalFilesSize" : 13344631,
      "totalProcessingSpeed" : {
        "totalBytes" : 13344631,
        "totalCpuTime" : 4464878588
      },
      "biggestContributors" : [ {
        "providerName" : "Library Gradle: org.assertj:assertj-core:3.17.2 (#1 class roots, #1 source roots)",
        "numberOfFiles" : 690,
        "totalFilesSize" : 5526555,
        "partOfTotalProcessingTimeOfThisFileType" : {
          "part" : 2216361155,
          "total" : 4464878588
        }
      }, {
        "providerName" : "Library Gradle: org.apache.httpcomponents:httpcore:4.4.13 (#1 class roots, #1 source roots)",
        "numberOfFiles" : 256,
        "totalFilesSize" : 1169124,
        "partOfTotalProcessingTimeOfThisFileType" : {
          "part" : 746251463,
          "total" : 4464878588
        }
      }, {
        "providerName" : "Library Gradle: org.assertj:assertj-swing:3.17.1 (#1 class roots, #1 source roots)",
        "numberOfFiles" : 477,
        "totalFilesSize" : 1919215,
        "partOfTotalProcessingTimeOfThisFileType" : {
          "part" : 608839159,
          "total" : 4464878588
        }
      }, {
        "providerName" : "Library Gradle: org.apache.httpcomponents:httpclient:4.5.13 (#1 class roots, #1 source roots)",
        "numberOfFiles" : 426,
        "totalFilesSize" : 2147822,
        "partOfTotalProcessingTimeOfThisFileType" : {
          "part" : 343327897,
          "total" : 4464878588
        }
      }, {
        "providerName" : "Library Gradle: junit:junit:4.13.2 (#1 class roots, #1 source roots)",
        "numberOfFiles" : 219,
        "totalFilesSize" : 666028,
        "partOfTotalProcessingTimeOfThisFileType" : {
          "part" : 170514835,
          "total" : 4464878588
        }
      }, {
        "providerName" : "Library Gradle: commons-codec:commons-codec:1.11 (#1 class roots, #1 source roots)",
        "numberOfFiles" : 64,
        "totalFilesSize" : 741152,
        "partOfTotalProcessingTimeOfThisFileType" : {
          "part" : 143752711,
          "total" : 4464878588
        }
      }, {
        "providerName" : "Library Gradle: com.google.code.gson:gson:2.8.9 (#1 class roots, #1 source roots)",
        "numberOfFiles" : 79,
        "totalFilesSize" : 525583,
        "partOfTotalProcessingTimeOfThisFileType" : {
          "part" : 95565453,
          "total" : 4464878588
        }
      }, {
        "providerName" : "Library Gradle: commons-logging:commons-logging:1.2 (#1 class roots, #1 source roots)",
        "numberOfFiles" : 14,
        "totalFilesSize" : 250523,
        "partOfTotalProcessingTimeOfThisFileType" : {
          "part" : 35279499,
          "total" : 4464878588
        }
      }, {
        "providerName" : "Library Gradle: org.easytesting:fest-reflect:1.4.1 (#1 class roots, #1 source roots)",
        "numberOfFiles" : 37,
        "totalFilesSize" : 144103,
        "partOfTotalProcessingTimeOfThisFileType" : {
          "part" : 34188328,
          "total" : 4464878588
        }
      }, {
        "providerName" : "Library Gradle: org.assertj:assertj-swing-junit:3.17.1 (#1 class roots, #1 source roots)",
        "numberOfFiles" : 31,
        "totalFilesSize" : 80790,
        "partOfTotalProcessingTimeOfThisFileType" : {
          "part" : 26760624,
          "total" : 4464878588
        }
      } ]
    }, {
      "fileType" : "HTML",
      "partOfTotalProcessingTime" : {
        "part" : 99510500,
        "total" : 4764752143
      },
      "partOfTotalContentLoadingTime" : {
        "part" : 1452375,
        "total" : 200097540
      },
      "totalNumberOfFiles" : 26,
      "totalFilesSize" : 51245,
      "totalProcessingSpeed" : {
        "totalBytes" : 51245,
        "totalCpuTime" : 99510500
      },
      "biggestContributors" : [ {
        "providerName" : "Library Gradle: commons-codec:commons-codec:1.11 (#1 class roots, #1 source roots)",
        "numberOfFiles" : 6,
        "totalFilesSize" : 8000,
        "partOfTotalProcessingTimeOfThisFileType" : {
          "part" : 55899294,
          "total" : 99510500
        }
      }, {
        "providerName" : "Library Gradle: commons-logging:commons-logging:1.2 (#1 class roots, #1 source roots)",
        "numberOfFiles" : 3,
        "totalFilesSize" : 12912,
        "partOfTotalProcessingTimeOfThisFileType" : {
          "part" : 17827877,
          "total" : 99510500
        }
      }, {
        "providerName" : "Library Gradle: org.easytesting:fest-reflect:1.4.1 (#1 class roots, #1 source roots)",
        "numberOfFiles" : 10,
        "totalFilesSize" : 22544,
        "partOfTotalProcessingTimeOfThisFileType" : {
          "part" : 15350455,
          "total" : 99510500
        }
      }, {
        "providerName" : "Library Gradle: org.assertj:assertj-swing-junit:3.17.1 (#1 class roots, #1 source roots)",
        "numberOfFiles" : 4,
        "totalFilesSize" : 6476,
        "partOfTotalProcessingTimeOfThisFileType" : {
          "part" : 8462624,
          "total" : 99510500
        }
      }, {
        "providerName" : "Library Gradle: org.hamcrest:hamcrest-core:1.3 (#1 class roots, #1 source roots)",
        "numberOfFiles" : 2,
        "totalFilesSize" : 356,
        "partOfTotalProcessingTimeOfThisFileType" : {
          "part" : 991750,
          "total" : 99510500
        }
      }, {
        "providerName" : "Library Gradle: org.easytesting:fest-util:1.2.5 (#1 class roots, #1 source roots)",
        "numberOfFiles" : 1,
        "totalFilesSize" : 957,
        "partOfTotalProcessingTimeOfThisFileType" : {
          "part" : 978500,
          "total" : 99510500
        }
      } ]
    }, {
      "fileType" : "XML",
      "partOfTotalProcessingTime" : {
        "part" : 88239039,
        "total" : 4764752143
      },
      "partOfTotalContentLoadingTime" : {
        "part" : 1084000,
        "total" : 200097540
      },
      "totalNumberOfFiles" : 8,
      "totalFilesSize" : 112716,
      "totalProcessingSpeed" : {
        "totalBytes" : 112716,
        "totalCpuTime" : 88239039
      },
      "biggestContributors" : [ {
        "providerName" : "Library Gradle: org.apache.httpcomponents:httpcore:4.4.13 (#1 class roots, #1 source roots)",
        "numberOfFiles" : 1,
        "totalFilesSize" : 4968,
        "partOfTotalProcessingTimeOfThisFileType" : {
          "part" : 52982625,
          "total" : 88239039
        }
      }, {
        "providerName" : "Library Gradle: org.assertj:assertj-swing-junit:3.17.1 (#1 class roots, #1 source roots)",
        "numberOfFiles" : 3,
        "totalFilesSize" : 60224,
        "partOfTotalProcessingTimeOfThisFileType" : {
          "part" : 16669333,
          "total" : 88239039
        }
      }, {
        "providerName" : "Library Gradle: org.assertj:assertj-core:3.17.2 (#1 class roots, #1 source roots)",
        "numberOfFiles" : 1,
        "totalFilesSize" : 23237,
        "partOfTotalProcessingTimeOfThisFileType" : {
          "part" : 8787000,
          "total" : 88239039
        }
      }, {
        "providerName" : "Library Gradle: commons-codec:commons-codec:1.11 (#1 class roots, #1 source roots)",
        "numberOfFiles" : 1,
        "totalFilesSize" : 13966,
        "partOfTotalProcessingTimeOfThisFileType" : {
          "part" : 5484082,
          "total" : 88239039
        }
      }, {
        "providerName" : "Library Gradle: org.apache.httpcomponents:httpclient:4.5.13 (#1 class roots, #1 source roots)",
        "numberOfFiles" : 1,
        "totalFilesSize" : 6609,
        "partOfTotalProcessingTimeOfThisFileType" : {
          "part" : 2452999,
          "total" : 88239039
        }
      }, {
        "providerName" : "Library Gradle: org.assertj:assertj-swing:3.17.1 (#1 class roots, #1 source roots)",
        "numberOfFiles" : 1,
        "totalFilesSize" : 3712,
        "partOfTotalProcessingTimeOfThisFileType" : {
          "part" : 1863000,
          "total" : 88239039
        }
      } ]
    }, {
      "fileType" : "PLAIN_TEXT",
      "partOfTotalProcessingTime" : {
        "part" : 84027265,
        "total" : 4764752143
      },
      "partOfTotalContentLoadingTime" : {
        "part" : 5313881,
        "total" : 200097540
      },
      "totalNumberOfFiles" : 141,
      "totalFilesSize" : 294553,
      "totalProcessingSpeed" : {
        "totalBytes" : 294553,
        "totalCpuTime" : 84027265
      },
      "biggestContributors" : [ {
        "providerName" : "Library Gradle: commons-codec:commons-codec:1.11 (#1 class roots, #1 source roots)",
        "numberOfFiles" : 130,
        "totalFilesSize" : 246946,
        "partOfTotalProcessingTimeOfThisFileType" : {
          "part" : 65620180,
          "total" : 84027265
        }
      }, {
        "providerName" : "Library Gradle: org.apache.httpcomponents:httpcore:4.4.13 (#1 class roots, #1 source roots)",
        "numberOfFiles" : 3,
        "totalFilesSize" : 11795,
        "partOfTotalProcessingTimeOfThisFileType" : {
          "part" : 10535710,
          "total" : 84027265
        }
      }, {
        "providerName" : "Library Gradle: commons-logging:commons-logging:1.2 (#1 class roots, #1 source roots)",
        "numberOfFiles" : 2,
        "totalFilesSize" : 11535,
        "partOfTotalProcessingTimeOfThisFileType" : {
          "part" : 2855458,
          "total" : 84027265
        }
      }, {
        "providerName" : "Library Gradle: junit:junit:4.13.2 (#1 class roots, #1 source roots)",
        "numberOfFiles" : 2,
        "totalFilesSize" : 11660,
        "partOfTotalProcessingTimeOfThisFileType" : {
          "part" : 2753334,
          "total" : 84027265
        }
      }, {
        "providerName" : "Library Gradle: org.apache.httpcomponents:httpclient:4.5.13 (#1 class roots, #1 source roots)",
        "numberOfFiles" : 3,
        "totalFilesSize" : 12560,
        "partOfTotalProcessingTimeOfThisFileType" : {
          "part" : 2135625,
          "total" : 84027265
        }
      }, {
        "providerName" : "Library Gradle: org.assertj:assertj-swing-junit:3.17.1 (#1 class roots, #1 source roots)",
        "numberOfFiles" : 1,
        "totalFilesSize" : 57,
        "partOfTotalProcessingTimeOfThisFileType" : {
          "part" : 126958,
          "total" : 84027265
        }
      } ]
    }, {
      "fileType" : "Manifest",
      "partOfTotalProcessingTime" : {
        "part" : 11058123,
        "total" : 4764752143
      },
      "partOfTotalContentLoadingTime" : {
        "part" : 301541,
        "total" : 200097540
      },
      "totalNumberOfFiles" : 12,
      "totalFilesSize" : 2849,
      "totalProcessingSpeed" : {
        "totalBytes" : 2849,
        "totalCpuTime" : 11058123
      },
      "biggestContributors" : [ {
        "providerName" : "Library Gradle: org.apache.httpcomponents:httpcore:4.4.13 (#1 class roots, #1 source roots)",
        "numberOfFiles" : 1,
        "totalFilesSize" : 459,
        "partOfTotalProcessingTimeOfThisFileType" : {
          "part" : 7774874,
          "total" : 11058123
        }
      }, {
        "providerName" : "Library Gradle: org.hamcrest:hamcrest-core:1.3 (#1 class roots, #1 source roots)",
        "numberOfFiles" : 1,
        "totalFilesSize" : 257,
        "partOfTotalProcessingTimeOfThisFileType" : {
          "part" : 426459,
          "total" : 11058123
        }
      }, {
        "providerName" : "Library Gradle: commons-logging:commons-logging:1.2 (#1 class roots, #1 source roots)",
        "numberOfFiles" : 1,
        "totalFilesSize" : 421,
        "partOfTotalProcessingTimeOfThisFileType" : {
          "part" : 404291,
          "total" : 11058123
        }
      }, {
        "providerName" : "Library Gradle: org.apache.httpcomponents:httpclient:4.5.13 (#1 class roots, #1 source roots)",
        "numberOfFiles" : 1,
        "totalFilesSize" : 480,
        "partOfTotalProcessingTimeOfThisFileType" : {
          "part" : 394957,
          "total" : 11058123
        }
      }, {
        "providerName" : "Library Gradle: commons-codec:commons-codec:1.11 (#1 class roots, #1 source roots)",
        "numberOfFiles" : 1,
        "totalFilesSize" : 464,
        "partOfTotalProcessingTimeOfThisFileType" : {
          "part" : 320292,
          "total" : 11058123
        }
      }, {
        "providerName" : "Library Gradle: org.assertj:assertj-core:3.17.2 (#1 class roots, #1 source roots)",
        "numberOfFiles" : 1,
        "totalFilesSize" : 79,
        "partOfTotalProcessingTimeOfThisFileType" : {
          "part" : 283583,
          "total" : 11058123
        }
      }, {
        "providerName" : "Library Gradle: com.google.code.gson:gson:2.8.9 (#1 class roots, #1 source roots)",
        "numberOfFiles" : 1,
        "totalFilesSize" : 126,
        "partOfTotalProcessingTimeOfThisFileType" : {
          "part" : 258709,
          "total" : 11058123
        }
      }, {
        "providerName" : "Library Gradle: org.easytesting:fest-reflect:1.4.1 (#1 class roots, #1 source roots)",
        "numberOfFiles" : 1,
        "totalFilesSize" : 122,
        "partOfTotalProcessingTimeOfThisFileType" : {
          "part" : 251666,
          "total" : 11058123
        }
      }, {
        "providerName" : "Library Gradle: org.assertj:assertj-swing:3.17.1 (#1 class roots, #1 source roots)",
        "numberOfFiles" : 1,
        "totalFilesSize" : 95,
        "partOfTotalProcessingTimeOfThisFileType" : {
          "part" : 243708,
          "total" : 11058123
        }
      }, {
        "providerName" : "Library Gradle: junit:junit:4.13.2 (#1 class roots, #1 source roots)",
        "numberOfFiles" : 1,
        "totalFilesSize" : 129,
        "partOfTotalProcessingTimeOfThisFileType" : {
          "part" : 242375,
          "total" : 11058123
        }
      } ]
    }, {
      "fileType" : "Properties",
      "partOfTotalProcessingTime" : {
        "part" : 8957129,
        "total" : 4764752143
      },
      "partOfTotalContentLoadingTime" : {
        "part" : 632414,
        "total" : 200097540
      },
      "totalNumberOfFiles" : 8,
      "totalFilesSize" : 2756,
      "totalProcessingSpeed" : {
        "totalBytes" : 2756,
        "totalCpuTime" : 8957129
      },
      "biggestContributors" : [ {
        "providerName" : "Library Gradle: org.apache.httpcomponents:httpcore:4.4.13 (#1 class roots, #1 source roots)",
        "numberOfFiles" : 2,
        "totalFilesSize" : 1012,
        "partOfTotalProcessingTimeOfThisFileType" : {
          "part" : 5744002,
          "total" : 8957129
        }
      }, {
        "providerName" : "Library Gradle: org.apache.httpcomponents:httpclient:4.5.13 (#1 class roots, #1 source roots)",
        "numberOfFiles" : 2,
        "totalFilesSize" : 1382,
        "partOfTotalProcessingTimeOfThisFileType" : {
          "part" : 981710,
          "total" : 8957129
        }
      }, {
        "providerName" : "Library Gradle: org.assertj:assertj-core:3.17.2 (#1 class roots, #1 source roots)",
        "numberOfFiles" : 1,
        "totalFilesSize" : 59,
        "partOfTotalProcessingTimeOfThisFileType" : {
          "part" : 812583,
          "total" : 8957129
        }
      }, {
        "providerName" : "Library Gradle: commons-codec:commons-codec:1.11 (#1 class roots, #1 source roots)",
        "numberOfFiles" : 1,
        "totalFilesSize" : 115,
        "partOfTotalProcessingTimeOfThisFileType" : {
          "part" : 599959,
          "total" : 8957129
        }
      }, {
        "providerName" : "Library Gradle: org.assertj:assertj-swing:3.17.1 (#1 class roots, #1 source roots)",
        "numberOfFiles" : 1,
        "totalFilesSize" : 91,
        "partOfTotalProcessingTimeOfThisFileType" : {
          "part" : 423750,
          "total" : 8957129
        }
      }, {
        "providerName" : "Library Gradle: org.assertj:assertj-swing-junit:3.17.1 (#1 class roots, #1 source roots)",
        "numberOfFiles" : 1,
        "totalFilesSize" : 97,
        "partOfTotalProcessingTimeOfThisFileType" : {
          "part" : 395125,
          "total" : 8957129
        }
      } ]
    }, {
      "fileType" : "Kotlin",
      "partOfTotalProcessingTime" : {
        "part" : 8081499,
        "total" : 4764752143
      },
      "partOfTotalContentLoadingTime" : {
        "part" : 82459,
        "total" : 200097540
      },
      "totalNumberOfFiles" : 3,
      "totalFilesSize" : 231,
      "totalProcessingSpeed" : {
        "totalBytes" : 231,
        "totalCpuTime" : 8081499
      },
      "biggestContributors" : [ {
        "providerName" : "Module 'Parking_Lot.Topics-Inheritance-Create_a_child_class.main' (all roots)",
        "numberOfFiles" : 1,
        "totalFilesSize" : 109,
        "partOfTotalProcessingTimeOfThisFileType" : {
          "part" : 6522833,
          "total" : 8081499
        }
      }, {
        "providerName" : "Module 'Parking_Lot.Topics-Inheritance-Theory.main' (all roots)",
        "numberOfFiles" : 1,
        "totalFilesSize" : 109,
        "partOfTotalProcessingTimeOfThisFileType" : {
          "part" : 1030875,
          "total" : 8081499
        }
      }, {
        "providerName" : "Module 'Parking_Lot.Topics-Inheritance-Constructing_a_hierarchy.main' (all roots)",
        "numberOfFiles" : 1,
        "totalFilesSize" : 13,
        "partOfTotalProcessingTimeOfThisFileType" : {
          "part" : 527791,
          "total" : 8081499
        }
      } ]
    } ],
    "totalStatsPerBaseLanguage" : [ {
      "language" : "JAVA",
      "partOfTotalProcessingTime" : {
        "part" : 4464878588,
        "total" : 4764752143
      },
      "partOfTotalContentLoadingTime" : {
        "part" : 391328410,
        "total" : 200097540
      },
      "totalNumberOfFiles" : 2357,
      "totalFilesSize" : 13344631,
      "totalProcessingSpeed" : {
        "totalBytes" : 13344631,
        "totalCpuTime" : 4464878588
      }
    }, {
      "language" : "XML",
      "partOfTotalProcessingTime" : {
        "part" : 187749539,
        "total" : 4764752143
      },
      "partOfTotalContentLoadingTime" : {
        "part" : 201549915,
        "total" : 200097540
      },
      "totalNumberOfFiles" : 34,
      "totalFilesSize" : 163961,
      "totalProcessingSpeed" : {
        "totalBytes" : 163961,
        "totalCpuTime" : 187749539
      }
    }, {
      "language" : "HTML",
      "partOfTotalProcessingTime" : {
        "part" : 99510500,
        "total" : 4764752143
      },
      "partOfTotalContentLoadingTime" : {
        "part" : 201549915,
        "total" : 200097540
      },
      "totalNumberOfFiles" : 26,
      "totalFilesSize" : 51245,
      "totalProcessingSpeed" : {
        "totalBytes" : 51245,
        "totalCpuTime" : 99510500
      }
    }, {
      "language" : "TEXT",
      "partOfTotalProcessingTime" : {
        "part" : 84027265,
        "total" : 4764752143
      },
      "partOfTotalContentLoadingTime" : {
        "part" : 205411421,
        "total" : 200097540
      },
      "totalNumberOfFiles" : 141,
      "totalFilesSize" : 294553,
      "totalProcessingSpeed" : {
        "totalBytes" : 294553,
        "totalCpuTime" : 84027265
      }
    }, {
      "language" : "Manifest",
      "partOfTotalProcessingTime" : {
        "part" : 11058123,
        "total" : 4764752143
      },
      "partOfTotalContentLoadingTime" : {
        "part" : 200399081,
        "total" : 200097540
      },
      "totalNumberOfFiles" : 12,
      "totalFilesSize" : 2849,
      "totalProcessingSpeed" : {
        "totalBytes" : 2849,
        "totalCpuTime" : 11058123
      }
    }, {
      "language" : "Properties",
      "partOfTotalProcessingTime" : {
        "part" : 8957129,
        "total" : 4764752143
      },
      "partOfTotalContentLoadingTime" : {
        "part" : 200729954,
        "total" : 200097540
      },
      "totalNumberOfFiles" : 8,
      "totalFilesSize" : 2756,
      "totalProcessingSpeed" : {
        "totalBytes" : 2756,
        "totalCpuTime" : 8957129
      }
    }, {
      "language" : "kotlin",
      "partOfTotalProcessingTime" : {
        "part" : 8081499,
        "total" : 4764752143
      },
      "partOfTotalContentLoadingTime" : {
        "part" : 200179999,
        "total" : 200097540
      },
      "totalNumberOfFiles" : 3,
      "totalFilesSize" : 231,
      "totalProcessingSpeed" : {
        "totalBytes" : 231,
        "totalCpuTime" : 8081499
      }
    } ],
    "totalStatsPerIndexer" : [ {
      "indexId" : "IdIndex",
      "partOfTotalIndexingTime" : {
        "part" : 1564643623,
        "total" : 2900954220
      },
      "totalNumberOfFiles" : 2555,
      "totalNumberOfFilesIndexedByExtensions" : 0,
      "totalFilesSize" : 13808981,
      "indexValueChangerEvaluationSpeed" : {
        "totalBytes" : 13808981,
        "totalCpuTime" : 1564643623
      }
    }, {
      "indexId" : "Trigram.Index",
      "partOfTotalIndexingTime" : {
        "part" : 1202788761,
        "total" : 2900954220
      },
      "totalNumberOfFiles" : 2552,
      "totalNumberOfFilesIndexedByExtensions" : 0,
      "totalFilesSize" : 13808750,
      "indexValueChangerEvaluationSpeed" : {
        "totalBytes" : 13808750,
        "totalCpuTime" : 1202788761
      }
    }, {
      "indexId" : "js.implicit.elements.index",
      "partOfTotalIndexingTime" : {
        "part" : 63891628,
        "total" : 2900954220
      },
      "totalNumberOfFiles" : 26,
      "totalNumberOfFilesIndexedByExtensions" : 0,
      "totalFilesSize" : 51245,
      "indexValueChangerEvaluationSpeed" : {
        "totalBytes" : 51245,
        "totalCpuTime" : 63891628
      }
    }, {
      "indexId" : "Stubs",
      "partOfTotalIndexingTime" : {
        "part" : 40744584,
        "total" : 2900954220
      },
      "totalNumberOfFiles" : 45,
      "totalNumberOfFilesIndexedByExtensions" : 0,
      "totalFilesSize" : 166948,
      "indexValueChangerEvaluationSpeed" : {
        "totalBytes" : 166948,
        "totalCpuTime" : 40744584
      }
    }, {
      "indexId" : "DomFileIndex",
      "partOfTotalIndexingTime" : {
        "part" : 15660748,
        "total" : 2900954220
      },
      "totalNumberOfFiles" : 8,
      "totalNumberOfFilesIndexedByExtensions" : 0,
      "totalFilesSize" : 112716,
      "indexValueChangerEvaluationSpeed" : {
        "totalBytes" : 112716,
        "totalCpuTime" : 15660748
      }
    }, {
      "indexId" : "org.jetbrains.kotlin.idea.vfilefinder.KotlinStdlibIndex",
      "partOfTotalIndexingTime" : {
        "part" : 7545125,
        "total" : 2900954220
      },
      "totalNumberOfFiles" : 12,
      "totalNumberOfFilesIndexedByExtensions" : 0,
      "totalFilesSize" : 2849,
      "indexValueChangerEvaluationSpeed" : {
        "totalBytes" : 2849,
        "totalCpuTime" : 7545125
      }
    }, {
      "indexId" : "HashFragmentIndex",
      "partOfTotalIndexingTime" : {
        "part" : 3090249,
        "total" : 2900954220
      },
      "totalNumberOfFiles" : 3,
      "totalNumberOfFilesIndexedByExtensions" : 0,
      "totalFilesSize" : 231,
      "indexValueChangerEvaluationSpeed" : {
        "totalBytes" : 231,
        "totalCpuTime" : 3090249
      }
    }, {
      "indexId" : "SpringXmlBeansIndex",
      "partOfTotalIndexingTime" : {
        "part" : 1142666,
        "total" : 2900954220
      },
      "totalNumberOfFiles" : 8,
      "totalNumberOfFilesIndexedByExtensions" : 0,
      "totalFilesSize" : 112716,
      "indexValueChangerEvaluationSpeed" : {
        "totalBytes" : 112716,
        "totalCpuTime" : 1142666
      }
    }, {
      "indexId" : "org.jetbrains.kotlin.idea.vfilefinder.KotlinPartialPackageNamesIndex",
      "partOfTotalIndexingTime" : {
        "part" : 528500,
        "total" : 2900954220
      },
      "totalNumberOfFiles" : 3,
      "totalNumberOfFilesIndexedByExtensions" : 0,
      "totalFilesSize" : 231,
      "indexValueChangerEvaluationSpeed" : {
        "totalBytes" : 231,
        "totalCpuTime" : 528500
      }
    }, {
      "indexId" : "xmlProperties",
      "partOfTotalIndexingTime" : {
        "part" : 527334,
        "total" : 2900954220
      },
      "totalNumberOfFiles" : 6,
      "totalNumberOfFilesIndexedByExtensions" : 0,
      "totalFilesSize" : 56468,
      "indexValueChangerEvaluationSpeed" : {
        "totalBytes" : 56468,
        "totalCpuTime" : 527334
      }
    }, {
      "indexId" : "org.jetbrains.kotlin.idea.vfilefinder.KotlinShortClassNameFileIndex",
      "partOfTotalIndexingTime" : {
        "part" : 156042,
        "total" : 2900954220
      },
      "totalNumberOfFiles" : 3,
      "totalNumberOfFilesIndexedByExtensions" : 0,
      "totalFilesSize" : 231,
      "indexValueChangerEvaluationSpeed" : {
        "totalBytes" : 231,
        "totalCpuTime" : 156042
      }
    }, {
      "indexId" : "java.source.module.name",
      "partOfTotalIndexingTime" : {
        "part" : 133085,
        "total" : 2900954220
      },
      "totalNumberOfFiles" : 12,
      "totalNumberOfFilesIndexedByExtensions" : 0,
      "totalFilesSize" : 2849,
      "indexValueChangerEvaluationSpeed" : {
        "totalBytes" : 2849,
        "totalCpuTime" : 133085
      }
    }, {
      "indexId" : "org.jetbrains.kotlin.idea.base.indices.names.KotlinTopLevelClassLikeDeclarationByPackageShortNameIndex",
      "partOfTotalIndexingTime" : {
        "part" : 39750,
        "total" : 2900954220
      },
      "totalNumberOfFiles" : 3,
      "totalNumberOfFilesIndexedByExtensions" : 0,
      "totalFilesSize" : 231,
      "indexValueChangerEvaluationSpeed" : {
        "totalBytes" : 231,
        "totalCpuTime" : 39750
      }
    }, {
      "indexId" : "org.jetbrains.kotlin.idea.vfilefinder.KotlinPackageSourcesMemberNamesIndex",
      "partOfTotalIndexingTime" : {
        "part" : 36000,
        "total" : 2900954220
      },
      "totalNumberOfFiles" : 3,
      "totalNumberOfFilesIndexedByExtensions" : 0,
      "totalFilesSize" : 231,
      "indexValueChangerEvaluationSpeed" : {
        "totalBytes" : 231,
        "totalCpuTime" : 36000
      }
    }, {
      "indexId" : "org.jetbrains.kotlin.idea.base.indices.names.KotlinTopLevelCallableByPackageShortNameIndex",
      "partOfTotalIndexingTime" : {
        "part" : 26125,
        "total" : 2900954220
      },
      "totalNumberOfFiles" : 3,
      "totalNumberOfFilesIndexedByExtensions" : 0,
      "totalFilesSize" : 231,
      "indexValueChangerEvaluationSpeed" : {
        "totalBytes" : 231,
        "totalCpuTime" : 26125
      }
    } ],
    "statisticsOfChangedDuringIndexingFiles" : {
      "numberOfFiles" : 0,
      "retrievingTime" : 16500
    },
    "fileProviderStatistics" : [ {
      "providerName" : "Library Gradle: org.assertj:assertj-core:3.17.2 (#1 class roots, #1 source roots)",
      "totalNumberOfIndexedFiles" : 693,
      "totalNumberOfFilesFullyIndexedByExtensions" : 0,
      "totalNumberOfNothingToWriteFiles" : 0,
      "totalIndexingVisibleTime" : 418682401,
      "contentLoadingVisibleTime" : 11834082,
      "numberOfTooLargeForIndexingFiles" : 0,
      "slowIndexedFiles" : [ ],
      "filesFullyIndexedByExtensions" : [ ],
      "separateApplyingIndexesVisibleTime" : 102021092
    }, {
      "providerName" : "Library Gradle: org.apache.httpcomponents:httpcore:4.4.13 (#1 class roots, #1 source roots)",
      "totalNumberOfIndexedFiles" : 263,
      "totalNumberOfFilesFullyIndexedByExtensions" : 0,
      "totalNumberOfNothingToWriteFiles" : 0,
      "totalIndexingVisibleTime" : 154833176,
      "contentLoadingVisibleTime" : 6612533,
      "numberOfTooLargeForIndexingFiles" : 0,
      "slowIndexedFiles" : [ ],
      "filesFullyIndexedByExtensions" : [ ],
      "separateApplyingIndexesVisibleTime" : 39341664
    }, {
      "providerName" : "Library Gradle: org.assertj:assertj-swing:3.17.1 (#1 class roots, #1 source roots)",
      "totalNumberOfIndexedFiles" : 480,
      "totalNumberOfFilesFullyIndexedByExtensions" : 0,
      "totalNumberOfNothingToWriteFiles" : 0,
      "totalIndexingVisibleTime" : 114978260,
      "contentLoadingVisibleTime" : 6409993,
      "numberOfTooLargeForIndexingFiles" : 0,
      "slowIndexedFiles" : [ ],
      "filesFullyIndexedByExtensions" : [ ],
      "separateApplyingIndexesVisibleTime" : 42952877
    }, {
      "providerName" : "Library Gradle: org.apache.httpcomponents:httpclient:4.5.13 (#1 class roots, #1 source roots)",
      "totalNumberOfIndexedFiles" : 433,
      "totalNumberOfFilesFullyIndexedByExtensions" : 0,
      "totalNumberOfNothingToWriteFiles" : 0,
      "totalIndexingVisibleTime" : 65690413,
      "contentLoadingVisibleTime" : 4297151,
      "numberOfTooLargeForIndexingFiles" : 0,
      "slowIndexedFiles" : [ ],
      "filesFullyIndexedByExtensions" : [ ],
      "separateApplyingIndexesVisibleTime" : 32867322
    }, {
      "providerName" : "Library Gradle: commons-codec:commons-codec:1.11 (#1 class roots, #1 source roots)",
      "totalNumberOfIndexedFiles" : 203,
      "totalNumberOfFilesFullyIndexedByExtensions" : 0,
      "totalNumberOfNothingToWriteFiles" : 0,
      "totalIndexingVisibleTime" : 51093303,
      "contentLoadingVisibleTime" : 2048046,
      "numberOfTooLargeForIndexingFiles" : 0,
      "slowIndexedFiles" : [ ],
      "filesFullyIndexedByExtensions" : [ ],
      "separateApplyingIndexesVisibleTime" : 24988416
    }, {
      "providerName" : "Library Gradle: junit:junit:4.13.2 (#1 class roots, #1 source roots)",
      "totalNumberOfIndexedFiles" : 222,
      "totalNumberOfFilesFullyIndexedByExtensions" : 0,
      "totalNumberOfNothingToWriteFiles" : 0,
      "totalIndexingVisibleTime" : 32631553,
      "contentLoadingVisibleTime" : 3210070,
      "numberOfTooLargeForIndexingFiles" : 0,
      "slowIndexedFiles" : [ ],
      "filesFullyIndexedByExtensions" : [ ],
      "separateApplyingIndexesVisibleTime" : 14676459
    }, {
      "providerName" : "Library Gradle: com.google.code.gson:gson:2.8.9 (#1 class roots, #1 source roots)",
      "totalNumberOfIndexedFiles" : 80,
      "totalNumberOfFilesFullyIndexedByExtensions" : 0,
      "totalNumberOfNothingToWriteFiles" : 0,
      "totalIndexingVisibleTime" : 18021333,
      "contentLoadingVisibleTime" : 796250,
      "numberOfTooLargeForIndexingFiles" : 0,
      "slowIndexedFiles" : [ ],
      "filesFullyIndexedByExtensions" : [ ],
      "separateApplyingIndexesVisibleTime" : 9014577
    }, {
      "providerName" : "Library Gradle: commons-logging:commons-logging:1.2 (#1 class roots, #1 source roots)",
      "totalNumberOfIndexedFiles" : 20,
      "totalNumberOfFilesFullyIndexedByExtensions" : 0,
      "totalNumberOfNothingToWriteFiles" : 0,
      "totalIndexingVisibleTime" : 10600778,
      "contentLoadingVisibleTime" : 508477,
      "numberOfTooLargeForIndexingFiles" : 0,
      "slowIndexedFiles" : [ ],
      "filesFullyIndexedByExtensions" : [ ],
      "separateApplyingIndexesVisibleTime" : 3479508
    }, {
      "providerName" : "Library Gradle: org.assertj:assertj-swing-junit:3.17.1 (#1 class roots, #1 source roots)",
      "totalNumberOfIndexedFiles" : 41,
      "totalNumberOfFilesFullyIndexedByExtensions" : 0,
      "totalNumberOfNothingToWriteFiles" : 0,
      "totalIndexingVisibleTime" : 9902126,
      "contentLoadingVisibleTime" : 772679,
      "numberOfTooLargeForIndexingFiles" : 0,
      "slowIndexedFiles" : [ ],
      "filesFullyIndexedByExtensions" : [ ],
      "separateApplyingIndexesVisibleTime" : 4314523
    }, {
      "providerName" : "Library Gradle: org.easytesting:fest-reflect:1.4.1 (#1 class roots, #1 source roots)",
      "totalNumberOfIndexedFiles" : 48,
      "totalNumberOfFilesFullyIndexedByExtensions" : 0,
      "totalNumberOfNothingToWriteFiles" : 0,
      "totalIndexingVisibleTime" : 9363924,
      "contentLoadingVisibleTime" : 590756,
      "numberOfTooLargeForIndexingFiles" : 0,
      "slowIndexedFiles" : [ ],
      "filesFullyIndexedByExtensions" : [ ],
      "separateApplyingIndexesVisibleTime" : 3877644
    }, {
      "providerName" : "Library Gradle: org.hamcrest:hamcrest-core:1.3 (#1 class roots, #1 source roots)",
      "totalNumberOfIndexedFiles" : 41,
      "totalNumberOfFilesFullyIndexedByExtensions" : 0,
      "totalNumberOfNothingToWriteFiles" : 0,
      "totalIndexingVisibleTime" : 4654470,
      "contentLoadingVisibleTime" : 269993,
      "numberOfTooLargeForIndexingFiles" : 0,
      "slowIndexedFiles" : [ ],
      "filesFullyIndexedByExtensions" : [ ],
      "separateApplyingIndexesVisibleTime" : 2287894
    }, {
      "providerName" : "Library Gradle: org.easytesting:fest-util:1.2.5 (#1 class roots, #1 source roots)",
      "totalNumberOfIndexedFiles" : 28,
      "totalNumberOfFilesFullyIndexedByExtensions" : 0,
      "totalNumberOfNothingToWriteFiles" : 0,
      "totalIndexingVisibleTime" : 4119562,
      "contentLoadingVisibleTime" : 266138,
      "numberOfTooLargeForIndexingFiles" : 0,
      "slowIndexedFiles" : [ ],
      "filesFullyIndexedByExtensions" : [ ],
      "separateApplyingIndexesVisibleTime" : 2191291
    }, {
      "providerName" : "Module 'Parking_Lot.Topics-Inheritance-Create_a_child_class.main' (all roots)",
      "totalNumberOfIndexedFiles" : 1,
      "totalNumberOfFilesFullyIndexedByExtensions" : 0,
      "totalNumberOfNothingToWriteFiles" : 0,
      "totalIndexingVisibleTime" : 1226727,
      "contentLoadingVisibleTime" : 6229,
      "numberOfTooLargeForIndexingFiles" : 0,
      "slowIndexedFiles" : [ ],
      "filesFullyIndexedByExtensions" : [ ],
      "separateApplyingIndexesVisibleTime" : 348879
    }, {
      "providerName" : "Module 'Parking_Lot.Topics-Inheritance-Theory.main' (all roots)",
      "totalNumberOfIndexedFiles" : 1,
      "totalNumberOfFilesFullyIndexedByExtensions" : 0,
      "totalNumberOfNothingToWriteFiles" : 0,
      "totalIndexingVisibleTime" : 193873,
      "contentLoadingVisibleTime" : 3792,
      "numberOfTooLargeForIndexingFiles" : 0,
      "slowIndexedFiles" : [ ],
      "filesFullyIndexedByExtensions" : [ ],
      "separateApplyingIndexesVisibleTime" : 72985
    }, {
      "providerName" : "Module 'Parking_Lot.Topics-Inheritance-Constructing_a_hierarchy.main' (all roots)",
      "totalNumberOfIndexedFiles" : 1,
      "totalNumberOfFilesFullyIndexedByExtensions" : 0,
      "totalNumberOfNothingToWriteFiles" : 0,
      "totalIndexingVisibleTime" : 99259,
      "contentLoadingVisibleTime" : 5485,
      "numberOfTooLargeForIndexingFiles" : 0,
      "slowIndexedFiles" : [ ],
      "filesFullyIndexedByExtensions" : [ ],
      "separateApplyingIndexesVisibleTime" : 28821
    }, {
      "providerName" : "Refreshed files",
      "totalNumberOfIndexedFiles" : 0,
      "totalNumberOfFilesFullyIndexedByExtensions" : 0,
      "totalNumberOfNothingToWriteFiles" : 0,
      "totalIndexingVisibleTime" : 0,
      "contentLoadingVisibleTime" : 0,
      "numberOfTooLargeForIndexingFiles" : 0,
      "slowIndexedFiles" : [ ],
      "filesFullyIndexedByExtensions" : [ ],
      "separateApplyingIndexesVisibleTime" : 0
    } ],
    "visibleTimeToAllThreadTimeRatio" : 0.0
  }
}