{
  "appInfo" : {
    "build" : "233.13135.103",
    "buildDate" : "2023-12-20T05:05:00Z[UTC]",
    "productCode" : "IU",
    "generated" : "2024-02-02T21:49:10.412381Z",
    "os" : "macOS 14.3",
    "runtime" : "JetBrains s.r.o. 17.0.9 17.0.9+7-b1087.9"
  },
  "runtimeInfo" : {
    "maxMemory" : 2147483648,
    "numberOfProcessors" : 10,
    "maxNumberOfIndexingThreads" : 9,
    "maxSizeOfFileForIntelliSense" : 2560000,
    "maxSizeOfFileForContentLoading" : 20971520
  },
  "type" : "DumbIndexing",
  "projectIndexingActivityHistory" : {
    "projectName" : "Parking Lot",
    "times" : {
      "scanningIds" : [ ],
      "contentLoadingVisibleTime" : 453583,
      "retrievingChangedDuringIndexingFilesTime" : 61416,
      "separateApplyingIndexesVisibleTime" : 4139483,
      "updatingStart" : "2024-02-02T21:49:10.372583Z",
      "updatingEnd" : "2024-02-02T21:49:10.411494Z",
      "totalWallTimeWithPauses" : 38906916,
      "wallTimeOnPause" : 0,
      "wasInterrupted" : false,
      "dumbModeStart" : "2024-02-02T21:49:10.372583Z",
      "dumbWallTimeWithPauses" : 38906916,
      "dumbWallTimeWithoutPauses" : 38906916,
      "totalWallTimeWithoutPauses" : 38906916
    },
    "fileCount" : {
      "numberOfChangedDuringIndexingFiles" : 23,
      "numberOfFilesIndexedByInfrastructureExtensionsDuringIndexingStage" : 0,
      "numberOfFilesIndexedWithLoadingContent" : 23,
      "numberOfNothingToWriteFiles" : 0
    },
    "totalStatsPerFileType" : [ {
      "fileType" : "HTML",
      "partOfTotalProcessingTime" : {
        "part" : 34898040,
        "total" : 74529618
      },
      "partOfTotalContentLoadingTime" : {
        "part" : 447125,
        "total" : 2291128
      },
      "totalNumberOfFiles" : 3,
      "totalFilesSize" : 7925,
      "totalProcessingSpeed" : {
        "totalBytes" : 7925,
        "totalCpuTime" : 34898040
      },
      "biggestContributors" : [ {
        "providerName" : "Refreshed files",
        "numberOfFiles" : 3,
        "totalFilesSize" : 7925,
        "partOfTotalProcessingTimeOfThisFileType" : {
          "part" : 34898040,
          "total" : 34898040
        }
      } ]
    }, {
      "fileType" : "YAML",
      "partOfTotalProcessingTime" : {
        "part" : 15135122,
        "total" : 74529618
      },
      "partOfTotalContentLoadingTime" : {
        "part" : 321960,
        "total" : 2291128
      },
      "totalNumberOfFiles" : 7,
      "totalFilesSize" : 4601,
      "totalProcessingSpeed" : {
        "totalBytes" : 4601,
        "totalCpuTime" : 15135122
      },
      "biggestContributors" : [ {
        "providerName" : "Refreshed files",
        "numberOfFiles" : 7,
        "totalFilesSize" : 4601,
        "partOfTotalProcessingTimeOfThisFileType" : {
          "part" : 15135122,
          "total" : 15135122
        }
      } ]
    }, {
      "fileType" : "CLASS",
      "partOfTotalProcessingTime" : {
        "part" : 9116166,
        "total" : 74529618
      },
      "partOfTotalContentLoadingTime" : {
        "part" : 522501,
        "total" : 2291128
      },
      "totalNumberOfFiles" : 7,
      "totalFilesSize" : 29213,
      "totalProcessingSpeed" : {
        "totalBytes" : 29213,
        "totalCpuTime" : 9116166
      },
      "biggestContributors" : [ {
        "providerName" : "Refreshed files",
        "numberOfFiles" : 7,
        "totalFilesSize" : 29213,
        "partOfTotalProcessingTimeOfThisFileType" : {
          "part" : 9116166,
          "total" : 9116166
        }
      } ]
    }, {
      "fileType" : "XML",
      "partOfTotalProcessingTime" : {
        "part" : 7017666,
        "total" : 74529618
      },
      "partOfTotalContentLoadingTime" : {
        "part" : 52375,
        "total" : 2291128
      },
      "totalNumberOfFiles" : 1,
      "totalFilesSize" : 1840,
      "totalProcessingSpeed" : {
        "totalBytes" : 1840,
        "totalCpuTime" : 7017666
      },
      "biggestContributors" : [ {
        "providerName" : "Refreshed files",
        "numberOfFiles" : 1,
        "totalFilesSize" : 1840,
        "partOfTotalProcessingTimeOfThisFileType" : {
          "part" : 7017666,
          "total" : 7017666
        }
      } ]
    }, {
      "fileType" : "UNKNOWN",
      "partOfTotalProcessingTime" : {
        "part" : 6389416,
        "total" : 74529618
      },
      "partOfTotalContentLoadingTime" : {
        "part" : 496375,
        "total" : 2291128
      },
      "totalNumberOfFiles" : 3,
      "totalFilesSize" : 0,
      "totalProcessingSpeed" : {
        "totalBytes" : 0,
        "totalCpuTime" : 6389416
      },
      "biggestContributors" : [ {
        "providerName" : "Refreshed files",
        "numberOfFiles" : 3,
        "totalFilesSize" : 0,
        "partOfTotalProcessingTimeOfThisFileType" : {
          "part" : 6389416,
          "total" : 6389416
        }
      } ]
    }, {
      "fileType" : "kotlin_module",
      "partOfTotalProcessingTime" : {
        "part" : 1973208,
        "total" : 74529618
      },
      "partOfTotalContentLoadingTime" : {
        "part" : 450792,
        "total" : 2291128
      },
      "totalNumberOfFiles" : 2,
      "totalFilesSize" : 86,
      "totalProcessingSpeed" : {
        "totalBytes" : 86,
        "totalCpuTime" : 1973208
      },
      "biggestContributors" : [ {
        "providerName" : "Refreshed files",
        "numberOfFiles" : 2,
        "totalFilesSize" : 86,
        "partOfTotalProcessingTimeOfThisFileType" : {
          "part" : 1973208,
          "total" : 1973208
        }
      } ]
    } ],
    "totalStatsPerBaseLanguage" : [ {
      "language" : "XML",
      "partOfTotalProcessingTime" : {
        "part" : 41915706,
        "total" : 74529618
      },
      "partOfTotalContentLoadingTime" : {
        "part" : 2738253,
        "total" : 2291128
      },
      "totalNumberOfFiles" : 4,
      "totalFilesSize" : 9765,
      "totalProcessingSpeed" : {
        "totalBytes" : 9765,
        "totalCpuTime" : 41915706
      }
    }, {
      "language" : "HTML",
      "partOfTotalProcessingTime" : {
        "part" : 34898040,
        "total" : 74529618
      },
      "partOfTotalContentLoadingTime" : {
        "part" : 2738253,
        "total" : 2291128
      },
      "totalNumberOfFiles" : 3,
      "totalFilesSize" : 7925,
      "totalProcessingSpeed" : {
        "totalBytes" : 7925,
        "totalCpuTime" : 34898040
      }
    }, {
      "language" : "yaml",
      "partOfTotalProcessingTime" : {
        "part" : 15135122,
        "total" : 74529618
      },
      "partOfTotalContentLoadingTime" : {
        "part" : 2613088,
        "total" : 2291128
      },
      "totalNumberOfFiles" : 7,
      "totalFilesSize" : 4601,
      "totalProcessingSpeed" : {
        "totalBytes" : 4601,
        "totalCpuTime" : 15135122
      }
    } ],
    "totalStatsPerIndexer" : [ {
      "indexId" : "js.implicit.elements.index",
      "partOfTotalIndexingTime" : {
        "part" : 12465667,
        "total" : 48292458
      },
      "totalNumberOfFiles" : 3,
      "totalNumberOfFilesIndexedByExtensions" : 0,
      "totalFilesSize" : 7925,
      "indexValueChangerEvaluationSpeed" : {
        "totalBytes" : 7925,
        "totalCpuTime" : 12465667
      }
    }, {
      "indexId" : "IdIndex",
      "partOfTotalIndexingTime" : {
        "part" : 6389791,
        "total" : 48292458
      },
      "totalNumberOfFiles" : 11,
      "totalNumberOfFilesIndexedByExtensions" : 0,
      "totalFilesSize" : 14366,
      "indexValueChangerEvaluationSpeed" : {
        "totalBytes" : 14366,
        "totalCpuTime" : 6389791
      }
    }, {
      "indexId" : "yaml.keys.name",
      "partOfTotalIndexingTime" : {
        "part" : 5684001,
        "total" : 48292458
      },
      "totalNumberOfFiles" : 7,
      "totalNumberOfFilesIndexedByExtensions" : 0,
      "totalFilesSize" : 4601,
      "indexValueChangerEvaluationSpeed" : {
        "totalBytes" : 4601,
        "totalCpuTime" : 5684001
      }
    }, {
      "indexId" : "CssIndex",
      "partOfTotalIndexingTime" : {
        "part" : 4986374,
        "total" : 48292458
      },
      "totalNumberOfFiles" : 3,
      "totalNumberOfFilesIndexedByExtensions" : 0,
      "totalFilesSize" : 7925,
      "indexValueChangerEvaluationSpeed" : {
        "totalBytes" : 7925,
        "totalCpuTime" : 4986374
      }
    }, {
      "indexId" : "Stubs",
      "partOfTotalIndexingTime" : {
        "part" : 4435625,
        "total" : 48292458
      },
      "totalNumberOfFiles" : 11,
      "totalNumberOfFilesIndexedByExtensions" : 0,
      "totalFilesSize" : 38978,
      "indexValueChangerEvaluationSpeed" : {
        "totalBytes" : 38978,
        "totalCpuTime" : 4435625
      }
    }, {
      "indexId" : "html5.custom.attributes.index",
      "partOfTotalIndexingTime" : {
        "part" : 4009125,
        "total" : 48292458
      },
      "totalNumberOfFiles" : 3,
      "totalNumberOfFilesIndexedByExtensions" : 0,
      "totalFilesSize" : 7925,
      "indexValueChangerEvaluationSpeed" : {
        "totalBytes" : 7925,
        "totalCpuTime" : 4009125
      }
    }, {
      "indexId" : "fileIncludes",
      "partOfTotalIndexingTime" : {
        "part" : 1541083,
        "total" : 48292458
      },
      "totalNumberOfFiles" : 4,
      "totalNumberOfFilesIndexedByExtensions" : 0,
      "totalFilesSize" : 9765,
      "indexValueChangerEvaluationSpeed" : {
        "totalBytes" : 9765,
        "totalCpuTime" : 1541083
      }
    }, {
      "indexId" : "css.template.selectors",
      "partOfTotalIndexingTime" : {
        "part" : 987541,
        "total" : 48292458
      },
      "totalNumberOfFiles" : 3,
      "totalNumberOfFilesIndexedByExtensions" : 0,
      "totalFilesSize" : 7925,
      "indexValueChangerEvaluationSpeed" : {
        "totalBytes" : 7925,
        "totalCpuTime" : 987541
      }
    }, {
      "indexId" : "angularjs.template.cache",
      "partOfTotalIndexingTime" : {
        "part" : 849626,
        "total" : 48292458
      },
      "totalNumberOfFiles" : 3,
      "totalNumberOfFilesIndexedByExtensions" : 0,
      "totalFilesSize" : 7925,
      "indexValueChangerEvaluationSpeed" : {
        "totalBytes" : 7925,
        "totalCpuTime" : 849626
      }
    }, {
      "indexId" : "WebComponentsIndex",
      "partOfTotalIndexingTime" : {
        "part" : 755584,
        "total" : 48292458
      },
      "totalNumberOfFiles" : 3,
      "totalNumberOfFilesIndexedByExtensions" : 0,
      "totalFilesSize" : 7925,
      "indexValueChangerEvaluationSpeed" : {
        "totalBytes" : 7925,
        "totalCpuTime" : 755584
      }
    }, {
      "indexId" : "angularjs.ui.router.views.index",
      "partOfTotalIndexingTime" : {
        "part" : 715374,
        "total" : 48292458
      },
      "totalNumberOfFiles" : 3,
      "totalNumberOfFilesIndexedByExtensions" : 0,
      "totalFilesSize" : 7925,
      "indexValueChangerEvaluationSpeed" : {
        "totalBytes" : 7925,
        "totalCpuTime" : 715374
      }
    }, {
      "indexId" : "angularjs.app.index",
      "partOfTotalIndexingTime" : {
        "part" : 689542,
        "total" : 48292458
      },
      "totalNumberOfFiles" : 3,
      "totalNumberOfFilesIndexedByExtensions" : 0,
      "totalFilesSize" : 7925,
      "indexValueChangerEvaluationSpeed" : {
        "totalBytes" : 7925,
        "totalCpuTime" : 689542
      }
    }, {
      "indexId" : "org.jetbrains.kotlin.idea.vfilefinder.KotlinModuleMappingIndex",
      "partOfTotalIndexingTime" : {
        "part" : 549500,
        "total" : 48292458
      },
      "totalNumberOfFiles" : 2,
      "totalNumberOfFilesIndexedByExtensions" : 0,
      "totalFilesSize" : 86,
      "indexValueChangerEvaluationSpeed" : {
        "totalBytes" : 86,
        "totalCpuTime" : 549500
      }
    }, {
      "indexId" : "HtmlTagIdIndex",
      "partOfTotalIndexingTime" : {
        "part" : 536792,
        "total" : 48292458
      },
      "totalNumberOfFiles" : 3,
      "totalNumberOfFilesIndexedByExtensions" : 0,
      "totalFilesSize" : 7925,
      "indexValueChangerEvaluationSpeed" : {
        "totalBytes" : 7925,
        "totalCpuTime" : 536792
      }
    }, {
      "indexId" : "bytecodeAnalysis",
      "partOfTotalIndexingTime" : {
        "part" : 484084,
        "total" : 48292458
      },
      "totalNumberOfFiles" : 7,
      "totalNumberOfFilesIndexedByExtensions" : 0,
      "totalFilesSize" : 29213,
      "indexValueChangerEvaluationSpeed" : {
        "totalBytes" : 29213,
        "totalCpuTime" : 484084
      }
    }, {
      "indexId" : "SwReferencesIndex",
      "partOfTotalIndexingTime" : {
        "part" : 466626,
        "total" : 48292458
      },
      "totalNumberOfFiles" : 7,
      "totalNumberOfFilesIndexedByExtensions" : 0,
      "totalFilesSize" : 4601,
      "indexValueChangerEvaluationSpeed" : {
        "totalBytes" : 4601,
        "totalCpuTime" : 466626
      }
    }, {
      "indexId" : "HtmlScriptSrcIndex",
      "partOfTotalIndexingTime" : {
        "part" : 440125,
        "total" : 48292458
      },
      "totalNumberOfFiles" : 3,
      "totalNumberOfFilesIndexedByExtensions" : 0,
      "totalFilesSize" : 7925,
      "indexValueChangerEvaluationSpeed" : {
        "totalBytes" : 7925,
        "totalCpuTime" : 440125
      }
    }, {
      "indexId" : "org.jetbrains.kotlin.idea.vfilefinder.KotlinClassFileIndex",
      "partOfTotalIndexingTime" : {
        "part" : 420083,
        "total" : 48292458
      },
      "totalNumberOfFiles" : 7,
      "totalNumberOfFilesIndexedByExtensions" : 0,
      "totalFilesSize" : 29213,
      "indexValueChangerEvaluationSpeed" : {
        "totalBytes" : 29213,
        "totalCpuTime" : 420083
      }
    }, {
      "indexId" : "OpenapiSpecificationContentIndexer",
      "partOfTotalIndexingTime" : {
        "part" : 395666,
        "total" : 48292458
      },
      "totalNumberOfFiles" : 7,
      "totalNumberOfFilesIndexedByExtensions" : 0,
      "totalFilesSize" : 4601,
      "indexValueChangerEvaluationSpeed" : {
        "totalBytes" : 4601,
        "totalCpuTime" : 395666
      }
    }, {
      "indexId" : "org.jetbrains.kotlin.idea.versions.KotlinJvmMetadataVersionIndex",
      "partOfTotalIndexingTime" : {
        "part" : 300291,
        "total" : 48292458
      },
      "totalNumberOfFiles" : 7,
      "totalNumberOfFilesIndexedByExtensions" : 0,
      "totalFilesSize" : 29213,
      "indexValueChangerEvaluationSpeed" : {
        "totalBytes" : 29213,
        "totalCpuTime" : 300291
      }
    }, {
      "indexId" : "Trigram.Index",
      "partOfTotalIndexingTime" : {
        "part" : 255832,
        "total" : 48292458
      },
      "totalNumberOfFiles" : 11,
      "totalNumberOfFilesIndexedByExtensions" : 0,
      "totalFilesSize" : 14366,
      "indexValueChangerEvaluationSpeed" : {
        "totalBytes" : 14366,
        "totalCpuTime" : 255832
      }
    }, {
      "indexId" : "docker.compose.services",
      "partOfTotalIndexingTime" : {
        "part" : 187791,
        "total" : 48292458
      },
      "totalNumberOfFiles" : 7,
      "totalNumberOfFilesIndexedByExtensions" : 0,
      "totalFilesSize" : 4601,
      "indexValueChangerEvaluationSpeed" : {
        "totalBytes" : 4601,
        "totalCpuTime" : 187791
      }
    }, {
      "indexId" : "FrameworkDetectionIndex",
      "partOfTotalIndexingTime" : {
        "part" : 109541,
        "total" : 48292458
      },
      "totalNumberOfFiles" : 1,
      "totalNumberOfFilesIndexedByExtensions" : 0,
      "totalFilesSize" : 1840,
      "indexValueChangerEvaluationSpeed" : {
        "totalBytes" : 1840,
        "totalCpuTime" : 109541
      }
    }, {
      "indexId" : "DomFileIndex",
      "partOfTotalIndexingTime" : {
        "part" : 109417,
        "total" : 48292458
      },
      "totalNumberOfFiles" : 1,
      "totalNumberOfFilesIndexedByExtensions" : 0,
      "totalFilesSize" : 1840,
      "indexValueChangerEvaluationSpeed" : {
        "totalBytes" : 1840,
        "totalCpuTime" : 109417
      }
    }, {
      "indexId" : "org.jetbrains.kotlin.idea.vfilefinder.KotlinPartialPackageNamesIndex",
      "partOfTotalIndexingTime" : {
        "part" : 96000,
        "total" : 48292458
      },
      "totalNumberOfFiles" : 7,
      "totalNumberOfFilesIndexedByExtensions" : 0,
      "totalFilesSize" : 29213,
      "indexValueChangerEvaluationSpeed" : {
        "totalBytes" : 29213,
        "totalCpuTime" : 96000
      }
    }, {
      "indexId" : "org.jetbrains.kotlin.idea.base.indices.names.KotlinTopLevelCallableByPackageShortNameIndex",
      "partOfTotalIndexingTime" : {
        "part" : 84333,
        "total" : 48292458
      },
      "totalNumberOfFiles" : 7,
      "totalNumberOfFilesIndexedByExtensions" : 0,
      "totalFilesSize" : 29213,
      "indexValueChangerEvaluationSpeed" : {
        "totalBytes" : 29213,
        "totalCpuTime" : 84333
      }
    }, {
      "indexId" : "org.jetbrains.kotlin.idea.vfilefinder.KotlinJvmModuleAnnotationsIndex",
      "partOfTotalIndexingTime" : {
        "part" : 57167,
        "total" : 48292458
      },
      "totalNumberOfFiles" : 2,
      "totalNumberOfFilesIndexedByExtensions" : 0,
      "totalFilesSize" : 86,
      "indexValueChangerEvaluationSpeed" : {
        "totalBytes" : 86,
        "totalCpuTime" : 57167
      }
    }, {
      "indexId" : "org.jetbrains.kotlin.idea.base.indices.names.KotlinTopLevelClassLikeDeclarationByPackageShortNameIndex",
      "partOfTotalIndexingTime" : {
        "part" : 57126,
        "total" : 48292458
      },
      "totalNumberOfFiles" : 7,
      "totalNumberOfFilesIndexedByExtensions" : 0,
      "totalFilesSize" : 29213,
      "indexValueChangerEvaluationSpeed" : {
        "totalBytes" : 29213,
        "totalCpuTime" : 57126
      }
    }, {
      "indexId" : "org.jetbrains.kotlin.idea.vfilefinder.KotlinShortClassNameFileIndex",
      "partOfTotalIndexingTime" : {
        "part" : 51417,
        "total" : 48292458
      },
      "totalNumberOfFiles" : 7,
      "totalNumberOfFilesIndexedByExtensions" : 0,
      "totalFilesSize" : 29213,
      "indexValueChangerEvaluationSpeed" : {
        "totalBytes" : 29213,
        "totalCpuTime" : 51417
      }
    }, {
      "indexId" : "RelaxSymbolIndex",
      "partOfTotalIndexingTime" : {
        "part" : 40667,
        "total" : 48292458
      },
      "totalNumberOfFiles" : 1,
      "totalNumberOfFilesIndexedByExtensions" : 0,
      "totalFilesSize" : 1840,
      "indexValueChangerEvaluationSpeed" : {
        "totalBytes" : 1840,
        "totalCpuTime" : 40667
      }
    }, {
      "indexId" : "taglibUris",
      "partOfTotalIndexingTime" : {
        "part" : 38583,
        "total" : 48292458
      },
      "totalNumberOfFiles" : 1,
      "totalNumberOfFilesIndexedByExtensions" : 0,
      "totalFilesSize" : 1840,
      "indexValueChangerEvaluationSpeed" : {
        "totalBytes" : 1840,
        "totalCpuTime" : 38583
      }
    }, {
      "indexId" : "SpringXmlBeansIndex",
      "partOfTotalIndexingTime" : {
        "part" : 38375,
        "total" : 48292458
      },
      "totalNumberOfFiles" : 1,
      "totalNumberOfFilesIndexedByExtensions" : 0,
      "totalFilesSize" : 1840,
      "indexValueChangerEvaluationSpeed" : {
        "totalBytes" : 1840,
        "totalCpuTime" : 38375
      }
    }, {
      "indexId" : "XsltSymbolIndex",
      "partOfTotalIndexingTime" : {
        "part" : 27875,
        "total" : 48292458
      },
      "totalNumberOfFiles" : 1,
      "totalNumberOfFilesIndexedByExtensions" : 0,
      "totalFilesSize" : 1840,
      "indexValueChangerEvaluationSpeed" : {
        "totalBytes" : 1840,
        "totalCpuTime" : 27875
      }
    }, {
      "indexId" : "xmlProperties",
      "partOfTotalIndexingTime" : {
        "part" : 24542,
        "total" : 48292458
      },
      "totalNumberOfFiles" : 1,
      "totalNumberOfFilesIndexedByExtensions" : 0,
      "totalFilesSize" : 1840,
      "indexValueChangerEvaluationSpeed" : {
        "totalBytes" : 1840,
        "totalCpuTime" : 24542
      }
    }, {
      "indexId" : "js.custom.single.entry.index",
      "partOfTotalIndexingTime" : {
        "part" : 11292,
        "total" : 48292458
      },
      "totalNumberOfFiles" : 3,
      "totalNumberOfFilesIndexedByExtensions" : 0,
      "totalFilesSize" : 7925,
      "indexValueChangerEvaluationSpeed" : {
        "totalBytes" : 7925,
        "totalCpuTime" : 11292
      }
    } ],
    "statisticsOfChangedDuringIndexingFiles" : {
      "numberOfFiles" : 23,
      "retrievingTime" : 61416
    },
    "fileProviderStatistics" : [ {
      "providerName" : "Refreshed files",
      "totalNumberOfIndexedFiles" : 23,
      "totalNumberOfFilesFullyIndexedByExtensions" : 0,
      "totalNumberOfNothingToWriteFiles" : 0,
      "totalIndexingVisibleTime" : 14754917,
      "contentLoadingVisibleTime" : 453583,
      "numberOfTooLargeForIndexingFiles" : 0,
      "slowIndexedFiles" : [ ],
      "filesFullyIndexedByExtensions" : [ ],
      "separateApplyingIndexesVisibleTime" : 4139483
    } ],
    "visibleTimeToAllThreadTimeRatio" : 0.19797387127356536
  }
}