{
  "appInfo" : {
    "build" : "233.13135.103",
    "buildDate" : "2023-12-20T05:05:00Z[UTC]",
    "productCode" : "IU",
    "generated" : "2024-02-03T01:55:57.630508Z",
    "os" : "macOS 14.3",
    "runtime" : "JetBrains s.r.o. 17.0.9 17.0.9+7-b1087.9"
  },
  "runtimeInfo" : {
    "maxMemory" : 2147483648,
    "numberOfProcessors" : 10,
    "maxNumberOfIndexingThreads" : 9,
    "maxSizeOfFileForIntelliSense" : 2560000,
    "maxSizeOfFileForContentLoading" : 20971520
  },
  "type" : "DumbIndexing",
  "projectIndexingActivityHistory" : {
    "projectName" : "Parking Lot",
    "times" : {
      "scanningIds" : [ ],
      "contentLoadingVisibleTime" : 307598,
      "retrievingChangedDuringIndexingFilesTime" : 1275875,
      "separateApplyingIndexesVisibleTime" : 216269,
      "updatingStart" : "2024-02-03T01:55:57.595324Z",
      "updatingEnd" : "2024-02-03T01:55:57.624468Z",
      "totalWallTimeWithPauses" : 29139292,
      "wallTimeOnPause" : 0,
      "wasInterrupted" : false,
      "dumbModeStart" : "2024-02-03T01:55:57.595324Z",
      "dumbWallTimeWithPauses" : 29139292,
      "dumbWallTimeWithoutPauses" : 29139292,
      "totalWallTimeWithoutPauses" : 29139292
    },
    "fileCount" : {
      "numberOfChangedDuringIndexingFiles" : 46,
      "numberOfFilesIndexedByInfrastructureExtensionsDuringIndexingStage" : 0,
      "numberOfFilesIndexedWithLoadingContent" : 46,
      "numberOfNothingToWriteFiles" : 0
    },
    "totalStatsPerFileType" : [ {
      "fileType" : "UNKNOWN",
      "partOfTotalProcessingTime" : {
        "part" : 4604201,
        "total" : 4604201
      },
      "partOfTotalContentLoadingTime" : {
        "part" : 339038,
        "total" : 339038
      },
      "totalNumberOfFiles" : 46,
      "totalFilesSize" : 0,
      "totalProcessingSpeed" : {
        "totalBytes" : 0,
        "totalCpuTime" : 4604201
      },
      "biggestContributors" : [ {
        "providerName" : "Refreshed files",
        "numberOfFiles" : 46,
        "totalFilesSize" : 0,
        "partOfTotalProcessingTimeOfThisFileType" : {
          "part" : 4604201,
          "total" : 4604201
        }
      } ]
    } ],
    "totalStatsPerBaseLanguage" : [ ],
    "totalStatsPerIndexer" : [ ],
    "statisticsOfChangedDuringIndexingFiles" : {
      "numberOfFiles" : 46,
      "retrievingTime" : 1275875
    },
    "fileProviderStatistics" : [ {
      "providerName" : "Refreshed files",
      "totalNumberOfIndexedFiles" : 46,
      "totalNumberOfFilesFullyIndexedByExtensions" : 0,
      "totalNumberOfNothingToWriteFiles" : 0,
      "totalIndexingVisibleTime" : 4177250,
      "contentLoadingVisibleTime" : 307598,
      "numberOfTooLargeForIndexingFiles" : 0,
      "slowIndexedFiles" : [ ],
      "filesFullyIndexedByExtensions" : [ ],
      "separateApplyingIndexesVisibleTime" : 216269
    } ],
    "visibleTimeToAllThreadTimeRatio" : 0.9072692525804151
  }
}