{
  "appInfo" : {
    "build" : "233.13135.103",
    "buildDate" : "2023-12-20T05:05:00Z[UTC]",
    "productCode" : "IU",
    "generated" : "2024-01-12T03:45:26.186971Z",
    "os" : "macOS 14.2.1",
    "runtime" : "JetBrains s.r.o. 17.0.9 17.0.9+7-b1087.9"
  },
  "runtimeInfo" : {
    "maxMemory" : 2147483648,
    "numberOfProcessors" : 10,
    "maxNumberOfIndexingThreads" : 9,
    "maxSizeOfFileForIntelliSense" : 2560000,
    "maxSizeOfFileForContentLoading" : 20971520
  },
  "type" : "DumbIndexing",
  "projectIndexingActivityHistory" : {
    "projectName" : "Parking Lot",
    "times" : {
      "scanningIds" : [ 2, 3 ],
      "contentLoadingVisibleTime" : 683338505,
      "retrievingChangedDuringIndexingFilesTime" : 64375,
      "separateApplyingIndexesVisibleTime" : 1177608734,
      "updatingStart" : "2024-01-12T03:45:21.290593Z",
      "updatingEnd" : "2024-01-12T03:45:26.186709Z",
      "totalWallTimeWithPauses" : 4896184000,
      "wallTimeOnPause" : 0,
      "wasInterrupted" : false,
      "dumbWallTimeWithoutPauses" : 4896184000,
      "dumbModeStart" : "2024-01-12T03:45:21.290593Z",
      "dumbWallTimeWithPauses" : 4896184000,
      "totalWallTimeWithoutPauses" : 4896184000
    },
    "fileCount" : {
      "numberOfChangedDuringIndexingFiles" : 29,
      "numberOfFilesIndexedByInfrastructureExtensionsDuringIndexingStage" : 43484,
      "numberOfFilesIndexedWithLoadingContent" : 51534,
      "numberOfNothingToWriteFiles" : 29
    },
    "totalStatsPerFileType" : [ {
      "fileType" : "CLASS",
      "partOfTotalProcessingTime" : {
        "part" : 11037579756,
        "total" : 23291656747
      },
      "partOfTotalContentLoadingTime" : {
        "part" : 678349400,
        "total" : 3282428483
      },
      "totalNumberOfFiles" : 34478,
      "totalFilesSize" : 156233203,
      "totalProcessingSpeed" : {
        "totalBytes" : 156233203,
        "totalCpuTime" : 11037579756
      },
      "biggestContributors" : [ {
        "providerName" : "JDK temurin-21 /Library/Java/JavaVirtualMachines/temurin-21.jdk/Contents/Home",
        "numberOfFiles" : 28048,
        "totalFilesSize" : 133456631,
        "partOfTotalProcessingTimeOfThisFileType" : {
          "part" : 5265919828,
          "total" : 11037579756
        }
      }, {
        "providerName" : "Library Gradle: org.assertj:assertj-core:3.17.2 (#1 class roots, #0 source roots)",
        "numberOfFiles" : 3179,
        "totalFilesSize" : 12844170,
        "partOfTotalProcessingTimeOfThisFileType" : {
          "part" : 2464591700,
          "total" : 11037579756
        }
      }, {
        "providerName" : "Library Gradle: org.jetbrains.kotlin:kotlin-stdlib:1.6.10 (#1 class roots, #1 source roots)",
        "numberOfFiles" : 877,
        "totalFilesSize" : 3680967,
        "partOfTotalProcessingTimeOfThisFileType" : {
          "part" : 1263633941,
          "total" : 11037579756
        }
      }, {
        "providerName" : "Library Gradle: org.assertj:assertj-swing:3.17.1 (#1 class roots, #0 source roots)",
        "numberOfFiles" : 612,
        "totalFilesSize" : 1616736,
        "partOfTotalProcessingTimeOfThisFileType" : {
          "part" : 487819898,
          "total" : 11037579756
        }
      }, {
        "providerName" : "Library Gradle: com.google.code.gson:gson:2.8.9 (#1 class roots, #0 source roots)",
        "numberOfFiles" : 196,
        "totalFilesSize" : 491391,
        "partOfTotalProcessingTimeOfThisFileType" : {
          "part" : 359621121,
          "total" : 11037579756
        }
      }, {
        "providerName" : "Library Gradle: org.apache.httpcomponents:httpclient:4.5.13 (#1 class roots, #0 source roots)",
        "numberOfFiles" : 470,
        "totalFilesSize" : 1392141,
        "partOfTotalProcessingTimeOfThisFileType" : {
          "part" : 337855579,
          "total" : 11037579756
        }
      }, {
        "providerName" : "Library Gradle: org.easytesting:fest-util:1.2.5 (#1 class roots, #0 source roots)",
        "numberOfFiles" : 28,
        "totalFilesSize" : 53215,
        "partOfTotalProcessingTimeOfThisFileType" : {
          "part" : 207899503,
          "total" : 11037579756
        }
      }, {
        "providerName" : "Library Gradle: junit:junit:4.13.2 (#1 class roots, #0 source roots)",
        "numberOfFiles" : 350,
        "totalFilesSize" : 716717,
        "partOfTotalProcessingTimeOfThisFileType" : {
          "part" : 142620845,
          "total" : 11037579756
        }
      }, {
        "providerName" : "Library Gradle: org.apache.httpcomponents:httpcore:4.4.13 (#1 class roots, #0 source roots)",
        "numberOfFiles" : 253,
        "totalFilesSize" : 610263,
        "partOfTotalProcessingTimeOfThisFileType" : {
          "part" : 111266373,
          "total" : 11037579756
        }
      }, {
        "providerName" : "Library Gradle: com.github.hyperskill:hs-test:release-SNAPSHOT (#1 class roots, #0 source roots)",
        "numberOfFiles" : 162,
        "totalFilesSize" : 544017,
        "partOfTotalProcessingTimeOfThisFileType" : {
          "part" : 101186834,
          "total" : 11037579756
        }
      } ]
    }, {
      "fileType" : "JAVA",
      "partOfTotalProcessingTime" : {
        "part" : 7315448927,
        "total" : 23291656747
      },
      "partOfTotalContentLoadingTime" : {
        "part" : 2510061071,
        "total" : 3282428483
      },
      "totalNumberOfFiles" : 15768,
      "totalFilesSize" : 218038619,
      "totalProcessingSpeed" : {
        "totalBytes" : 218038619,
        "totalCpuTime" : 7315448927
      },
      "biggestContributors" : [ {
        "providerName" : "JDK temurin-21 /Library/Java/JavaVirtualMachines/temurin-21.jdk/Contents/Home",
        "numberOfFiles" : 15721,
        "totalFilesSize" : 217924351,
        "partOfTotalProcessingTimeOfThisFileType" : {
          "part" : 7217481475,
          "total" : 7315448927
        }
      }, {
        "providerName" : "Library Gradle: org.jetbrains:annotations:13.0 (#1 class roots, #1 source roots)",
        "numberOfFiles" : 16,
        "totalFilesSize" : 32246,
        "partOfTotalProcessingTimeOfThisFileType" : {
          "part" : 73928459,
          "total" : 7315448927
        }
      }, {
        "providerName" : "Library Gradle: org.jetbrains.kotlin:kotlin-stdlib:1.6.10 (#1 class roots, #1 source roots)",
        "numberOfFiles" : 31,
        "totalFilesSize" : 82022,
        "partOfTotalProcessingTimeOfThisFileType" : {
          "part" : 24038993,
          "total" : 7315448927
        }
      } ]
    }, {
      "fileType" : "Kotlin",
      "partOfTotalProcessingTime" : {
        "part" : 2835814543,
        "total" : 23291656747
      },
      "partOfTotalContentLoadingTime" : {
        "part" : 27364211,
        "total" : 3282428483
      },
      "totalNumberOfFiles" : 303,
      "totalFilesSize" : 3245699,
      "totalProcessingSpeed" : {
        "totalBytes" : 3245699,
        "totalCpuTime" : 2835814543
      },
      "biggestContributors" : [ {
        "providerName" : "Library Gradle: org.jetbrains.kotlin:kotlin-stdlib-common:1.6.10 (#1 class roots, #1 source roots)",
        "numberOfFiles" : 146,
        "totalFilesSize" : 2386838,
        "partOfTotalProcessingTimeOfThisFileType" : {
          "part" : 1570886904,
          "total" : 2835814543
        }
      }, {
        "providerName" : "Library Gradle: org.jetbrains.kotlin:kotlin-stdlib:1.6.10 (#1 class roots, #1 source roots)",
        "numberOfFiles" : 143,
        "totalFilesSize" : 784758,
        "partOfTotalProcessingTimeOfThisFileType" : {
          "part" : 1110467261,
          "total" : 2835814543
        }
      }, {
        "providerName" : "Library Gradle: org.jetbrains.kotlin:kotlin-stdlib-jdk8:1.6.10 (#1 class roots, #1 source roots)",
        "numberOfFiles" : 7,
        "totalFilesSize" : 10894,
        "partOfTotalProcessingTimeOfThisFileType" : {
          "part" : 59288709,
          "total" : 2835814543
        }
      }, {
        "providerName" : "Module 'Parking_Lot.Parking_Lot-task.main' (all roots)",
        "numberOfFiles" : 1,
        "totalFilesSize" : 2906,
        "partOfTotalProcessingTimeOfThisFileType" : {
          "part" : 47062708,
          "total" : 2835814543
        }
      }, {
        "providerName" : "Library Gradle: org.jetbrains.kotlin:kotlin-stdlib-jdk7:1.6.10 (#1 class roots, #1 source roots)",
        "numberOfFiles" : 5,
        "totalFilesSize" : 54257,
        "partOfTotalProcessingTimeOfThisFileType" : {
          "part" : 42310085,
          "total" : 2835814543
        }
      }, {
        "providerName" : "Module 'Parking_Lot.Parking_Lot-task.test' (all roots)",
        "numberOfFiles" : 1,
        "totalFilesSize" : 6046,
        "partOfTotalProcessingTimeOfThisFileType" : {
          "part" : 5798876,
          "total" : 2835814543
        }
      } ]
    }, {
      "fileType" : "kotlin_builtins",
      "partOfTotalProcessingTime" : {
        "part" : 963737095,
        "total" : 23291656747
      },
      "partOfTotalContentLoadingTime" : {
        "part" : 10935089,
        "total" : 3282428483
      },
      "totalNumberOfFiles" : 319,
      "totalFilesSize" : 386289,
      "totalProcessingSpeed" : {
        "totalBytes" : 386289,
        "totalCpuTime" : 963737095
      },
      "biggestContributors" : [ {
        "providerName" : "Library Gradle: org.jetbrains.kotlin:kotlin-stdlib-common:1.6.10 (#1 class roots, #1 source roots)",
        "numberOfFiles" : 312,
        "totalFilesSize" : 361930,
        "partOfTotalProcessingTimeOfThisFileType" : {
          "part" : 929727723,
          "total" : 963737095
        }
      }, {
        "providerName" : "Library Gradle: org.jetbrains.kotlin:kotlin-stdlib:1.6.10 (#1 class roots, #1 source roots)",
        "numberOfFiles" : 7,
        "totalFilesSize" : 24359,
        "partOfTotalProcessingTimeOfThisFileType" : {
          "part" : 34009372,
          "total" : 963737095
        }
      } ]
    }, {
      "fileType" : "Properties",
      "partOfTotalProcessingTime" : {
        "part" : 245107048,
        "total" : 23291656747
      },
      "partOfTotalContentLoadingTime" : {
        "part" : 13072457,
        "total" : 3282428483
      },
      "totalNumberOfFiles" : 220,
      "totalFilesSize" : 2056374,
      "totalProcessingSpeed" : {
        "totalBytes" : 2056374,
        "totalCpuTime" : 245107048
      },
      "biggestContributors" : [ {
        "providerName" : "JDK temurin-21 /Library/Java/JavaVirtualMachines/temurin-21.jdk/Contents/Home",
        "numberOfFiles" : 202,
        "totalFilesSize" : 2052412,
        "partOfTotalProcessingTimeOfThisFileType" : {
          "part" : 221289679,
          "total" : 245107048
        }
      }, {
        "providerName" : "Library Gradle: org.easytesting:fest-util:1.2.5 (#1 class roots, #0 source roots)",
        "numberOfFiles" : 1,
        "totalFilesSize" : 109,
        "partOfTotalProcessingTimeOfThisFileType" : {
          "part" : 11384250,
          "total" : 245107048
        }
      }, {
        "providerName" : "Library Gradle: org.assertj:assertj-swing:3.17.1 (#1 class roots, #0 source roots)",
        "numberOfFiles" : 4,
        "totalFilesSize" : 433,
        "partOfTotalProcessingTimeOfThisFileType" : {
          "part" : 2425122,
          "total" : 245107048
        }
      }, {
        "providerName" : "Library Gradle: org.apache.httpcomponents:httpclient:4.5.13 (#1 class roots, #0 source roots)",
        "numberOfFiles" : 2,
        "totalFilesSize" : 1374,
        "partOfTotalProcessingTimeOfThisFileType" : {
          "part" : 1721875,
          "total" : 245107048
        }
      }, {
        "providerName" : "Library Gradle: org.apache.httpcomponents:httpcore:4.4.13 (#1 class roots, #0 source roots)",
        "numberOfFiles" : 2,
        "totalFilesSize" : 1004,
        "partOfTotalProcessingTimeOfThisFileType" : {
          "part" : 1378375,
          "total" : 245107048
        }
      }, {
        "providerName" : "Module 'Parking_Lot' (all roots)",
        "numberOfFiles" : 1,
        "totalFilesSize" : 252,
        "partOfTotalProcessingTimeOfThisFileType" : {
          "part" : 1250999,
          "total" : 245107048
        }
      }, {
        "providerName" : "Library Gradle: org.assertj:assertj-swing-junit:3.17.1 (#1 class roots, #0 source roots)",
        "numberOfFiles" : 2,
        "totalFilesSize" : 212,
        "partOfTotalProcessingTimeOfThisFileType" : {
          "part" : 1140418,
          "total" : 245107048
        }
      }, {
        "providerName" : "Library Gradle: org.assertj:assertj-core:3.17.2 (#1 class roots, #0 source roots)",
        "numberOfFiles" : 1,
        "totalFilesSize" : 59,
        "partOfTotalProcessingTimeOfThisFileType" : {
          "part" : 902249,
          "total" : 245107048
        }
      }, {
        "providerName" : "Library Gradle: org.easytesting:fest-reflect:1.4.1 (#1 class roots, #0 source roots)",
        "numberOfFiles" : 1,
        "totalFilesSize" : 112,
        "partOfTotalProcessingTimeOfThisFileType" : {
          "part" : 844458,
          "total" : 245107048
        }
      }, {
        "providerName" : "Library Gradle: org.jetbrains:annotations:13.0 (#1 class roots, #1 source roots)",
        "numberOfFiles" : 1,
        "totalFilesSize" : 108,
        "partOfTotalProcessingTimeOfThisFileType" : {
          "part" : 830583,
          "total" : 245107048
        }
      } ]
    }, {
      "fileType" : "PLAIN_TEXT",
      "partOfTotalProcessingTime" : {
        "part" : 241274377,
        "total" : 23291656747
      },
      "partOfTotalContentLoadingTime" : {
        "part" : 30717553,
        "total" : 3282428483
      },
      "totalNumberOfFiles" : 326,
      "totalFilesSize" : 1028966,
      "totalProcessingSpeed" : {
        "totalBytes" : 1028966,
        "totalCpuTime" : 241274377
      },
      "biggestContributors" : [ {
        "providerName" : "Library Gradle: commons-codec:commons-codec:1.11 (#1 class roots, #0 source roots)",
        "numberOfFiles" : 130,
        "totalFilesSize" : 246946,
        "partOfTotalProcessingTimeOfThisFileType" : {
          "part" : 99302158,
          "total" : 241274377
        }
      }, {
        "providerName" : "Library Gradle: org.assertj:assertj-swing-junit:3.17.1 (#1 class roots, #0 source roots)",
        "numberOfFiles" : 131,
        "totalFilesSize" : 247003,
        "partOfTotalProcessingTimeOfThisFileType" : {
          "part" : 63738172,
          "total" : 241274377
        }
      }, {
        "providerName" : "Library Gradle: org.apache.httpcomponents:httpclient:4.5.13 (#1 class roots, #0 source roots)",
        "numberOfFiles" : 4,
        "totalFilesSize" : 237872,
        "partOfTotalProcessingTimeOfThisFileType" : {
          "part" : 61432334,
          "total" : 241274377
        }
      }, {
        "providerName" : "JDK temurin-21 /Library/Java/JavaVirtualMachines/temurin-21.jdk/Contents/Home",
        "numberOfFiles" : 54,
        "totalFilesSize" : 260930,
        "partOfTotalProcessingTimeOfThisFileType" : {
          "part" : 8274045,
          "total" : 241274377
        }
      }, {
        "providerName" : "Library Gradle: commons-logging:commons-logging:1.2 (#1 class roots, #0 source roots)",
        "numberOfFiles" : 2,
        "totalFilesSize" : 11535,
        "partOfTotalProcessingTimeOfThisFileType" : {
          "part" : 2956208,
          "total" : 241274377
        }
      }, {
        "providerName" : "Library Gradle: junit:junit:4.13.2 (#1 class roots, #0 source roots)",
        "numberOfFiles" : 1,
        "totalFilesSize" : 11376,
        "partOfTotalProcessingTimeOfThisFileType" : {
          "part" : 2457208,
          "total" : 241274377
        }
      }, {
        "providerName" : "Library Gradle: org.apache.httpcomponents:httpcore:4.4.13 (#1 class roots, #0 source roots)",
        "numberOfFiles" : 3,
        "totalFilesSize" : 11795,
        "partOfTotalProcessingTimeOfThisFileType" : {
          "part" : 1845959,
          "total" : 241274377
        }
      }, {
        "providerName" : "Library Gradle: org.hamcrest:hamcrest-core:1.3 (#1 class roots, #0 source roots)",
        "numberOfFiles" : 1,
        "totalFilesSize" : 1509,
        "partOfTotalProcessingTimeOfThisFileType" : {
          "part" : 1268293,
          "total" : 241274377
        }
      } ]
    }, {
      "fileType" : "Gradle",
      "partOfTotalProcessingTime" : {
        "part" : 216597082,
        "total" : 23291656747
      },
      "partOfTotalContentLoadingTime" : {
        "part" : 255041,
        "total" : 3282428483
      },
      "totalNumberOfFiles" : 2,
      "totalFilesSize" : 2980,
      "totalProcessingSpeed" : {
        "totalBytes" : 2980,
        "totalCpuTime" : 216597082
      },
      "biggestContributors" : [ {
        "providerName" : "Module 'Parking_Lot' (all roots)",
        "numberOfFiles" : 2,
        "totalFilesSize" : 2980,
        "partOfTotalProcessingTimeOfThisFileType" : {
          "part" : 216597082,
          "total" : 216597082
        }
      } ]
    }, {
      "fileType" : "XML",
      "partOfTotalProcessingTime" : {
        "part" : 133779791,
        "total" : 23291656747
      },
      "partOfTotalContentLoadingTime" : {
        "part" : 4649660,
        "total" : 3282428483
      },
      "totalNumberOfFiles" : 44,
      "totalFilesSize" : 230162,
      "totalProcessingSpeed" : {
        "totalBytes" : 230162,
        "totalCpuTime" : 133779791
      },
      "biggestContributors" : [ {
        "providerName" : "Library Gradle: org.assertj:assertj-swing-junit:3.17.1 (#1 class roots, #0 source roots)",
        "numberOfFiles" : 4,
        "totalFilesSize" : 71833,
        "partOfTotalProcessingTimeOfThisFileType" : {
          "part" : 38098666,
          "total" : 133779791
        }
      }, {
        "providerName" : "Library Gradle: org.easytesting:fest-util:1.2.5 (#1 class roots, #0 source roots)",
        "numberOfFiles" : 1,
        "totalFilesSize" : 1649,
        "partOfTotalProcessingTimeOfThisFileType" : {
          "part" : 35606875,
          "total" : 133779791
        }
      }, {
        "providerName" : "Library Gradle: org.assertj:assertj-core:3.17.2 (#1 class roots, #0 source roots)",
        "numberOfFiles" : 1,
        "totalFilesSize" : 24778,
        "partOfTotalProcessingTimeOfThisFileType" : {
          "part" : 18071250,
          "total" : 133779791
        }
      }, {
        "providerName" : "Library Gradle: org.assertj:assertj-swing:3.17.1 (#1 class roots, #0 source roots)",
        "numberOfFiles" : 4,
        "totalFilesSize" : 11815,
        "partOfTotalProcessingTimeOfThisFileType" : {
          "part" : 8662792,
          "total" : 133779791
        }
      }, {
        "providerName" : "Library Gradle: commons-codec:commons-codec:1.11 (#1 class roots, #0 source roots)",
        "numberOfFiles" : 1,
        "totalFilesSize" : 13966,
        "partOfTotalProcessingTimeOfThisFileType" : {
          "part" : 8134751,
          "total" : 133779791
        }
      }, {
        "providerName" : "Library Gradle: commons-logging:commons-logging:1.2 (#1 class roots, #0 source roots)",
        "numberOfFiles" : 1,
        "totalFilesSize" : 19206,
        "partOfTotalProcessingTimeOfThisFileType" : {
          "part" : 5512917,
          "total" : 133779791
        }
      }, {
        "providerName" : "JDK temurin-21 /Library/Java/JavaVirtualMachines/temurin-21.jdk/Contents/Home",
        "numberOfFiles" : 2,
        "totalFilesSize" : 47677,
        "partOfTotalProcessingTimeOfThisFileType" : {
          "part" : 4370374,
          "total" : 133779791
        }
      }, {
        "providerName" : "Library Gradle: com.google.code.gson:gson:2.8.9 (#1 class roots, #0 source roots)",
        "numberOfFiles" : 1,
        "totalFilesSize" : 6325,
        "partOfTotalProcessingTimeOfThisFileType" : {
          "part" : 3634042,
          "total" : 133779791
        }
      }, {
        "providerName" : "Library Gradle: org.apache.httpcomponents:httpclient:4.5.13 (#1 class roots, #0 source roots)",
        "numberOfFiles" : 1,
        "totalFilesSize" : 6609,
        "partOfTotalProcessingTimeOfThisFileType" : {
          "part" : 3288833,
          "total" : 133779791
        }
      }, {
        "providerName" : "Refreshed files",
        "numberOfFiles" : 25,
        "totalFilesSize" : 14238,
        "partOfTotalProcessingTimeOfThisFileType" : {
          "part" : 2568374,
          "total" : 133779791
        }
      } ]
    }, {
      "fileType" : "HTML",
      "partOfTotalProcessingTime" : {
        "part" : 119209253,
        "total" : 23291656747
      },
      "partOfTotalContentLoadingTime" : {
        "part" : 230916,
        "total" : 3282428483
      },
      "totalNumberOfFiles" : 5,
      "totalFilesSize" : 8822,
      "totalProcessingSpeed" : {
        "totalBytes" : 8822,
        "totalCpuTime" : 119209253
      },
      "biggestContributors" : [ {
        "providerName" : "Module 'Parking_Lot' (all roots)",
        "numberOfFiles" : 5,
        "totalFilesSize" : 8822,
        "partOfTotalProcessingTimeOfThisFileType" : {
          "part" : 119209253,
          "total" : 119209253
        }
      } ]
    }, {
      "fileType" : "Markdown",
      "partOfTotalProcessingTime" : {
        "part" : 63692666,
        "total" : 23291656747
      },
      "partOfTotalContentLoadingTime" : {
        "part" : 69083,
        "total" : 3282428483
      },
      "totalNumberOfFiles" : 1,
      "totalFilesSize" : 6526,
      "totalProcessingSpeed" : {
        "totalBytes" : 6526,
        "totalCpuTime" : 63692666
      },
      "biggestContributors" : [ {
        "providerName" : "Library Gradle: org.jetbrains.kotlin:kotlin-stdlib-common:1.6.10 (#1 class roots, #1 source roots)",
        "numberOfFiles" : 1,
        "totalFilesSize" : 6526,
        "partOfTotalProcessingTimeOfThisFileType" : {
          "part" : 63692666,
          "total" : 63692666
        }
      } ]
    }, {
      "fileType" : "YAML",
      "partOfTotalProcessingTime" : {
        "part" : 56611170,
        "total" : 23291656747
      },
      "partOfTotalContentLoadingTime" : {
        "part" : 901291,
        "total" : 3282428483
      },
      "totalNumberOfFiles" : 13,
      "totalFilesSize" : 38920,
      "totalProcessingSpeed" : {
        "totalBytes" : 38920,
        "totalCpuTime" : 56611170
      },
      "biggestContributors" : [ {
        "providerName" : "Module 'Parking_Lot' (all roots)",
        "numberOfFiles" : 13,
        "totalFilesSize" : 38920,
        "partOfTotalProcessingTimeOfThisFileType" : {
          "part" : 56611170,
          "total" : 56611170
        }
      } ]
    }, {
      "fileType" : "Manifest",
      "partOfTotalProcessingTime" : {
        "part" : 18921373,
        "total" : 23291656747
      },
      "partOfTotalContentLoadingTime" : {
        "part" : 2917876,
        "total" : 3282428483
      },
      "totalNumberOfFiles" : 23,
      "totalFilesSize" : 30183,
      "totalProcessingSpeed" : {
        "totalBytes" : 30183,
        "totalCpuTime" : 18921373
      },
      "biggestContributors" : [ {
        "providerName" : "Library Gradle: commons-codec:commons-codec:1.11 (#1 class roots, #0 source roots)",
        "numberOfFiles" : 1,
        "totalFilesSize" : 19980,
        "partOfTotalProcessingTimeOfThisFileType" : {
          "part" : 5435375,
          "total" : 18921373
        }
      }, {
        "providerName" : "Library Gradle: org.easytesting:fest-util:1.2.5 (#1 class roots, #0 source roots)",
        "numberOfFiles" : 1,
        "totalFilesSize" : 122,
        "partOfTotalProcessingTimeOfThisFileType" : {
          "part" : 1576124,
          "total" : 18921373
        }
      }, {
        "providerName" : "Library Gradle: commons-logging:commons-logging:1.2 (#1 class roots, #0 source roots)",
        "numberOfFiles" : 1,
        "totalFilesSize" : 1563,
        "partOfTotalProcessingTimeOfThisFileType" : {
          "part" : 1419458,
          "total" : 18921373
        }
      }, {
        "providerName" : "Library Gradle: org.jetbrains.kotlin:kotlin-stdlib-jdk8:1.6.10 (#1 class roots, #1 source roots)",
        "numberOfFiles" : 2,
        "totalFilesSize" : 252,
        "partOfTotalProcessingTimeOfThisFileType" : {
          "part" : 1377043,
          "total" : 18921373
        }
      }, {
        "providerName" : "Library Gradle: org.assertj:assertj-core:3.17.2 (#1 class roots, #0 source roots)",
        "numberOfFiles" : 1,
        "totalFilesSize" : 3919,
        "partOfTotalProcessingTimeOfThisFileType" : {
          "part" : 1176041,
          "total" : 18921373
        }
      }, {
        "providerName" : "Library Gradle: org.apache.httpcomponents:httpclient:4.5.13 (#1 class roots, #0 source roots)",
        "numberOfFiles" : 1,
        "totalFilesSize" : 523,
        "partOfTotalProcessingTimeOfThisFileType" : {
          "part" : 1158375,
          "total" : 18921373
        }
      }, {
        "providerName" : "Library Gradle: com.google.code.gson:gson:2.8.9 (#1 class roots, #0 source roots)",
        "numberOfFiles" : 1,
        "totalFilesSize" : 1200,
        "partOfTotalProcessingTimeOfThisFileType" : {
          "part" : 1020291,
          "total" : 18921373
        }
      }, {
        "providerName" : "Library Gradle: org.jetbrains.kotlin:kotlin-stdlib:1.6.10 (#1 class roots, #1 source roots)",
        "numberOfFiles" : 2,
        "totalFilesSize" : 247,
        "partOfTotalProcessingTimeOfThisFileType" : {
          "part" : 921624,
          "total" : 18921373
        }
      }, {
        "providerName" : "Library Gradle: org.jetbrains.kotlin:kotlin-stdlib-jdk7:1.6.10 (#1 class roots, #1 source roots)",
        "numberOfFiles" : 2,
        "totalFilesSize" : 252,
        "partOfTotalProcessingTimeOfThisFileType" : {
          "part" : 890835,
          "total" : 18921373
        }
      }, {
        "providerName" : "Library Gradle: org.hamcrest:hamcrest-core:1.3 (#1 class roots, #0 source roots)",
        "numberOfFiles" : 1,
        "totalFilesSize" : 257,
        "partOfTotalProcessingTimeOfThisFileType" : {
          "part" : 728583,
          "total" : 18921373
        }
      } ]
    }, {
      "fileType" : "JSON",
      "partOfTotalProcessingTime" : {
        "part" : 16343043,
        "total" : 23291656747
      },
      "partOfTotalContentLoadingTime" : {
        "part" : 146584,
        "total" : 3282428483
      },
      "totalNumberOfFiles" : 1,
      "totalFilesSize" : 3604,
      "totalProcessingSpeed" : {
        "totalBytes" : 3604,
        "totalCpuTime" : 16343043
      },
      "biggestContributors" : [ {
        "providerName" : "Custom kind roots from entity (extensions, empty)",
        "numberOfFiles" : 1,
        "totalFilesSize" : 3604,
        "partOfTotalProcessingTimeOfThisFileType" : {
          "part" : 16343043,
          "total" : 16343043
        }
      } ]
    }, {
      "fileType" : "kotlin_module",
      "partOfTotalProcessingTime" : {
        "part" : 9476668,
        "total" : 23291656747
      },
      "partOfTotalContentLoadingTime" : {
        "part" : 306958,
        "total" : 3282428483
      },
      "totalNumberOfFiles" : 4,
      "totalFilesSize" : 8944,
      "totalProcessingSpeed" : {
        "totalBytes" : 8944,
        "totalCpuTime" : 9476668
      },
      "biggestContributors" : [ {
        "providerName" : "Library Gradle: org.jetbrains.kotlin:kotlin-stdlib-jdk8:1.6.10 (#1 class roots, #1 source roots)",
        "numberOfFiles" : 1,
        "totalFilesSize" : 319,
        "partOfTotalProcessingTimeOfThisFileType" : {
          "part" : 5376792,
          "total" : 9476668
        }
      }, {
        "providerName" : "Library Gradle: org.jetbrains.kotlin:kotlin-stdlib:1.6.10 (#1 class roots, #1 source roots)",
        "numberOfFiles" : 1,
        "totalFilesSize" : 6877,
        "partOfTotalProcessingTimeOfThisFileType" : {
          "part" : 2646791,
          "total" : 9476668
        }
      }, {
        "providerName" : "Library Gradle: org.jetbrains.kotlin:kotlin-stdlib-common:1.6.10 (#1 class roots, #1 source roots)",
        "numberOfFiles" : 1,
        "totalFilesSize" : 1602,
        "partOfTotalProcessingTimeOfThisFileType" : {
          "part" : 776209,
          "total" : 9476668
        }
      }, {
        "providerName" : "Library Gradle: org.jetbrains.kotlin:kotlin-stdlib-jdk7:1.6.10 (#1 class roots, #1 source roots)",
        "numberOfFiles" : 1,
        "totalFilesSize" : 146,
        "partOfTotalProcessingTimeOfThisFileType" : {
          "part" : 676876,
          "total" : 9476668
        }
      } ]
    }, {
      "fileType" : "JavaScript",
      "partOfTotalProcessingTime" : {
        "part" : 7193292,
        "total" : 23291656747
      },
      "partOfTotalContentLoadingTime" : {
        "part" : 1544542,
        "total" : 3282428483
      },
      "totalNumberOfFiles" : 7,
      "totalFilesSize" : 529851,
      "totalProcessingSpeed" : {
        "totalBytes" : 529851,
        "totalCpuTime" : 7193292
      },
      "biggestContributors" : [ {
        "providerName" : "JDK temurin-21 /Library/Java/JavaVirtualMachines/temurin-21.jdk/Contents/Home",
        "numberOfFiles" : 7,
        "totalFilesSize" : 529851,
        "partOfTotalProcessingTimeOfThisFileType" : {
          "part" : 7193292,
          "total" : 7193292
        }
      } ]
    }, {
      "fileType" : "Shell Script",
      "partOfTotalProcessingTime" : {
        "part" : 5197498,
        "total" : 23291656747
      },
      "partOfTotalContentLoadingTime" : {
        "part" : 48750,
        "total" : 3282428483
      },
      "totalNumberOfFiles" : 6,
      "totalFilesSize" : 1361,
      "totalProcessingSpeed" : {
        "totalBytes" : 1361,
        "totalCpuTime" : 5197498
      },
      "biggestContributors" : [ {
        "providerName" : "JDK temurin-21 /Library/Java/JavaVirtualMachines/temurin-21.jdk/Contents/Home",
        "numberOfFiles" : 6,
        "totalFilesSize" : 1361,
        "partOfTotalProcessingTimeOfThisFileType" : {
          "part" : 5197498,
          "total" : 5197498
        }
      } ]
    }, {
      "fileType" : "SVG",
      "partOfTotalProcessingTime" : {
        "part" : 2329456,
        "total" : 23291656747
      },
      "partOfTotalContentLoadingTime" : {
        "part" : 97542,
        "total" : 3282428483
      },
      "totalNumberOfFiles" : 3,
      "totalFilesSize" : 5481,
      "totalProcessingSpeed" : {
        "totalBytes" : 5481,
        "totalCpuTime" : 2329456
      },
      "biggestContributors" : [ {
        "providerName" : "JDK temurin-21 /Library/Java/JavaVirtualMachines/temurin-21.jdk/Contents/Home",
        "numberOfFiles" : 3,
        "totalFilesSize" : 5481,
        "partOfTotalProcessingTimeOfThisFileType" : {
          "part" : 2329456,
          "total" : 2329456
        }
      } ]
    }, {
      "fileType" : "CSS",
      "partOfTotalProcessingTime" : {
        "part" : 1392542,
        "total" : 23291656747
      },
      "partOfTotalContentLoadingTime" : {
        "part" : 187334,
        "total" : 3282428483
      },
      "totalNumberOfFiles" : 4,
      "totalFilesSize" : 40153,
      "totalProcessingSpeed" : {
        "totalBytes" : 40153,
        "totalCpuTime" : 1392542
      },
      "biggestContributors" : [ {
        "providerName" : "JDK temurin-21 /Library/Java/JavaVirtualMachines/temurin-21.jdk/Contents/Home",
        "numberOfFiles" : 4,
        "totalFilesSize" : 40153,
        "partOfTotalProcessingTimeOfThisFileType" : {
          "part" : 1392542,
          "total" : 1392542
        }
      } ]
    }, {
      "fileType" : "IDEA_MODULE",
      "partOfTotalProcessingTime" : {
        "part" : 1078082,
        "total" : 23291656747
      },
      "partOfTotalContentLoadingTime" : {
        "part" : 258375,
        "total" : 3282428483
      },
      "totalNumberOfFiles" : 4,
      "totalFilesSize" : 11835,
      "totalProcessingSpeed" : {
        "totalBytes" : 11835,
        "totalCpuTime" : 1078082
      },
      "biggestContributors" : [ {
        "providerName" : "Refreshed files",
        "numberOfFiles" : 4,
        "totalFilesSize" : 11835,
        "partOfTotalProcessingTimeOfThisFileType" : {
          "part" : 1078082,
          "total" : 1078082
        }
      } ]
    }, {
      "fileType" : "textmate",
      "partOfTotalProcessingTime" : {
        "part" : 377792,
        "total" : 23291656747
      },
      "partOfTotalContentLoadingTime" : {
        "part" : 90875,
        "total" : 3282428483
      },
      "totalNumberOfFiles" : 1,
      "totalFilesSize" : 23919,
      "totalProcessingSpeed" : {
        "totalBytes" : 23919,
        "totalCpuTime" : 377792
      },
      "biggestContributors" : [ {
        "providerName" : "JDK temurin-21 /Library/Java/JavaVirtualMachines/temurin-21.jdk/Contents/Home",
        "numberOfFiles" : 1,
        "totalFilesSize" : 23919,
        "partOfTotalProcessingTimeOfThisFileType" : {
          "part" : 377792,
          "total" : 377792
        }
      } ]
    }, {
      "fileType" : "DTD",
      "partOfTotalProcessingTime" : {
        "part" : 276709,
        "total" : 23291656747
      },
      "partOfTotalContentLoadingTime" : {
        "part" : 171334,
        "total" : 3282428483
      },
      "totalNumberOfFiles" : 1,
      "totalFilesSize" : 2892,
      "totalProcessingSpeed" : {
        "totalBytes" : 2892,
        "totalCpuTime" : 276709
      },
      "biggestContributors" : [ {
        "providerName" : "JDK temurin-21 /Library/Java/JavaVirtualMachines/temurin-21.jdk/Contents/Home",
        "numberOfFiles" : 1,
        "totalFilesSize" : 2892,
        "partOfTotalProcessingTimeOfThisFileType" : {
          "part" : 276709,
          "total" : 276709
        }
      } ]
    }, {
      "fileType" : "SPI",
      "partOfTotalProcessingTime" : {
        "part" : 218584,
        "total" : 23291656747
      },
      "partOfTotalContentLoadingTime" : {
        "part" : 52541,
        "total" : 3282428483
      },
      "totalNumberOfFiles" : 1,
      "totalFilesSize" : 41,
      "totalProcessingSpeed" : {
        "totalBytes" : 41,
        "totalCpuTime" : 218584
      },
      "biggestContributors" : [ {
        "providerName" : "JDK temurin-21 /Library/Java/JavaVirtualMachines/temurin-21.jdk/Contents/Home",
        "numberOfFiles" : 1,
        "totalFilesSize" : 41,
        "partOfTotalProcessingTimeOfThisFileType" : {
          "part" : 218584,
          "total" : 218584
        }
      } ]
    } ],
    "totalStatsPerBaseLanguage" : [ {
      "language" : "JAVA",
      "partOfTotalProcessingTime" : {
        "part" : 7315448927,
        "total" : 23291656747
      },
      "partOfTotalContentLoadingTime" : {
        "part" : 5792489554,
        "total" : 3282428483
      },
      "totalNumberOfFiles" : 15768,
      "totalFilesSize" : 218038619,
      "totalProcessingSpeed" : {
        "totalBytes" : 218038619,
        "totalCpuTime" : 7315448927
      }
    }, {
      "language" : "kotlin",
      "partOfTotalProcessingTime" : {
        "part" : 2835814543,
        "total" : 23291656747
      },
      "partOfTotalContentLoadingTime" : {
        "part" : 3309792694,
        "total" : 3282428483
      },
      "totalNumberOfFiles" : 303,
      "totalFilesSize" : 3245699,
      "totalProcessingSpeed" : {
        "totalBytes" : 3245699,
        "totalCpuTime" : 2835814543
      }
    }, {
      "language" : "XML",
      "partOfTotalProcessingTime" : {
        "part" : 255595209,
        "total" : 23291656747
      },
      "partOfTotalContentLoadingTime" : {
        "part" : 3287078143,
        "total" : 3282428483
      },
      "totalNumberOfFiles" : 53,
      "totalFilesSize" : 247357,
      "totalProcessingSpeed" : {
        "totalBytes" : 247357,
        "totalCpuTime" : 255595209
      }
    }, {
      "language" : "Properties",
      "partOfTotalProcessingTime" : {
        "part" : 245107048,
        "total" : 23291656747
      },
      "partOfTotalContentLoadingTime" : {
        "part" : 3295500940,
        "total" : 3282428483
      },
      "totalNumberOfFiles" : 220,
      "totalFilesSize" : 2056374,
      "totalProcessingSpeed" : {
        "totalBytes" : 2056374,
        "totalCpuTime" : 245107048
      }
    }, {
      "language" : "TEXT",
      "partOfTotalProcessingTime" : {
        "part" : 241274377,
        "total" : 23291656747
      },
      "partOfTotalContentLoadingTime" : {
        "part" : 3313146036,
        "total" : 3282428483
      },
      "totalNumberOfFiles" : 326,
      "totalFilesSize" : 1028966,
      "totalProcessingSpeed" : {
        "totalBytes" : 1028966,
        "totalCpuTime" : 241274377
      }
    }, {
      "language" : "Groovy",
      "partOfTotalProcessingTime" : {
        "part" : 216597082,
        "total" : 23291656747
      },
      "partOfTotalContentLoadingTime" : {
        "part" : 3282683524,
        "total" : 3282428483
      },
      "totalNumberOfFiles" : 2,
      "totalFilesSize" : 2980,
      "totalProcessingSpeed" : {
        "totalBytes" : 2980,
        "totalCpuTime" : 216597082
      }
    }, {
      "language" : "HTML",
      "partOfTotalProcessingTime" : {
        "part" : 119209253,
        "total" : 23291656747
      },
      "partOfTotalContentLoadingTime" : {
        "part" : 3282659399,
        "total" : 3282428483
      },
      "totalNumberOfFiles" : 5,
      "totalFilesSize" : 8822,
      "totalProcessingSpeed" : {
        "totalBytes" : 8822,
        "totalCpuTime" : 119209253
      }
    }, {
      "language" : "Markdown",
      "partOfTotalProcessingTime" : {
        "part" : 63692666,
        "total" : 23291656747
      },
      "partOfTotalContentLoadingTime" : {
        "part" : 3282497566,
        "total" : 3282428483
      },
      "totalNumberOfFiles" : 1,
      "totalFilesSize" : 6526,
      "totalProcessingSpeed" : {
        "totalBytes" : 6526,
        "totalCpuTime" : 63692666
      }
    }, {
      "language" : "yaml",
      "partOfTotalProcessingTime" : {
        "part" : 56611170,
        "total" : 23291656747
      },
      "partOfTotalContentLoadingTime" : {
        "part" : 3283329774,
        "total" : 3282428483
      },
      "totalNumberOfFiles" : 13,
      "totalFilesSize" : 38920,
      "totalProcessingSpeed" : {
        "totalBytes" : 38920,
        "totalCpuTime" : 56611170
      }
    }, {
      "language" : "Manifest",
      "partOfTotalProcessingTime" : {
        "part" : 18921373,
        "total" : 23291656747
      },
      "partOfTotalContentLoadingTime" : {
        "part" : 3285346359,
        "total" : 3282428483
      },
      "totalNumberOfFiles" : 23,
      "totalFilesSize" : 30183,
      "totalProcessingSpeed" : {
        "totalBytes" : 30183,
        "totalCpuTime" : 18921373
      }
    }, {
      "language" : "JSON",
      "partOfTotalProcessingTime" : {
        "part" : 16343043,
        "total" : 23291656747
      },
      "partOfTotalContentLoadingTime" : {
        "part" : 3282575067,
        "total" : 3282428483
      },
      "totalNumberOfFiles" : 1,
      "totalFilesSize" : 3604,
      "totalProcessingSpeed" : {
        "totalBytes" : 3604,
        "totalCpuTime" : 16343043
      }
    }, {
      "language" : "JavaScript",
      "partOfTotalProcessingTime" : {
        "part" : 7193292,
        "total" : 23291656747
      },
      "partOfTotalContentLoadingTime" : {
        "part" : 3283973025,
        "total" : 3282428483
      },
      "totalNumberOfFiles" : 7,
      "totalFilesSize" : 529851,
      "totalProcessingSpeed" : {
        "totalBytes" : 529851,
        "totalCpuTime" : 7193292
      }
    }, {
      "language" : "Shell Script",
      "partOfTotalProcessingTime" : {
        "part" : 5197498,
        "total" : 23291656747
      },
      "partOfTotalContentLoadingTime" : {
        "part" : 3282477233,
        "total" : 3282428483
      },
      "totalNumberOfFiles" : 6,
      "totalFilesSize" : 1361,
      "totalProcessingSpeed" : {
        "totalBytes" : 1361,
        "totalCpuTime" : 5197498
      }
    }, {
      "language" : "SVG",
      "partOfTotalProcessingTime" : {
        "part" : 2329456,
        "total" : 23291656747
      },
      "partOfTotalContentLoadingTime" : {
        "part" : 3282526025,
        "total" : 3282428483
      },
      "totalNumberOfFiles" : 3,
      "totalFilesSize" : 5481,
      "totalProcessingSpeed" : {
        "totalBytes" : 5481,
        "totalCpuTime" : 2329456
      }
    }, {
      "language" : "CSS",
      "partOfTotalProcessingTime" : {
        "part" : 1392542,
        "total" : 23291656747
      },
      "partOfTotalContentLoadingTime" : {
        "part" : 3282615817,
        "total" : 3282428483
      },
      "totalNumberOfFiles" : 4,
      "totalFilesSize" : 40153,
      "totalProcessingSpeed" : {
        "totalBytes" : 40153,
        "totalCpuTime" : 1392542
      }
    }, {
      "language" : "textmate",
      "partOfTotalProcessingTime" : {
        "part" : 377792,
        "total" : 23291656747
      },
      "partOfTotalContentLoadingTime" : {
        "part" : 3282519358,
        "total" : 3282428483
      },
      "totalNumberOfFiles" : 1,
      "totalFilesSize" : 23919,
      "totalProcessingSpeed" : {
        "totalBytes" : 23919,
        "totalCpuTime" : 377792
      }
    }, {
      "language" : "DTD",
      "partOfTotalProcessingTime" : {
        "part" : 276709,
        "total" : 23291656747
      },
      "partOfTotalContentLoadingTime" : {
        "part" : 3282599817,
        "total" : 3282428483
      },
      "totalNumberOfFiles" : 1,
      "totalFilesSize" : 2892,
      "totalProcessingSpeed" : {
        "totalBytes" : 2892,
        "totalCpuTime" : 276709
      }
    }, {
      "language" : "SPI",
      "partOfTotalProcessingTime" : {
        "part" : 218584,
        "total" : 23291656747
      },
      "partOfTotalContentLoadingTime" : {
        "part" : 3282481024,
        "total" : 3282428483
      },
      "totalNumberOfFiles" : 1,
      "totalFilesSize" : 41,
      "totalProcessingSpeed" : {
        "totalBytes" : 41,
        "totalCpuTime" : 218584
      }
    } ],
    "totalStatsPerIndexer" : [ {
      "indexId" : "Stubs",
      "partOfTotalIndexingTime" : {
        "part" : 4688022048,
        "total" : 12360588349
      },
      "totalNumberOfFiles" : 35356,
      "totalNumberOfFilesIndexedByExtensions" : 27894,
      "totalFilesSize" : 162603477,
      "indexValueChangerEvaluationSpeed" : {
        "totalBytes" : 162603477,
        "totalCpuTime" : 4688022048
      }
    }, {
      "indexId" : "Trigram.Index",
      "partOfTotalIndexingTime" : {
        "part" : 2262434746,
        "total" : 12360588349
      },
      "totalNumberOfFiles" : 16704,
      "totalNumberOfFilesIndexedByExtensions" : 15708,
      "totalFilesSize" : 225280315,
      "indexValueChangerEvaluationSpeed" : {
        "totalBytes" : 225280315,
        "totalCpuTime" : 2262434746
      }
    }, {
      "indexId" : "bytecodeAnalysis",
      "partOfTotalIndexingTime" : {
        "part" : 1217449173,
        "total" : 12360588349
      },
      "totalNumberOfFiles" : 34478,
      "totalNumberOfFilesIndexedByExtensions" : 27776,
      "totalFilesSize" : 156233203,
      "indexValueChangerEvaluationSpeed" : {
        "totalBytes" : 156233203,
        "totalCpuTime" : 1217449173
      }
    }, {
      "indexId" : "org.jetbrains.kotlin.idea.vfilefinder.KotlinShortClassNameFileIndex",
      "partOfTotalIndexingTime" : {
        "part" : 1203299804,
        "total" : 12360588349
      },
      "totalNumberOfFiles" : 35100,
      "totalNumberOfFilesIndexedByExtensions" : 27776,
      "totalFilesSize" : 159865191,
      "indexValueChangerEvaluationSpeed" : {
        "totalBytes" : 159865191,
        "totalCpuTime" : 1203299804
      }
    }, {
      "indexId" : "org.jetbrains.kotlin.idea.vfilefinder.KotlinPartialPackageNamesIndex",
      "partOfTotalIndexingTime" : {
        "part" : 1056029713,
        "total" : 12360588349
      },
      "totalNumberOfFiles" : 35100,
      "totalNumberOfFilesIndexedByExtensions" : 27776,
      "totalFilesSize" : 159865191,
      "indexValueChangerEvaluationSpeed" : {
        "totalBytes" : 159865191,
        "totalCpuTime" : 1056029713
      }
    }, {
      "indexId" : "IdIndex",
      "partOfTotalIndexingTime" : {
        "part" : 802491729,
        "total" : 12360588349
      },
      "totalNumberOfFiles" : 16704,
      "totalNumberOfFilesIndexedByExtensions" : 15708,
      "totalFilesSize" : 225280315,
      "indexValueChangerEvaluationSpeed" : {
        "totalBytes" : 225280315,
        "totalCpuTime" : 802491729
      }
    }, {
      "indexId" : "org.jetbrains.kotlin.idea.base.indices.names.KotlinTopLevelClassLikeDeclarationByPackageShortNameIndex",
      "partOfTotalIndexingTime" : {
        "part" : 266719257,
        "total" : 12360588349
      },
      "totalNumberOfFiles" : 35100,
      "totalNumberOfFilesIndexedByExtensions" : 27776,
      "totalFilesSize" : 159865191,
      "indexValueChangerEvaluationSpeed" : {
        "totalBytes" : 159865191,
        "totalCpuTime" : 266719257
      }
    }, {
      "indexId" : "org.jetbrains.kotlin.idea.base.indices.names.KotlinTopLevelCallableByPackageShortNameIndex",
      "partOfTotalIndexingTime" : {
        "part" : 202021768,
        "total" : 12360588349
      },
      "totalNumberOfFiles" : 35100,
      "totalNumberOfFilesIndexedByExtensions" : 27776,
      "totalFilesSize" : 159865191,
      "indexValueChangerEvaluationSpeed" : {
        "totalBytes" : 159865191,
        "totalCpuTime" : 202021768
      }
    }, {
      "indexId" : "org.jetbrains.kotlin.idea.versions.KotlinJvmMetadataVersionIndex",
      "partOfTotalIndexingTime" : {
        "part" : 174791222,
        "total" : 12360588349
      },
      "totalNumberOfFiles" : 34478,
      "totalNumberOfFilesIndexedByExtensions" : 27776,
      "totalFilesSize" : 156233203,
      "indexValueChangerEvaluationSpeed" : {
        "totalBytes" : 156233203,
        "totalCpuTime" : 174791222
      }
    }, {
      "indexId" : "org.jetbrains.kotlin.idea.vfilefinder.KotlinClassFileIndex",
      "partOfTotalIndexingTime" : {
        "part" : 138680803,
        "total" : 12360588349
      },
      "totalNumberOfFiles" : 34478,
      "totalNumberOfFilesIndexedByExtensions" : 27776,
      "totalFilesSize" : 156233203,
      "indexValueChangerEvaluationSpeed" : {
        "totalBytes" : 156233203,
        "totalCpuTime" : 138680803
      }
    }, {
      "indexId" : "org.jetbrains.kotlin.idea.vfilefinder.KotlinMetadataFilePackageIndex",
      "partOfTotalIndexingTime" : {
        "part" : 100321538,
        "total" : 12360588349
      },
      "totalNumberOfFiles" : 319,
      "totalNumberOfFilesIndexedByExtensions" : 0,
      "totalFilesSize" : 386289,
      "indexValueChangerEvaluationSpeed" : {
        "totalBytes" : 386289,
        "totalCpuTime" : 100321538
      }
    }, {
      "indexId" : "org.jetbrains.kotlin.idea.vfilefinder.KotlinMetadataFileIndex",
      "partOfTotalIndexingTime" : {
        "part" : 82514882,
        "total" : 12360588349
      },
      "totalNumberOfFiles" : 319,
      "totalNumberOfFilesIndexedByExtensions" : 0,
      "totalFilesSize" : 386289,
      "indexValueChangerEvaluationSpeed" : {
        "totalBytes" : 386289,
        "totalCpuTime" : 82514882
      }
    }, {
      "indexId" : "js.implicit.elements.index",
      "partOfTotalIndexingTime" : {
        "part" : 31319208,
        "total" : 12360588349
      },
      "totalNumberOfFiles" : 5,
      "totalNumberOfFilesIndexedByExtensions" : 0,
      "totalFilesSize" : 8822,
      "indexValueChangerEvaluationSpeed" : {
        "totalBytes" : 8822,
        "totalCpuTime" : 31319208
      }
    }, {
      "indexId" : "yaml.keys.name",
      "partOfTotalIndexingTime" : {
        "part" : 21020376,
        "total" : 12360588349
      },
      "totalNumberOfFiles" : 13,
      "totalNumberOfFilesIndexedByExtensions" : 0,
      "totalFilesSize" : 38920,
      "indexValueChangerEvaluationSpeed" : {
        "totalBytes" : 38920,
        "totalCpuTime" : 21020376
      }
    }, {
      "indexId" : "css.template.selectors",
      "partOfTotalIndexingTime" : {
        "part" : 16243541,
        "total" : 12360588349
      },
      "totalNumberOfFiles" : 5,
      "totalNumberOfFilesIndexedByExtensions" : 0,
      "totalFilesSize" : 8822,
      "indexValueChangerEvaluationSpeed" : {
        "totalBytes" : 8822,
        "totalCpuTime" : 16243541
      }
    }, {
      "indexId" : "HashFragmentIndex",
      "partOfTotalIndexingTime" : {
        "part" : 15065916,
        "total" : 12360588349
      },
      "totalNumberOfFiles" : 1,
      "totalNumberOfFilesIndexedByExtensions" : 0,
      "totalFilesSize" : 2906,
      "indexValueChangerEvaluationSpeed" : {
        "totalBytes" : 2906,
        "totalCpuTime" : 15065916
      }
    }, {
      "indexId" : "CssIndex",
      "partOfTotalIndexingTime" : {
        "part" : 10877500,
        "total" : 12360588349
      },
      "totalNumberOfFiles" : 5,
      "totalNumberOfFilesIndexedByExtensions" : 0,
      "totalFilesSize" : 8822,
      "indexValueChangerEvaluationSpeed" : {
        "totalBytes" : 8822,
        "totalCpuTime" : 10877500
      }
    }, {
      "indexId" : "DomFileIndex",
      "partOfTotalIndexingTime" : {
        "part" : 9131210,
        "total" : 12360588349
      },
      "totalNumberOfFiles" : 19,
      "totalNumberOfFilesIndexedByExtensions" : 2,
      "totalFilesSize" : 215924,
      "indexValueChangerEvaluationSpeed" : {
        "totalBytes" : 215924,
        "totalCpuTime" : 9131210
      }
    }, {
      "indexId" : "fileIncludes",
      "partOfTotalIndexingTime" : {
        "part" : 8343084,
        "total" : 12360588349
      },
      "totalNumberOfFiles" : 12,
      "totalNumberOfFilesIndexedByExtensions" : 7,
      "totalFilesSize" : 464006,
      "indexValueChangerEvaluationSpeed" : {
        "totalBytes" : 464006,
        "totalCpuTime" : 8343084
      }
    }, {
      "indexId" : "WebComponentsIndex",
      "partOfTotalIndexingTime" : {
        "part" : 7600999,
        "total" : 12360588349
      },
      "totalNumberOfFiles" : 5,
      "totalNumberOfFilesIndexedByExtensions" : 0,
      "totalFilesSize" : 8822,
      "indexValueChangerEvaluationSpeed" : {
        "totalBytes" : 8822,
        "totalCpuTime" : 7600999
      }
    }, {
      "indexId" : "HtmlTagIdIndex",
      "partOfTotalIndexingTime" : {
        "part" : 6201666,
        "total" : 12360588349
      },
      "totalNumberOfFiles" : 5,
      "totalNumberOfFilesIndexedByExtensions" : 0,
      "totalFilesSize" : 8822,
      "indexValueChangerEvaluationSpeed" : {
        "totalBytes" : 8822,
        "totalCpuTime" : 6201666
      }
    }, {
      "indexId" : "org.jetbrains.kotlin.idea.vfilefinder.KotlinModuleMappingIndex",
      "partOfTotalIndexingTime" : {
        "part" : 6189751,
        "total" : 12360588349
      },
      "totalNumberOfFiles" : 4,
      "totalNumberOfFilesIndexedByExtensions" : 0,
      "totalFilesSize" : 8944,
      "indexValueChangerEvaluationSpeed" : {
        "totalBytes" : 8944,
        "totalCpuTime" : 6189751
      }
    }, {
      "indexId" : "org.jetbrains.kotlin.idea.vfilefinder.KotlinPackageSourcesMemberNamesIndex",
      "partOfTotalIndexingTime" : {
        "part" : 4909089,
        "total" : 12360588349
      },
      "totalNumberOfFiles" : 303,
      "totalNumberOfFilesIndexedByExtensions" : 0,
      "totalFilesSize" : 3245699,
      "indexValueChangerEvaluationSpeed" : {
        "totalBytes" : 3245699,
        "totalCpuTime" : 4909089
      }
    }, {
      "indexId" : "html5.custom.attributes.index",
      "partOfTotalIndexingTime" : {
        "part" : 4716583,
        "total" : 12360588349
      },
      "totalNumberOfFiles" : 5,
      "totalNumberOfFilesIndexedByExtensions" : 0,
      "totalFilesSize" : 8822,
      "indexValueChangerEvaluationSpeed" : {
        "totalBytes" : 8822,
        "totalCpuTime" : 4716583
      }
    }, {
      "indexId" : "HtmlScriptSrcIndex",
      "partOfTotalIndexingTime" : {
        "part" : 3711709,
        "total" : 12360588349
      },
      "totalNumberOfFiles" : 5,
      "totalNumberOfFilesIndexedByExtensions" : 0,
      "totalFilesSize" : 8822,
      "indexValueChangerEvaluationSpeed" : {
        "totalBytes" : 8822,
        "totalCpuTime" : 3711709
      }
    }, {
      "indexId" : "org.jetbrains.kotlin.idea.vfilefinder.KotlinBuiltInsMetadataIndex",
      "partOfTotalIndexingTime" : {
        "part" : 3255701,
        "total" : 12360588349
      },
      "totalNumberOfFiles" : 319,
      "totalNumberOfFilesIndexedByExtensions" : 0,
      "totalFilesSize" : 386289,
      "indexValueChangerEvaluationSpeed" : {
        "totalBytes" : 386289,
        "totalCpuTime" : 3255701
      }
    }, {
      "indexId" : "org.jetbrains.kotlin.idea.vfilefinder.KotlinStdlibIndex",
      "partOfTotalIndexingTime" : {
        "part" : 3228916,
        "total" : 12360588349
      },
      "totalNumberOfFiles" : 23,
      "totalNumberOfFilesIndexedByExtensions" : 0,
      "totalFilesSize" : 30183,
      "indexValueChangerEvaluationSpeed" : {
        "totalBytes" : 30183,
        "totalCpuTime" : 3228916
      }
    }, {
      "indexId" : "SwReferencesIndex",
      "partOfTotalIndexingTime" : {
        "part" : 2313627,
        "total" : 12360588349
      },
      "totalNumberOfFiles" : 14,
      "totalNumberOfFilesIndexedByExtensions" : 0,
      "totalFilesSize" : 42524,
      "indexValueChangerEvaluationSpeed" : {
        "totalBytes" : 42524,
        "totalCpuTime" : 2313627
      }
    }, {
      "indexId" : "docker.compose.services",
      "partOfTotalIndexingTime" : {
        "part" : 1636666,
        "total" : 12360588349
      },
      "totalNumberOfFiles" : 13,
      "totalNumberOfFilesIndexedByExtensions" : 0,
      "totalFilesSize" : 38920,
      "indexValueChangerEvaluationSpeed" : {
        "totalBytes" : 38920,
        "totalCpuTime" : 1636666
      }
    }, {
      "indexId" : "angularjs.ui.router.views.index",
      "partOfTotalIndexingTime" : {
        "part" : 1621459,
        "total" : 12360588349
      },
      "totalNumberOfFiles" : 5,
      "totalNumberOfFilesIndexedByExtensions" : 0,
      "totalFilesSize" : 8822,
      "indexValueChangerEvaluationSpeed" : {
        "totalBytes" : 8822,
        "totalCpuTime" : 1621459
      }
    }, {
      "indexId" : "org.jetbrains.kotlin.idea.vfilefinder.KotlinJvmModuleAnnotationsIndex",
      "partOfTotalIndexingTime" : {
        "part" : 1562458,
        "total" : 12360588349
      },
      "totalNumberOfFiles" : 4,
      "totalNumberOfFilesIndexedByExtensions" : 0,
      "totalFilesSize" : 8944,
      "indexValueChangerEvaluationSpeed" : {
        "totalBytes" : 8944,
        "totalCpuTime" : 1562458
      }
    }, {
      "indexId" : "angularjs.template.cache",
      "partOfTotalIndexingTime" : {
        "part" : 1517041,
        "total" : 12360588349
      },
      "totalNumberOfFiles" : 5,
      "totalNumberOfFilesIndexedByExtensions" : 0,
      "totalFilesSize" : 8822,
      "indexValueChangerEvaluationSpeed" : {
        "totalBytes" : 8822,
        "totalCpuTime" : 1517041
      }
    }, {
      "indexId" : "FrameworkDetectionIndex",
      "partOfTotalIndexingTime" : {
        "part" : 1291583,
        "total" : 12360588349
      },
      "totalNumberOfFiles" : 1,
      "totalNumberOfFilesIndexedByExtensions" : 0,
      "totalFilesSize" : 3604,
      "indexValueChangerEvaluationSpeed" : {
        "totalBytes" : 3604,
        "totalCpuTime" : 1291583
      }
    }, {
      "indexId" : "OpenapiSpecificationContentIndexer",
      "partOfTotalIndexingTime" : {
        "part" : 1289624,
        "total" : 12360588349
      },
      "totalNumberOfFiles" : 14,
      "totalNumberOfFilesIndexedByExtensions" : 0,
      "totalFilesSize" : 42524,
      "indexValueChangerEvaluationSpeed" : {
        "totalBytes" : 42524,
        "totalCpuTime" : 1289624
      }
    }, {
      "indexId" : "angularjs.app.index",
      "partOfTotalIndexingTime" : {
        "part" : 1087501,
        "total" : 12360588349
      },
      "totalNumberOfFiles" : 5,
      "totalNumberOfFilesIndexedByExtensions" : 0,
      "totalFilesSize" : 8822,
      "indexValueChangerEvaluationSpeed" : {
        "totalBytes" : 8822,
        "totalCpuTime" : 1087501
      }
    }, {
      "indexId" : "SpringXmlBeansIndex",
      "partOfTotalIndexingTime" : {
        "part" : 739586,
        "total" : 12360588349
      },
      "totalNumberOfFiles" : 19,
      "totalNumberOfFilesIndexedByExtensions" : 2,
      "totalFilesSize" : 215924,
      "indexValueChangerEvaluationSpeed" : {
        "totalBytes" : 215924,
        "totalCpuTime" : 739586
      }
    }, {
      "indexId" : "xmlProperties",
      "partOfTotalIndexingTime" : {
        "part" : 435291,
        "total" : 12360588349
      },
      "totalNumberOfFiles" : 16,
      "totalNumberOfFilesIndexedByExtensions" : 1,
      "totalFilesSize" : 152698,
      "indexValueChangerEvaluationSpeed" : {
        "totalBytes" : 152698,
        "totalCpuTime" : 435291
      }
    }, {
      "indexId" : "java.source.module.name",
      "partOfTotalIndexingTime" : {
        "part" : 348080,
        "total" : 12360588349
      },
      "totalNumberOfFiles" : 23,
      "totalNumberOfFilesIndexedByExtensions" : 0,
      "totalFilesSize" : 30183,
      "indexValueChangerEvaluationSpeed" : {
        "totalBytes" : 30183,
        "totalCpuTime" : 348080
      }
    }, {
      "indexId" : "json.file.root.values",
      "partOfTotalIndexingTime" : {
        "part" : 94916,
        "total" : 12360588349
      },
      "totalNumberOfFiles" : 1,
      "totalNumberOfFilesIndexedByExtensions" : 0,
      "totalFilesSize" : 3604,
      "indexValueChangerEvaluationSpeed" : {
        "totalBytes" : 3604,
        "totalCpuTime" : 94916
      }
    }, {
      "indexId" : "js.custom.single.entry.index",
      "partOfTotalIndexingTime" : {
        "part" : 44666,
        "total" : 12360588349
      },
      "totalNumberOfFiles" : 10,
      "totalNumberOfFilesIndexedByExtensions" : 5,
      "totalFilesSize" : 416329,
      "indexValueChangerEvaluationSpeed" : {
        "totalBytes" : 416329,
        "totalCpuTime" : 44666
      }
    }, {
      "indexId" : "js.string.literal.words.index",
      "partOfTotalIndexingTime" : {
        "part" : 4542,
        "total" : 12360588349
      },
      "totalNumberOfFiles" : 5,
      "totalNumberOfFilesIndexedByExtensions" : 5,
      "totalFilesSize" : 407507,
      "indexValueChangerEvaluationSpeed" : {
        "totalBytes" : 407507,
        "totalCpuTime" : 4542
      }
    }, {
      "indexId" : "org.jetbrains.kotlin.idea.versions.KotlinJsMetadataVersionIndex",
      "partOfTotalIndexingTime" : {
        "part" : 4335,
        "total" : 12360588349
      },
      "totalNumberOfFiles" : 7,
      "totalNumberOfFilesIndexedByExtensions" : 7,
      "totalFilesSize" : 529851,
      "indexValueChangerEvaluationSpeed" : {
        "totalBytes" : 529851,
        "totalCpuTime" : 4335
      }
    }, {
      "indexId" : "XsltSymbolIndex",
      "partOfTotalIndexingTime" : {
        "part" : 2083,
        "total" : 12360588349
      },
      "totalNumberOfFiles" : 2,
      "totalNumberOfFilesIndexedByExtensions" : 2,
      "totalFilesSize" : 47677,
      "indexValueChangerEvaluationSpeed" : {
        "totalBytes" : 47677,
        "totalCpuTime" : 2083
      }
    }, {
      "indexId" : "RelaxSymbolIndex",
      "partOfTotalIndexingTime" : {
        "part" : 1959,
        "total" : 12360588349
      },
      "totalNumberOfFiles" : 2,
      "totalNumberOfFilesIndexedByExtensions" : 2,
      "totalFilesSize" : 47677,
      "indexValueChangerEvaluationSpeed" : {
        "totalBytes" : 47677,
        "totalCpuTime" : 1959
      }
    }, {
      "indexId" : "XmlNamespaces",
      "partOfTotalIndexingTime" : {
        "part" : 1000,
        "total" : 12360588349
      },
      "totalNumberOfFiles" : 1,
      "totalNumberOfFilesIndexedByExtensions" : 1,
      "totalFilesSize" : 6978,
      "indexValueChangerEvaluationSpeed" : {
        "totalBytes" : 6978,
        "totalCpuTime" : 1000
      }
    } ],
    "statisticsOfChangedDuringIndexingFiles" : {
      "numberOfFiles" : 29,
      "retrievingTime" : 64375
    },
    "fileProviderStatistics" : [ {
      "providerName" : "JDK temurin-21 /Library/Java/JavaVirtualMachines/temurin-21.jdk/Contents/Home",
      "totalNumberOfIndexedFiles" : 44050,
      "totalNumberOfFilesFullyIndexedByExtensions" : 43484,
      "totalNumberOfNothingToWriteFiles" : 0,
      "totalIndexingVisibleTime" : 2650751200,
      "contentLoadingVisibleTime" : 590704948,
      "numberOfTooLargeForIndexingFiles" : 0,
      "slowIndexedFiles" : [ ],
      "filesFullyIndexedByExtensions" : [ ],
      "separateApplyingIndexesVisibleTime" : 820885834
    }, {
      "providerName" : "Library Gradle: org.jetbrains.kotlin:kotlin-stdlib-common:1.6.10 (#1 class roots, #1 source roots)",
      "totalNumberOfIndexedFiles" : 462,
      "totalNumberOfFilesFullyIndexedByExtensions" : 0,
      "totalNumberOfNothingToWriteFiles" : 0,
      "totalIndexingVisibleTime" : 534063237,
      "contentLoadingVisibleTime" : 5269298,
      "numberOfTooLargeForIndexingFiles" : 0,
      "slowIndexedFiles" : [ ],
      "filesFullyIndexedByExtensions" : [ ],
      "separateApplyingIndexesVisibleTime" : 48775351
    }, {
      "providerName" : "Library Gradle: org.assertj:assertj-core:3.17.2 (#1 class roots, #0 source roots)",
      "totalNumberOfIndexedFiles" : 3182,
      "totalNumberOfFilesFullyIndexedByExtensions" : 0,
      "totalNumberOfNothingToWriteFiles" : 0,
      "totalIndexingVisibleTime" : 517218835,
      "contentLoadingVisibleTime" : 39906296,
      "numberOfTooLargeForIndexingFiles" : 0,
      "slowIndexedFiles" : [ ],
      "filesFullyIndexedByExtensions" : [ ],
      "separateApplyingIndexesVisibleTime" : 109188813
    }, {
      "providerName" : "Library Gradle: org.jetbrains.kotlin:kotlin-stdlib:1.6.10 (#1 class roots, #1 source roots)",
      "totalNumberOfIndexedFiles" : 1061,
      "totalNumberOfFilesFullyIndexedByExtensions" : 0,
      "totalNumberOfNothingToWriteFiles" : 0,
      "totalIndexingVisibleTime" : 507014251,
      "contentLoadingVisibleTime" : 12763853,
      "numberOfTooLargeForIndexingFiles" : 0,
      "slowIndexedFiles" : [ ],
      "filesFullyIndexedByExtensions" : [ ],
      "separateApplyingIndexesVisibleTime" : 62939318
    }, {
      "providerName" : "Library Gradle: org.assertj:assertj-swing:3.17.1 (#1 class roots, #0 source roots)",
      "totalNumberOfIndexedFiles" : 621,
      "totalNumberOfFilesFullyIndexedByExtensions" : 0,
      "totalNumberOfNothingToWriteFiles" : 0,
      "totalIndexingVisibleTime" : 103911173,
      "contentLoadingVisibleTime" : 7256104,
      "numberOfTooLargeForIndexingFiles" : 0,
      "slowIndexedFiles" : [ ],
      "filesFullyIndexedByExtensions" : [ ],
      "separateApplyingIndexesVisibleTime" : 24849337
    }, {
      "providerName" : "Library Gradle: org.apache.httpcomponents:httpclient:4.5.13 (#1 class roots, #0 source roots)",
      "totalNumberOfIndexedFiles" : 478,
      "totalNumberOfFilesFullyIndexedByExtensions" : 0,
      "totalNumberOfNothingToWriteFiles" : 0,
      "totalIndexingVisibleTime" : 84399128,
      "contentLoadingVisibleTime" : 5285331,
      "numberOfTooLargeForIndexingFiles" : 0,
      "slowIndexedFiles" : [ ],
      "filesFullyIndexedByExtensions" : [ ],
      "separateApplyingIndexesVisibleTime" : 25133208
    }, {
      "providerName" : "Module 'Parking_Lot' (all roots)",
      "totalNumberOfIndexedFiles" : 21,
      "totalNumberOfFilesFullyIndexedByExtensions" : 0,
      "totalNumberOfNothingToWriteFiles" : 0,
      "totalIndexingVisibleTime" : 81945259,
      "contentLoadingVisibleTime" : 335732,
      "numberOfTooLargeForIndexingFiles" : 0,
      "slowIndexedFiles" : [ ],
      "filesFullyIndexedByExtensions" : [ ],
      "separateApplyingIndexesVisibleTime" : 5954630
    }, {
      "providerName" : "Library Gradle: com.google.code.gson:gson:2.8.9 (#1 class roots, #0 source roots)",
      "totalNumberOfIndexedFiles" : 199,
      "totalNumberOfFilesFullyIndexedByExtensions" : 0,
      "totalNumberOfNothingToWriteFiles" : 0,
      "totalIndexingVisibleTime" : 75978026,
      "contentLoadingVisibleTime" : 2785953,
      "numberOfTooLargeForIndexingFiles" : 0,
      "slowIndexedFiles" : [ ],
      "filesFullyIndexedByExtensions" : [ ],
      "separateApplyingIndexesVisibleTime" : 8165933
    }, {
      "providerName" : "Library Gradle: org.easytesting:fest-util:1.2.5 (#1 class roots, #0 source roots)",
      "totalNumberOfIndexedFiles" : 31,
      "totalNumberOfFilesFullyIndexedByExtensions" : 0,
      "totalNumberOfNothingToWriteFiles" : 0,
      "totalIndexingVisibleTime" : 53385613,
      "contentLoadingVisibleTime" : 1257266,
      "numberOfTooLargeForIndexingFiles" : 0,
      "slowIndexedFiles" : [ ],
      "filesFullyIndexedByExtensions" : [ ],
      "separateApplyingIndexesVisibleTime" : 1895287
    }, {
      "providerName" : "Library Gradle: commons-codec:commons-codec:1.11 (#1 class roots, #0 source roots)",
      "totalNumberOfIndexedFiles" : 229,
      "totalNumberOfFilesFullyIndexedByExtensions" : 0,
      "totalNumberOfNothingToWriteFiles" : 0,
      "totalIndexingVisibleTime" : 37992307,
      "contentLoadingVisibleTime" : 5342557,
      "numberOfTooLargeForIndexingFiles" : 0,
      "slowIndexedFiles" : [ ],
      "filesFullyIndexedByExtensions" : [ ],
      "separateApplyingIndexesVisibleTime" : 11822324
    }, {
      "providerName" : "Library Gradle: junit:junit:4.13.2 (#1 class roots, #0 source roots)",
      "totalNumberOfIndexedFiles" : 352,
      "totalNumberOfFilesFullyIndexedByExtensions" : 0,
      "totalNumberOfNothingToWriteFiles" : 0,
      "totalIndexingVisibleTime" : 30296249,
      "contentLoadingVisibleTime" : 2742307,
      "numberOfTooLargeForIndexingFiles" : 0,
      "slowIndexedFiles" : [ ],
      "filesFullyIndexedByExtensions" : [ ],
      "separateApplyingIndexesVisibleTime" : 9258013
    }, {
      "providerName" : "Library Gradle: org.jetbrains.kotlin:kotlin-stdlib-jdk8:1.6.10 (#1 class roots, #1 source roots)",
      "totalNumberOfIndexedFiles" : 22,
      "totalNumberOfFilesFullyIndexedByExtensions" : 0,
      "totalNumberOfNothingToWriteFiles" : 0,
      "totalIndexingVisibleTime" : 26784066,
      "contentLoadingVisibleTime" : 328889,
      "numberOfTooLargeForIndexingFiles" : 0,
      "slowIndexedFiles" : [ ],
      "filesFullyIndexedByExtensions" : [ ],
      "separateApplyingIndexesVisibleTime" : 2658429
    }, {
      "providerName" : "Library Gradle: org.assertj:assertj-swing-junit:3.17.1 (#1 class roots, #0 source roots)",
      "totalNumberOfIndexedFiles" : 182,
      "totalNumberOfFilesFullyIndexedByExtensions" : 0,
      "totalNumberOfNothingToWriteFiles" : 0,
      "totalIndexingVisibleTime" : 25229109,
      "contentLoadingVisibleTime" : 1893260,
      "numberOfTooLargeForIndexingFiles" : 0,
      "slowIndexedFiles" : [ ],
      "filesFullyIndexedByExtensions" : [ ],
      "separateApplyingIndexesVisibleTime" : 13546196
    }, {
      "providerName" : "Library Gradle: org.apache.httpcomponents:httpcore:4.4.13 (#1 class roots, #0 source roots)",
      "totalNumberOfIndexedFiles" : 260,
      "totalNumberOfFilesFullyIndexedByExtensions" : 0,
      "totalNumberOfNothingToWriteFiles" : 0,
      "totalIndexingVisibleTime" : 24290272,
      "contentLoadingVisibleTime" : 2666903,
      "numberOfTooLargeForIndexingFiles" : 0,
      "slowIndexedFiles" : [ ],
      "filesFullyIndexedByExtensions" : [ ],
      "separateApplyingIndexesVisibleTime" : 7115492
    }, {
      "providerName" : "Library Gradle: com.github.hyperskill:hs-test:release-SNAPSHOT (#1 class roots, #0 source roots)",
      "totalNumberOfIndexedFiles" : 163,
      "totalNumberOfFilesFullyIndexedByExtensions" : 0,
      "totalNumberOfNothingToWriteFiles" : 0,
      "totalIndexingVisibleTime" : 21109097,
      "contentLoadingVisibleTime" : 1604552,
      "numberOfTooLargeForIndexingFiles" : 0,
      "slowIndexedFiles" : [ ],
      "filesFullyIndexedByExtensions" : [ ],
      "separateApplyingIndexesVisibleTime" : 5688618
    }, {
      "providerName" : "Library Gradle: org.jetbrains:annotations:13.0 (#1 class roots, #1 source roots)",
      "totalNumberOfIndexedFiles" : 52,
      "totalNumberOfFilesFullyIndexedByExtensions" : 0,
      "totalNumberOfNothingToWriteFiles" : 0,
      "totalIndexingVisibleTime" : 18863644,
      "contentLoadingVisibleTime" : 748553,
      "numberOfTooLargeForIndexingFiles" : 0,
      "slowIndexedFiles" : [ ],
      "filesFullyIndexedByExtensions" : [ ],
      "separateApplyingIndexesVisibleTime" : 2008082
    }, {
      "providerName" : "Library Gradle: org.jetbrains.kotlin:kotlin-stdlib-jdk7:1.6.10 (#1 class roots, #1 source roots)",
      "totalNumberOfIndexedFiles" : 16,
      "totalNumberOfFilesFullyIndexedByExtensions" : 0,
      "totalNumberOfNothingToWriteFiles" : 0,
      "totalIndexingVisibleTime" : 12049636,
      "contentLoadingVisibleTime" : 343564,
      "numberOfTooLargeForIndexingFiles" : 0,
      "slowIndexedFiles" : [ ],
      "filesFullyIndexedByExtensions" : [ ],
      "separateApplyingIndexesVisibleTime" : 1914326
    }, {
      "providerName" : "Library Gradle: org.easytesting:fest-reflect:1.4.1 (#1 class roots, #0 source roots)",
      "totalNumberOfIndexedFiles" : 41,
      "totalNumberOfFilesFullyIndexedByExtensions" : 0,
      "totalNumberOfNothingToWriteFiles" : 0,
      "totalIndexingVisibleTime" : 11023962,
      "contentLoadingVisibleTime" : 539120,
      "numberOfTooLargeForIndexingFiles" : 0,
      "slowIndexedFiles" : [ ],
      "filesFullyIndexedByExtensions" : [ ],
      "separateApplyingIndexesVisibleTime" : 1106133
    }, {
      "providerName" : "Module 'Parking_Lot.Parking_Lot-task.main' (all roots)",
      "totalNumberOfIndexedFiles" : 1,
      "totalNumberOfFilesFullyIndexedByExtensions" : 0,
      "totalNumberOfNothingToWriteFiles" : 0,
      "totalIndexingVisibleTime" : 9796480,
      "contentLoadingVisibleTime" : 14779,
      "numberOfTooLargeForIndexingFiles" : 0,
      "slowIndexedFiles" : [ ],
      "filesFullyIndexedByExtensions" : [ ],
      "separateApplyingIndexesVisibleTime" : 5947950
    }, {
      "providerName" : "Library Gradle: commons-logging:commons-logging:1.2 (#1 class roots, #0 source roots)",
      "totalNumberOfIndexedFiles" : 33,
      "totalNumberOfFilesFullyIndexedByExtensions" : 0,
      "totalNumberOfNothingToWriteFiles" : 0,
      "totalIndexingVisibleTime" : 8951046,
      "contentLoadingVisibleTime" : 823620,
      "numberOfTooLargeForIndexingFiles" : 0,
      "slowIndexedFiles" : [ ],
      "filesFullyIndexedByExtensions" : [ ],
      "separateApplyingIndexesVisibleTime" : 3195546
    }, {
      "providerName" : "Library Gradle: org.hamcrest:hamcrest-core:1.3 (#1 class roots, #0 source roots)",
      "totalNumberOfIndexedFiles" : 47,
      "totalNumberOfFilesFullyIndexedByExtensions" : 0,
      "totalNumberOfNothingToWriteFiles" : 0,
      "totalIndexingVisibleTime" : 7924673,
      "contentLoadingVisibleTime" : 381789,
      "numberOfTooLargeForIndexingFiles" : 0,
      "slowIndexedFiles" : [ ],
      "filesFullyIndexedByExtensions" : [ ],
      "separateApplyingIndexesVisibleTime" : 2753913
    }, {
      "providerName" : "Custom kind roots from entity (extensions, empty)",
      "totalNumberOfIndexedFiles" : 1,
      "totalNumberOfFilesFullyIndexedByExtensions" : 0,
      "totalNumberOfNothingToWriteFiles" : 0,
      "totalIndexingVisibleTime" : 3401935,
      "contentLoadingVisibleTime" : 30512,
      "numberOfTooLargeForIndexingFiles" : 0,
      "slowIndexedFiles" : [ ],
      "filesFullyIndexedByExtensions" : [ ],
      "separateApplyingIndexesVisibleTime" : 2421849
    }, {
      "providerName" : "Module 'Parking_Lot.Parking_Lot-task.test' (all roots)",
      "totalNumberOfIndexedFiles" : 1,
      "totalNumberOfFilesFullyIndexedByExtensions" : 0,
      "totalNumberOfNothingToWriteFiles" : 0,
      "totalIndexingVisibleTime" : 1207082,
      "contentLoadingVisibleTime" : 15525,
      "numberOfTooLargeForIndexingFiles" : 0,
      "slowIndexedFiles" : [ ],
      "filesFullyIndexedByExtensions" : [ ],
      "separateApplyingIndexesVisibleTime" : 349922
    }, {
      "providerName" : "Refreshed files",
      "totalNumberOfIndexedFiles" : 29,
      "totalNumberOfFilesFullyIndexedByExtensions" : 0,
      "totalNumberOfNothingToWriteFiles" : 29,
      "totalIndexingVisibleTime" : 1013083,
      "contentLoadingVisibleTime" : 297794,
      "numberOfTooLargeForIndexingFiles" : 0,
      "slowIndexedFiles" : [ ],
      "filesFullyIndexedByExtensions" : [ ],
      "separateApplyingIndexesVisibleTime" : 34230
    } ],
    "visibleTimeToAllThreadTimeRatio" : 0.27782674465289037
  }
}