{
  "appInfo" : {
    "build" : "233.13135.103",
    "buildDate" : "2023-12-20T05:05:00Z[UTC]",
    "productCode" : "IU",
    "generated" : "2024-02-02T16:16:05.92535Z",
    "os" : "macOS 14.3",
    "runtime" : "JetBrains s.r.o. 17.0.9 17.0.9+7-b1087.9"
  },
  "runtimeInfo" : {
    "maxMemory" : 2147483648,
    "numberOfProcessors" : 10,
    "maxNumberOfIndexingThreads" : 9,
    "maxSizeOfFileForIntelliSense" : 2560000,
    "maxSizeOfFileForContentLoading" : 20971520
  },
  "type" : "DumbIndexing",
  "projectIndexingActivityHistory" : {
    "projectName" : "Parking Lot",
    "times" : {
      "scanningIds" : [ ],
      "contentLoadingVisibleTime" : 397403,
      "retrievingChangedDuringIndexingFilesTime" : 55542,
      "separateApplyingIndexesVisibleTime" : 20651845,
      "updatingStart" : "2024-02-02T16:16:04.99378Z",
      "updatingEnd" : "2024-02-02T16:16:05.924816Z",
      "totalWallTimeWithPauses" : 931056917,
      "wallTimeOnPause" : 0,
      "wasInterrupted" : false,
      "dumbWallTimeWithPauses" : 931056917,
      "dumbWallTimeWithoutPauses" : 931056917,
      "dumbModeStart" : "2024-02-02T16:16:04.99378Z",
      "totalWallTimeWithoutPauses" : 931056917
    },
    "fileCount" : {
      "numberOfChangedDuringIndexingFiles" : 19,
      "numberOfFilesIndexedByInfrastructureExtensionsDuringIndexingStage" : 0,
      "numberOfFilesIndexedWithLoadingContent" : 19,
      "numberOfNothingToWriteFiles" : 0
    },
    "totalStatsPerFileType" : [ {
      "fileType" : "HTML",
      "partOfTotalProcessingTime" : {
        "part" : 1472669002,
        "total" : 1628666337
      },
      "partOfTotalContentLoadingTime" : {
        "part" : 109459,
        "total" : 714210
      },
      "totalNumberOfFiles" : 4,
      "totalFilesSize" : 7474,
      "totalProcessingSpeed" : {
        "totalBytes" : 7474,
        "totalCpuTime" : 1472669002
      },
      "biggestContributors" : [ {
        "providerName" : "Refreshed files",
        "numberOfFiles" : 4,
        "totalFilesSize" : 7474,
        "partOfTotalProcessingTimeOfThisFileType" : {
          "part" : 1472669002,
          "total" : 1472669002
        }
      } ]
    }, {
      "fileType" : "YAML",
      "partOfTotalProcessingTime" : {
        "part" : 146825334,
        "total" : 1628666337
      },
      "partOfTotalContentLoadingTime" : {
        "part" : 491626,
        "total" : 714210
      },
      "totalNumberOfFiles" : 11,
      "totalFilesSize" : 2445,
      "totalProcessingSpeed" : {
        "totalBytes" : 2445,
        "totalCpuTime" : 146825334
      },
      "biggestContributors" : [ {
        "providerName" : "Refreshed files",
        "numberOfFiles" : 11,
        "totalFilesSize" : 2445,
        "partOfTotalProcessingTimeOfThisFileType" : {
          "part" : 146825334,
          "total" : 146825334
        }
      } ]
    }, {
      "fileType" : "Kotlin",
      "partOfTotalProcessingTime" : {
        "part" : 6965333,
        "total" : 1628666337
      },
      "partOfTotalContentLoadingTime" : {
        "part" : 99875,
        "total" : 714210
      },
      "totalNumberOfFiles" : 3,
      "totalFilesSize" : 231,
      "totalProcessingSpeed" : {
        "totalBytes" : 231,
        "totalCpuTime" : 6965333
      },
      "biggestContributors" : [ {
        "providerName" : "Refreshed files",
        "numberOfFiles" : 3,
        "totalFilesSize" : 231,
        "partOfTotalProcessingTimeOfThisFileType" : {
          "part" : 6965333,
          "total" : 6965333
        }
      } ]
    }, {
      "fileType" : "PLAIN_TEXT",
      "partOfTotalProcessingTime" : {
        "part" : 2206668,
        "total" : 1628666337
      },
      "partOfTotalContentLoadingTime" : {
        "part" : 13250,
        "total" : 714210
      },
      "totalNumberOfFiles" : 1,
      "totalFilesSize" : 23,
      "totalProcessingSpeed" : {
        "totalBytes" : 23,
        "totalCpuTime" : 2206668
      },
      "biggestContributors" : [ {
        "providerName" : "Refreshed files",
        "numberOfFiles" : 1,
        "totalFilesSize" : 23,
        "partOfTotalProcessingTimeOfThisFileType" : {
          "part" : 2206668,
          "total" : 2206668
        }
      } ]
    } ],
    "totalStatsPerBaseLanguage" : [ {
      "language" : "HTML",
      "partOfTotalProcessingTime" : {
        "part" : 1472669002,
        "total" : 1628666337
      },
      "partOfTotalContentLoadingTime" : {
        "part" : 823669,
        "total" : 714210
      },
      "totalNumberOfFiles" : 4,
      "totalFilesSize" : 7474,
      "totalProcessingSpeed" : {
        "totalBytes" : 7474,
        "totalCpuTime" : 1472669002
      }
    }, {
      "language" : "XML",
      "partOfTotalProcessingTime" : {
        "part" : 1472669002,
        "total" : 1628666337
      },
      "partOfTotalContentLoadingTime" : {
        "part" : 823669,
        "total" : 714210
      },
      "totalNumberOfFiles" : 4,
      "totalFilesSize" : 7474,
      "totalProcessingSpeed" : {
        "totalBytes" : 7474,
        "totalCpuTime" : 1472669002
      }
    }, {
      "language" : "yaml",
      "partOfTotalProcessingTime" : {
        "part" : 146825334,
        "total" : 1628666337
      },
      "partOfTotalContentLoadingTime" : {
        "part" : 1205836,
        "total" : 714210
      },
      "totalNumberOfFiles" : 11,
      "totalFilesSize" : 2445,
      "totalProcessingSpeed" : {
        "totalBytes" : 2445,
        "totalCpuTime" : 146825334
      }
    }, {
      "language" : "kotlin",
      "partOfTotalProcessingTime" : {
        "part" : 6965333,
        "total" : 1628666337
      },
      "partOfTotalContentLoadingTime" : {
        "part" : 814085,
        "total" : 714210
      },
      "totalNumberOfFiles" : 3,
      "totalFilesSize" : 231,
      "totalProcessingSpeed" : {
        "totalBytes" : 231,
        "totalCpuTime" : 6965333
      }
    }, {
      "language" : "TEXT",
      "partOfTotalProcessingTime" : {
        "part" : 2206668,
        "total" : 1628666337
      },
      "partOfTotalContentLoadingTime" : {
        "part" : 727460,
        "total" : 714210
      },
      "totalNumberOfFiles" : 1,
      "totalFilesSize" : 23,
      "totalProcessingSpeed" : {
        "totalBytes" : 23,
        "totalCpuTime" : 2206668
      }
    } ],
    "totalStatsPerIndexer" : [ {
      "indexId" : "js.implicit.elements.index",
      "partOfTotalIndexingTime" : {
        "part" : 180624709,
        "total" : 494406758
      },
      "totalNumberOfFiles" : 4,
      "totalNumberOfFilesIndexedByExtensions" : 0,
      "totalFilesSize" : 7474,
      "indexValueChangerEvaluationSpeed" : {
        "totalBytes" : 7474,
        "totalCpuTime" : 180624709
      }
    }, {
      "indexId" : "IdIndex",
      "partOfTotalIndexingTime" : {
        "part" : 105752751,
        "total" : 494406758
      },
      "totalNumberOfFiles" : 16,
      "totalNumberOfFilesIndexedByExtensions" : 0,
      "totalFilesSize" : 9942,
      "indexValueChangerEvaluationSpeed" : {
        "totalBytes" : 9942,
        "totalCpuTime" : 105752751
      }
    }, {
      "indexId" : "OpenapiSpecificationContentIndexer",
      "partOfTotalIndexingTime" : {
        "part" : 97714166,
        "total" : 494406758
      },
      "totalNumberOfFiles" : 11,
      "totalNumberOfFilesIndexedByExtensions" : 0,
      "totalFilesSize" : 2445,
      "indexValueChangerEvaluationSpeed" : {
        "totalBytes" : 2445,
        "totalCpuTime" : 97714166
      }
    }, {
      "indexId" : "fileIncludes",
      "partOfTotalIndexingTime" : {
        "part" : 36214876,
        "total" : 494406758
      },
      "totalNumberOfFiles" : 4,
      "totalNumberOfFilesIndexedByExtensions" : 0,
      "totalFilesSize" : 7474,
      "indexValueChangerEvaluationSpeed" : {
        "totalBytes" : 7474,
        "totalCpuTime" : 36214876
      }
    }, {
      "indexId" : "css.template.selectors",
      "partOfTotalIndexingTime" : {
        "part" : 20840667,
        "total" : 494406758
      },
      "totalNumberOfFiles" : 4,
      "totalNumberOfFilesIndexedByExtensions" : 0,
      "totalFilesSize" : 7474,
      "indexValueChangerEvaluationSpeed" : {
        "totalBytes" : 7474,
        "totalCpuTime" : 20840667
      }
    }, {
      "indexId" : "angularjs.template.cache",
      "partOfTotalIndexingTime" : {
        "part" : 16003958,
        "total" : 494406758
      },
      "totalNumberOfFiles" : 4,
      "totalNumberOfFilesIndexedByExtensions" : 0,
      "totalFilesSize" : 7474,
      "indexValueChangerEvaluationSpeed" : {
        "totalBytes" : 7474,
        "totalCpuTime" : 16003958
      }
    }, {
      "indexId" : "yaml.keys.name",
      "partOfTotalIndexingTime" : {
        "part" : 8566917,
        "total" : 494406758
      },
      "totalNumberOfFiles" : 11,
      "totalNumberOfFilesIndexedByExtensions" : 0,
      "totalFilesSize" : 2445,
      "indexValueChangerEvaluationSpeed" : {
        "totalBytes" : 2445,
        "totalCpuTime" : 8566917
      }
    }, {
      "indexId" : "CssIndex",
      "partOfTotalIndexingTime" : {
        "part" : 5373041,
        "total" : 494406758
      },
      "totalNumberOfFiles" : 4,
      "totalNumberOfFilesIndexedByExtensions" : 0,
      "totalFilesSize" : 7474,
      "indexValueChangerEvaluationSpeed" : {
        "totalBytes" : 7474,
        "totalCpuTime" : 5373041
      }
    }, {
      "indexId" : "WebComponentsIndex",
      "partOfTotalIndexingTime" : {
        "part" : 5063750,
        "total" : 494406758
      },
      "totalNumberOfFiles" : 4,
      "totalNumberOfFilesIndexedByExtensions" : 0,
      "totalFilesSize" : 7474,
      "indexValueChangerEvaluationSpeed" : {
        "totalBytes" : 7474,
        "totalCpuTime" : 5063750
      }
    }, {
      "indexId" : "docker.compose.services",
      "partOfTotalIndexingTime" : {
        "part" : 4891961,
        "total" : 494406758
      },
      "totalNumberOfFiles" : 11,
      "totalNumberOfFilesIndexedByExtensions" : 0,
      "totalFilesSize" : 2445,
      "indexValueChangerEvaluationSpeed" : {
        "totalBytes" : 2445,
        "totalCpuTime" : 4891961
      }
    }, {
      "indexId" : "SwReferencesIndex",
      "partOfTotalIndexingTime" : {
        "part" : 3357293,
        "total" : 494406758
      },
      "totalNumberOfFiles" : 11,
      "totalNumberOfFilesIndexedByExtensions" : 0,
      "totalFilesSize" : 2445,
      "indexValueChangerEvaluationSpeed" : {
        "totalBytes" : 2445,
        "totalCpuTime" : 3357293
      }
    }, {
      "indexId" : "Trigram.Index",
      "partOfTotalIndexingTime" : {
        "part" : 2236335,
        "total" : 494406758
      },
      "totalNumberOfFiles" : 19,
      "totalNumberOfFilesIndexedByExtensions" : 0,
      "totalFilesSize" : 10173,
      "indexValueChangerEvaluationSpeed" : {
        "totalBytes" : 10173,
        "totalCpuTime" : 2236335
      }
    }, {
      "indexId" : "Stubs",
      "partOfTotalIndexingTime" : {
        "part" : 2027542,
        "total" : 494406758
      },
      "totalNumberOfFiles" : 4,
      "totalNumberOfFilesIndexedByExtensions" : 0,
      "totalFilesSize" : 7474,
      "indexValueChangerEvaluationSpeed" : {
        "totalBytes" : 7474,
        "totalCpuTime" : 2027542
      }
    }, {
      "indexId" : "html5.custom.attributes.index",
      "partOfTotalIndexingTime" : {
        "part" : 1960541,
        "total" : 494406758
      },
      "totalNumberOfFiles" : 4,
      "totalNumberOfFilesIndexedByExtensions" : 0,
      "totalFilesSize" : 7474,
      "indexValueChangerEvaluationSpeed" : {
        "totalBytes" : 7474,
        "totalCpuTime" : 1960541
      }
    }, {
      "indexId" : "HtmlTagIdIndex",
      "partOfTotalIndexingTime" : {
        "part" : 1746667,
        "total" : 494406758
      },
      "totalNumberOfFiles" : 4,
      "totalNumberOfFilesIndexedByExtensions" : 0,
      "totalFilesSize" : 7474,
      "indexValueChangerEvaluationSpeed" : {
        "totalBytes" : 7474,
        "totalCpuTime" : 1746667
      }
    }, {
      "indexId" : "HtmlScriptSrcIndex",
      "partOfTotalIndexingTime" : {
        "part" : 1057042,
        "total" : 494406758
      },
      "totalNumberOfFiles" : 4,
      "totalNumberOfFilesIndexedByExtensions" : 0,
      "totalFilesSize" : 7474,
      "indexValueChangerEvaluationSpeed" : {
        "totalBytes" : 7474,
        "totalCpuTime" : 1057042
      }
    }, {
      "indexId" : "angularjs.ui.router.views.index",
      "partOfTotalIndexingTime" : {
        "part" : 568999,
        "total" : 494406758
      },
      "totalNumberOfFiles" : 4,
      "totalNumberOfFilesIndexedByExtensions" : 0,
      "totalFilesSize" : 7474,
      "indexValueChangerEvaluationSpeed" : {
        "totalBytes" : 7474,
        "totalCpuTime" : 568999
      }
    }, {
      "indexId" : "angularjs.app.index",
      "partOfTotalIndexingTime" : {
        "part" : 300376,
        "total" : 494406758
      },
      "totalNumberOfFiles" : 4,
      "totalNumberOfFilesIndexedByExtensions" : 0,
      "totalFilesSize" : 7474,
      "indexValueChangerEvaluationSpeed" : {
        "totalBytes" : 7474,
        "totalCpuTime" : 300376
      }
    }, {
      "indexId" : "js.custom.single.entry.index",
      "partOfTotalIndexingTime" : {
        "part" : 105167,
        "total" : 494406758
      },
      "totalNumberOfFiles" : 4,
      "totalNumberOfFilesIndexedByExtensions" : 0,
      "totalFilesSize" : 7474,
      "indexValueChangerEvaluationSpeed" : {
        "totalBytes" : 7474,
        "totalCpuTime" : 105167
      }
    } ],
    "statisticsOfChangedDuringIndexingFiles" : {
      "numberOfFiles" : 19,
      "retrievingTime" : 55542
    },
    "fileProviderStatistics" : [ {
      "providerName" : "Refreshed files",
      "totalNumberOfIndexedFiles" : 19,
      "totalNumberOfFilesFullyIndexedByExtensions" : 0,
      "totalNumberOfNothingToWriteFiles" : 0,
      "totalIndexingVisibleTime" : 906229250,
      "contentLoadingVisibleTime" : 397403,
      "numberOfTooLargeForIndexingFiles" : 0,
      "slowIndexedFiles" : [ {
        "fileName" : "task.html",
        "processingTime" : 875630417,
        "evaluationOfIndexValueChangerTime" : 101813333,
        "contentLoadingTime" : 34375
      } ],
      "filesFullyIndexedByExtensions" : [ ],
      "separateApplyingIndexesVisibleTime" : 20651845
    } ],
    "visibleTimeToAllThreadTimeRatio" : 0.5564241302299355
  }
}