{
  "appInfo" : {
    "build" : "233.13135.103",
    "buildDate" : "2023-12-20T05:05:00Z[UTC]",
    "productCode" : "IU",
    "generated" : "2024-02-02T16:16:18.671357Z",
    "os" : "macOS 14.3",
    "runtime" : "JetBrains s.r.o. 17.0.9 17.0.9+7-b1087.9"
  },
  "runtimeInfo" : {
    "maxMemory" : 2147483648,
    "numberOfProcessors" : 10,
    "maxNumberOfIndexingThreads" : 9,
    "maxSizeOfFileForIntelliSense" : 2560000,
    "maxSizeOfFileForContentLoading" : 20971520
  },
  "type" : "Scanning",
  "projectIndexingActivityHistory" : {
    "projectName" : "Parking Lot",
    "times" : {
      "scanningReason" : "changes in: \"Module 'Parking_Lot.Topics-Inheritance-Constructing_a_hierarchy' (all roots)\", \"Module 'Parking_Lot.Topics-Inheritance-Create_a_child_class' (all roots)\", \"Module 'Parking_Lot.Topics-Inheritance-Theory' (all roots)\", \"Module 'Parking_Lot.Topics-Inheritance-Constructing_a_hierarchy.main' (all roots)\", \"Module 'Parking_Lot.Topics-Inheritance-Constructing_a_hierarchy.test' (all roots)\", \"Module 'Parking_Lot.Topics-Inheritance-Create_a_child_class.main' (all roots)\", \"Module 'Parking_Lot.Topics-Inheritance-Create_a_child_class.test' (all roots)\", \"Module 'Parking_Lot.Topics-Inheritance-Theory.main' (all roots)\", \"Module 'Parking_Lot.Topics-Inheritance-Theory.test' (all roots)\", \"JDK temurin-21 /Library/Java/JavaVirtualMachines/temurin-21.jdk/Contents/Home\" and 18 iterators more",
      "scanningType" : "PARTIAL",
      "scanningId" : 3,
      "creatingIteratorsTime" : 1000,
      "concurrentHandlingWallTimeWithoutPauses" : 969395000,
      "concurrentHandlingWallTimeWithPauses" : 969395000,
      "concurrentHandlingSumOfThreadTimesWithPauses" : 2266791249,
      "concurrentIterationAndScannersApplicationSumOfThreadTimesWithPauses" : 659063793,
      "concurrentFileCheckSumOfThreadTimesWithPauses" : 1606135625,
      "delayedPushPropertiesStageTime" : 9000,
      "indexExtensionsTime" : 12391886,
      "dumbModeStart" : "2024-02-02T16:16:17.700947Z",
      "dumbWallTimeWithPauses" : 969887000,
      "dumbWallTimeWithoutPauses" : 969887000,
      "updatingStart" : "2024-02-02T16:16:17.700679Z",
      "updatingEnd" : "2024-02-02T16:16:18.670834Z",
      "totalWallTimeWithPauses" : 970156500,
      "wallTimeOnPause" : 49000,
      "wasInterrupted" : false,
      "totalWallTimeWithoutPauses" : 970107500
    },
    "fileCount" : {
      "numberOfFileProviders" : 28,
      "numberOfScannedFiles" : 54379,
      "numberOfFilesIndexedByInfrastructureExtensionsDuringScan" : 0,
      "numberOfFilesScheduledForIndexingAfterScan" : 2555
    },
    "scanningStatistics" : [ {
      "providerName" : "JDK temurin-21 /Library/Java/JavaVirtualMachines/temurin-21.jdk/Contents/Home",
      "numberOfScannedFiles" : 44380,
      "numberOfSkippedFiles" : 0,
      "numberOfFilesForIndexing" : 0,
      "numberOfFilesFullyIndexedByInfrastructureExtensions" : 0,
      "filesFullyIndexedByInfrastructureExtensions" : [ ],
      "statusTime" : 925748132,
      "totalOneThreadTimeWithPauses" : 965056500,
      "iterationAndScannersApplicationTime" : 17454583,
      "filesCheckTime" : 947521584,
      "timeProcessingUpToDateFiles" : 349488106,
      "timeUpdatingContentLessIndexes" : 0,
      "timeIndexingWithoutContentViaInfrastructureExtension" : 0,
      "roots" : [ ]
    }, {
      "providerName" : "Library Gradle: org.assertj:assertj-core:3.17.2 (#1 class roots, #1 source roots)",
      "numberOfScannedFiles" : 3875,
      "numberOfSkippedFiles" : 0,
      "numberOfFilesForIndexing" : 693,
      "numberOfFilesFullyIndexedByInfrastructureExtensions" : 0,
      "filesFullyIndexedByInfrastructureExtensions" : [ ],
      "statusTime" : 195853395,
      "totalOneThreadTimeWithPauses" : 345286542,
      "iterationAndScannersApplicationTime" : 145269625,
      "filesCheckTime" : 199966583,
      "timeProcessingUpToDateFiles" : 20735202,
      "timeUpdatingContentLessIndexes" : 6196704,
      "timeIndexingWithoutContentViaInfrastructureExtension" : 1814044,
      "roots" : [ ]
    }, {
      "providerName" : "Library Gradle: org.apache.httpcomponents:httpclient:4.5.13 (#1 class roots, #1 source roots)",
      "numberOfScannedFiles" : 911,
      "numberOfSkippedFiles" : 0,
      "numberOfFilesForIndexing" : 433,
      "numberOfFilesFullyIndexedByInfrastructureExtensions" : 0,
      "filesFullyIndexedByInfrastructureExtensions" : [ ],
      "statusTime" : 67710533,
      "totalOneThreadTimeWithPauses" : 172347916,
      "iterationAndScannersApplicationTime" : 101624417,
      "filesCheckTime" : 70586834,
      "timeProcessingUpToDateFiles" : 19762350,
      "timeUpdatingContentLessIndexes" : 8427008,
      "timeIndexingWithoutContentViaInfrastructureExtension" : 2128193,
      "roots" : [ ]
    }, {
      "providerName" : "Library Gradle: org.assertj:assertj-swing:3.17.1 (#1 class roots, #1 source roots)",
      "numberOfScannedFiles" : 1101,
      "numberOfSkippedFiles" : 0,
      "numberOfFilesForIndexing" : 480,
      "numberOfFilesFullyIndexedByInfrastructureExtensions" : 0,
      "filesFullyIndexedByInfrastructureExtensions" : [ ],
      "statusTime" : 71829247,
      "totalOneThreadTimeWithPauses" : 166221125,
      "iterationAndScannersApplicationTime" : 90663042,
      "filesCheckTime" : 75404583,
      "timeProcessingUpToDateFiles" : 6990974,
      "timeUpdatingContentLessIndexes" : 7441626,
      "timeIndexingWithoutContentViaInfrastructureExtension" : 1922342,
      "roots" : [ ]
    }, {
      "providerName" : "Library Gradle: junit:junit:4.13.2 (#1 class roots, #1 source roots)",
      "numberOfScannedFiles" : 578,
      "numberOfSkippedFiles" : 0,
      "numberOfFilesForIndexing" : 222,
      "numberOfFilesFullyIndexedByInfrastructureExtensions" : 0,
      "filesFullyIndexedByInfrastructureExtensions" : [ ],
      "statusTime" : 39890707,
      "totalOneThreadTimeWithPauses" : 109836750,
      "iterationAndScannersApplicationTime" : 68352083,
      "filesCheckTime" : 41391542,
      "timeProcessingUpToDateFiles" : 3658239,
      "timeUpdatingContentLessIndexes" : 6476084,
      "timeIndexingWithoutContentViaInfrastructureExtension" : 926429,
      "roots" : [ ]
    }, {
      "providerName" : "Library Gradle: org.apache.httpcomponents:httpcore:4.4.13 (#1 class roots, #1 source roots)",
      "numberOfScannedFiles" : 523,
      "numberOfSkippedFiles" : 0,
      "numberOfFilesForIndexing" : 263,
      "numberOfFilesFullyIndexedByInfrastructureExtensions" : 0,
      "filesFullyIndexedByInfrastructureExtensions" : [ ],
      "statusTime" : 38163999,
      "totalOneThreadTimeWithPauses" : 106929834,
      "iterationAndScannersApplicationTime" : 66394625,
      "filesCheckTime" : 40483417,
      "timeProcessingUpToDateFiles" : 3480396,
      "timeUpdatingContentLessIndexes" : 7325458,
      "timeIndexingWithoutContentViaInfrastructureExtension" : 1249619,
      "roots" : [ ]
    }, {
      "providerName" : "Library Gradle: org.jetbrains.kotlin:kotlin-stdlib:1.6.10 (#1 class roots, #1 source roots)",
      "numberOfScannedFiles" : 1061,
      "numberOfSkippedFiles" : 0,
      "numberOfFilesForIndexing" : 0,
      "numberOfFilesFullyIndexedByInfrastructureExtensions" : 0,
      "filesFullyIndexedByInfrastructureExtensions" : [ ],
      "statusTime" : 82977988,
      "totalOneThreadTimeWithPauses" : 84673083,
      "iterationAndScannersApplicationTime" : 570917,
      "filesCheckTime" : 84038000,
      "timeProcessingUpToDateFiles" : 26613687,
      "timeUpdatingContentLessIndexes" : 0,
      "timeIndexingWithoutContentViaInfrastructureExtension" : 0,
      "roots" : [ ]
    }, {
      "providerName" : "Library Gradle: commons-codec:commons-codec:1.11 (#1 class roots, #1 source roots)",
      "numberOfScannedFiles" : 432,
      "numberOfSkippedFiles" : 0,
      "numberOfFilesForIndexing" : 203,
      "numberOfFilesFullyIndexedByInfrastructureExtensions" : 0,
      "filesFullyIndexedByInfrastructureExtensions" : [ ],
      "statusTime" : 25607416,
      "totalOneThreadTimeWithPauses" : 84384291,
      "iterationAndScannersApplicationTime" : 56977000,
      "filesCheckTime" : 27345083,
      "timeProcessingUpToDateFiles" : 2922522,
      "timeUpdatingContentLessIndexes" : 6602462,
      "timeIndexingWithoutContentViaInfrastructureExtension" : 1246002,
      "roots" : [ ]
    }, {
      "providerName" : "Library Gradle: com.google.code.gson:gson:2.8.9 (#1 class roots, #1 source roots)",
      "numberOfScannedFiles" : 279,
      "numberOfSkippedFiles" : 0,
      "numberOfFilesForIndexing" : 80,
      "numberOfFilesFullyIndexedByInfrastructureExtensions" : 0,
      "filesFullyIndexedByInfrastructureExtensions" : [ ],
      "statusTime" : 12652172,
      "totalOneThreadTimeWithPauses" : 54616125,
      "iterationAndScannersApplicationTime" : 40183000,
      "filesCheckTime" : 14404750,
      "timeProcessingUpToDateFiles" : 2252598,
      "timeUpdatingContentLessIndexes" : 1193294,
      "timeIndexingWithoutContentViaInfrastructureExtension" : 435168,
      "roots" : [ ]
    }, {
      "providerName" : "Library Gradle: org.assertj:assertj-swing-junit:3.17.1 (#1 class roots, #1 source roots)",
      "numberOfScannedFiles" : 223,
      "numberOfSkippedFiles" : 0,
      "numberOfFilesForIndexing" : 41,
      "numberOfFilesFullyIndexedByInfrastructureExtensions" : 0,
      "filesFullyIndexedByInfrastructureExtensions" : [ ],
      "statusTime" : 12816840,
      "totalOneThreadTimeWithPauses" : 40064458,
      "iterationAndScannersApplicationTime" : 25911375,
      "filesCheckTime" : 14092875,
      "timeProcessingUpToDateFiles" : 1230670,
      "timeUpdatingContentLessIndexes" : 1696747,
      "timeIndexingWithoutContentViaInfrastructureExtension" : 626663,
      "roots" : [ ]
    }, {
      "providerName" : "Library Gradle: org.jetbrains.kotlin:kotlin-stdlib-common:1.6.10 (#1 class roots, #1 source roots)",
      "numberOfScannedFiles" : 462,
      "numberOfSkippedFiles" : 0,
      "numberOfFilesForIndexing" : 0,
      "numberOfFilesFullyIndexedByInfrastructureExtensions" : 0,
      "filesFullyIndexedByInfrastructureExtensions" : [ ],
      "statusTime" : 30857825,
      "totalOneThreadTimeWithPauses" : 31831417,
      "iterationAndScannersApplicationTime" : 258333,
      "filesCheckTime" : 31510834,
      "timeProcessingUpToDateFiles" : 4184869,
      "timeUpdatingContentLessIndexes" : 0,
      "timeIndexingWithoutContentViaInfrastructureExtension" : 0,
      "roots" : [ ]
    }, {
      "providerName" : "Library Gradle: commons-logging:commons-logging:1.2 (#1 class roots, #1 source roots)",
      "numberOfScannedFiles" : 53,
      "numberOfSkippedFiles" : 0,
      "numberOfFilesForIndexing" : 20,
      "numberOfFilesFullyIndexedByInfrastructureExtensions" : 0,
      "filesFullyIndexedByInfrastructureExtensions" : [ ],
      "statusTime" : 4339007,
      "totalOneThreadTimeWithPauses" : 25174250,
      "iterationAndScannersApplicationTime" : 18671000,
      "filesCheckTime" : 6474375,
      "timeProcessingUpToDateFiles" : 137831,
      "timeUpdatingContentLessIndexes" : 854502,
      "timeIndexingWithoutContentViaInfrastructureExtension" : 263956,
      "roots" : [ ]
    }, {
      "providerName" : "Library Gradle: org.easytesting:fest-reflect:1.4.1 (#1 class roots, #1 source roots)",
      "numberOfScannedFiles" : 89,
      "numberOfSkippedFiles" : 0,
      "numberOfFilesForIndexing" : 48,
      "numberOfFilesFullyIndexedByInfrastructureExtensions" : 0,
      "filesFullyIndexedByInfrastructureExtensions" : [ ],
      "statusTime" : 11491998,
      "totalOneThreadTimeWithPauses" : 22837917,
      "iterationAndScannersApplicationTime" : 9833959,
      "filesCheckTime" : 12917417,
      "timeProcessingUpToDateFiles" : 624500,
      "timeUpdatingContentLessIndexes" : 5299581,
      "timeIndexingWithoutContentViaInfrastructureExtension" : 370300,
      "roots" : [ ]
    }, {
      "providerName" : "Library Gradle: org.hamcrest:hamcrest-core:1.3 (#1 class roots, #1 source roots)",
      "numberOfScannedFiles" : 88,
      "numberOfSkippedFiles" : 0,
      "numberOfFilesForIndexing" : 41,
      "numberOfFilesFullyIndexedByInfrastructureExtensions" : 0,
      "filesFullyIndexedByInfrastructureExtensions" : [ ],
      "statusTime" : 12727459,
      "totalOneThreadTimeWithPauses" : 19129375,
      "iterationAndScannersApplicationTime" : 5449125,
      "filesCheckTime" : 13552291,
      "timeProcessingUpToDateFiles" : 696619,
      "timeUpdatingContentLessIndexes" : 3980207,
      "timeIndexingWithoutContentViaInfrastructureExtension" : 249709,
      "roots" : [ ]
    }, {
      "providerName" : "Library Gradle: com.github.hyperskill:hs-test:release-SNAPSHOT (#1 class roots, #0 source roots)",
      "numberOfScannedFiles" : 163,
      "numberOfSkippedFiles" : 0,
      "numberOfFilesForIndexing" : 0,
      "numberOfFilesFullyIndexedByInfrastructureExtensions" : 0,
      "filesFullyIndexedByInfrastructureExtensions" : [ ],
      "statusTime" : 7183298,
      "totalOneThreadTimeWithPauses" : 9470416,
      "iterationAndScannersApplicationTime" : 228333,
      "filesCheckTime" : 9219125,
      "timeProcessingUpToDateFiles" : 2953025,
      "timeUpdatingContentLessIndexes" : 0,
      "timeIndexingWithoutContentViaInfrastructureExtension" : 0,
      "roots" : [ ]
    }, {
      "providerName" : "Library Gradle: org.easytesting:fest-util:1.2.5 (#1 class roots, #1 source roots)",
      "numberOfScannedFiles" : 59,
      "numberOfSkippedFiles" : 0,
      "numberOfFilesForIndexing" : 28,
      "numberOfFilesFullyIndexedByInfrastructureExtensions" : 0,
      "filesFullyIndexedByInfrastructureExtensions" : [ ],
      "statusTime" : 2594456,
      "totalOneThreadTimeWithPauses" : 6578583,
      "iterationAndScannersApplicationTime" : 2884042,
      "filesCheckTime" : 3644875,
      "timeProcessingUpToDateFiles" : 493915,
      "timeUpdatingContentLessIndexes" : 508206,
      "timeIndexingWithoutContentViaInfrastructureExtension" : 130045,
      "roots" : [ ]
    }, {
      "providerName" : "Library Gradle: org.jetbrains:annotations:13.0 (#1 class roots, #1 source roots)",
      "numberOfScannedFiles" : 52,
      "numberOfSkippedFiles" : 0,
      "numberOfFilesForIndexing" : 0,
      "numberOfFilesFullyIndexedByInfrastructureExtensions" : 0,
      "filesFullyIndexedByInfrastructureExtensions" : [ ],
      "statusTime" : 2462915,
      "totalOneThreadTimeWithPauses" : 3036666,
      "iterationAndScannersApplicationTime" : 154000,
      "filesCheckTime" : 2850000,
      "timeProcessingUpToDateFiles" : 351994,
      "timeUpdatingContentLessIndexes" : 0,
      "timeIndexingWithoutContentViaInfrastructureExtension" : 0,
      "roots" : [ ]
    }, {
      "providerName" : "Library Gradle: org.jetbrains.kotlin:kotlin-stdlib-jdk8:1.6.10 (#1 class roots, #1 source roots)",
      "numberOfScannedFiles" : 22,
      "numberOfSkippedFiles" : 0,
      "numberOfFilesForIndexing" : 0,
      "numberOfFilesFullyIndexedByInfrastructureExtensions" : 0,
      "filesFullyIndexedByInfrastructureExtensions" : [ ],
      "statusTime" : 2211127,
      "totalOneThreadTimeWithPauses" : 2623667,
      "iterationAndScannersApplicationTime" : 42625,
      "filesCheckTime" : 2551125,
      "timeProcessingUpToDateFiles" : 427957,
      "timeUpdatingContentLessIndexes" : 0,
      "timeIndexingWithoutContentViaInfrastructureExtension" : 0,
      "roots" : [ ]
    }, {
      "providerName" : "Module 'Parking_Lot.Topics-Inheritance-Theory' (all roots)",
      "numberOfScannedFiles" : 3,
      "numberOfSkippedFiles" : 0,
      "numberOfFilesForIndexing" : 0,
      "numberOfFilesFullyIndexedByInfrastructureExtensions" : 0,
      "filesFullyIndexedByInfrastructureExtensions" : [ ],
      "statusTime" : 846957,
      "totalOneThreadTimeWithPauses" : 2153458,
      "iterationAndScannersApplicationTime" : 374292,
      "filesCheckTime" : 1755625,
      "timeProcessingUpToDateFiles" : 113041,
      "timeUpdatingContentLessIndexes" : 0,
      "timeIndexingWithoutContentViaInfrastructureExtension" : 0,
      "roots" : [ ]
    }, {
      "providerName" : "Module 'Parking_Lot.Topics-Inheritance-Constructing_a_hierarchy.main' (all roots)",
      "numberOfScannedFiles" : 1,
      "numberOfSkippedFiles" : 0,
      "numberOfFilesForIndexing" : 1,
      "numberOfFilesFullyIndexedByInfrastructureExtensions" : 0,
      "filesFullyIndexedByInfrastructureExtensions" : [ ],
      "statusTime" : 1000792,
      "totalOneThreadTimeWithPauses" : 2023500,
      "iterationAndScannersApplicationTime" : 488209,
      "filesCheckTime" : 1465375,
      "timeProcessingUpToDateFiles" : 26042,
      "timeUpdatingContentLessIndexes" : 26626,
      "timeIndexingWithoutContentViaInfrastructureExtension" : 806751,
      "roots" : [ ]
    }, {
      "providerName" : "Module 'Parking_Lot.Topics-Inheritance-Create_a_child_class' (all roots)",
      "numberOfScannedFiles" : 3,
      "numberOfSkippedFiles" : 0,
      "numberOfFilesForIndexing" : 0,
      "numberOfFilesFullyIndexedByInfrastructureExtensions" : 0,
      "filesFullyIndexedByInfrastructureExtensions" : [ ],
      "statusTime" : 677458,
      "totalOneThreadTimeWithPauses" : 1969666,
      "iterationAndScannersApplicationTime" : 934458,
      "filesCheckTime" : 995750,
      "timeProcessingUpToDateFiles" : 53413,
      "timeUpdatingContentLessIndexes" : 0,
      "timeIndexingWithoutContentViaInfrastructureExtension" : 0,
      "roots" : [ ]
    }, {
      "providerName" : "Module 'Parking_Lot.Topics-Inheritance-Constructing_a_hierarchy' (all roots)",
      "numberOfScannedFiles" : 3,
      "numberOfSkippedFiles" : 0,
      "numberOfFilesForIndexing" : 0,
      "numberOfFilesFullyIndexedByInfrastructureExtensions" : 0,
      "filesFullyIndexedByInfrastructureExtensions" : [ ],
      "statusTime" : 504751,
      "totalOneThreadTimeWithPauses" : 1939167,
      "iterationAndScannersApplicationTime" : 1276750,
      "filesCheckTime" : 633541,
      "timeProcessingUpToDateFiles" : 30751,
      "timeUpdatingContentLessIndexes" : 0,
      "timeIndexingWithoutContentViaInfrastructureExtension" : 0,
      "roots" : [ ]
    }, {
      "providerName" : "Module 'Parking_Lot.Topics-Inheritance-Constructing_a_hierarchy.test' (all roots)",
      "numberOfScannedFiles" : 0,
      "numberOfSkippedFiles" : 0,
      "numberOfFilesForIndexing" : 0,
      "numberOfFilesFullyIndexedByInfrastructureExtensions" : 0,
      "filesFullyIndexedByInfrastructureExtensions" : [ ],
      "statusTime" : 0,
      "totalOneThreadTimeWithPauses" : 1868292,
      "iterationAndScannersApplicationTime" : 1776083,
      "filesCheckTime" : 61792,
      "timeProcessingUpToDateFiles" : 0,
      "timeUpdatingContentLessIndexes" : 0,
      "timeIndexingWithoutContentViaInfrastructureExtension" : 0,
      "roots" : [ ]
    }, {
      "providerName" : "Module 'Parking_Lot.Topics-Inheritance-Theory.main' (all roots)",
      "numberOfScannedFiles" : 1,
      "numberOfSkippedFiles" : 0,
      "numberOfFilesForIndexing" : 1,
      "numberOfFilesFullyIndexedByInfrastructureExtensions" : 0,
      "filesFullyIndexedByInfrastructureExtensions" : [ ],
      "statusTime" : 1081375,
      "totalOneThreadTimeWithPauses" : 1836958,
      "iterationAndScannersApplicationTime" : 363209,
      "filesCheckTime" : 1447625,
      "timeProcessingUpToDateFiles" : 15166,
      "timeUpdatingContentLessIndexes" : 258126,
      "timeIndexingWithoutContentViaInfrastructureExtension" : 147999,
      "roots" : [ ]
    }, {
      "providerName" : "Module 'Parking_Lot.Topics-Inheritance-Create_a_child_class.main' (all roots)",
      "numberOfScannedFiles" : 1,
      "numberOfSkippedFiles" : 0,
      "numberOfFilesForIndexing" : 1,
      "numberOfFilesFullyIndexedByInfrastructureExtensions" : 0,
      "filesFullyIndexedByInfrastructureExtensions" : [ ],
      "statusTime" : 554000,
      "totalOneThreadTimeWithPauses" : 1705417,
      "iterationAndScannersApplicationTime" : 927083,
      "filesCheckTime" : 740416,
      "timeProcessingUpToDateFiles" : 6417,
      "timeUpdatingContentLessIndexes" : 230084,
      "timeIndexingWithoutContentViaInfrastructureExtension" : 74666,
      "roots" : [ ]
    }, {
      "providerName" : "Module 'Parking_Lot.Topics-Inheritance-Create_a_child_class.test' (all roots)",
      "numberOfScannedFiles" : 0,
      "numberOfSkippedFiles" : 0,
      "numberOfFilesForIndexing" : 0,
      "numberOfFilesFullyIndexedByInfrastructureExtensions" : 0,
      "filesFullyIndexedByInfrastructureExtensions" : [ ],
      "statusTime" : 0,
      "totalOneThreadTimeWithPauses" : 1704875,
      "iterationAndScannersApplicationTime" : 1643041,
      "filesCheckTime" : 33667,
      "timeProcessingUpToDateFiles" : 0,
      "timeUpdatingContentLessIndexes" : 0,
      "timeIndexingWithoutContentViaInfrastructureExtension" : 0,
      "roots" : [ ]
    }, {
      "providerName" : "Library Gradle: org.jetbrains.kotlin:kotlin-stdlib-jdk7:1.6.10 (#1 class roots, #1 source roots)",
      "numberOfScannedFiles" : 16,
      "numberOfSkippedFiles" : 0,
      "numberOfFilesForIndexing" : 0,
      "numberOfFilesFullyIndexedByInfrastructureExtensions" : 0,
      "filesFullyIndexedByInfrastructureExtensions" : [ ],
      "statusTime" : 787835,
      "totalOneThreadTimeWithPauses" : 1156167,
      "iterationAndScannersApplicationTime" : 96042,
      "filesCheckTime" : 1002208,
      "timeProcessingUpToDateFiles" : 131663,
      "timeUpdatingContentLessIndexes" : 0,
      "timeIndexingWithoutContentViaInfrastructureExtension" : 0,
      "roots" : [ ]
    }, {
      "providerName" : "Module 'Parking_Lot.Topics-Inheritance-Theory.test' (all roots)",
      "numberOfScannedFiles" : 0,
      "numberOfSkippedFiles" : 0,
      "numberOfFilesForIndexing" : 0,
      "numberOfFilesFullyIndexedByInfrastructureExtensions" : 0,
      "filesFullyIndexedByInfrastructureExtensions" : [ ],
      "statusTime" : 0,
      "totalOneThreadTimeWithPauses" : 334834,
      "iterationAndScannersApplicationTime" : 262542,
      "filesCheckTime" : 44333,
      "timeProcessingUpToDateFiles" : 0,
      "timeUpdatingContentLessIndexes" : 0,
      "timeIndexingWithoutContentViaInfrastructureExtension" : 0,
      "roots" : [ ]
    } ]
  }
}