{
  "appInfo" : {
    "build" : "233.13135.103",
    "buildDate" : "2023-12-20T05:05:00Z[UTC]",
    "productCode" : "IU",
    "generated" : "2024-01-12T03:44:00.205149Z",
    "os" : "macOS 14.2.1",
    "runtime" : "JetBrains s.r.o. 17.0.9 17.0.9+7-b1087.9"
  },
  "runtimeInfo" : {
    "maxMemory" : 2147483648,
    "numberOfProcessors" : 10,
    "maxNumberOfIndexingThreads" : 9,
    "maxSizeOfFileForIntelliSense" : 2560000,
    "maxSizeOfFileForContentLoading" : 20971520
  },
  "type" : "DumbIndexing",
  "projectIndexingActivityHistory" : {
    "projectName" : "Parking Lot",
    "times" : {
      "scanningIds" : [ 0 ],
      "contentLoadingVisibleTime" : 41941282,
      "retrievingChangedDuringIndexingFilesTime" : 1353625,
      "separateApplyingIndexesVisibleTime" : 276959728,
      "updatingStart" : "2024-01-12T03:43:57.475462Z",
      "updatingEnd" : "2024-01-12T03:44:00.204582Z",
      "totalWallTimeWithPauses" : 2729153917,
      "wallTimeOnPause" : 0,
      "wasInterrupted" : false,
      "dumbWallTimeWithoutPauses" : 2729153917,
      "dumbModeStart" : "2024-01-12T03:43:57.475462Z",
      "dumbWallTimeWithPauses" : 2729153917,
      "totalWallTimeWithoutPauses" : 2729153917
    },
    "fileCount" : {
      "numberOfChangedDuringIndexingFiles" : 13,
      "numberOfFilesIndexedByInfrastructureExtensionsDuringIndexingStage" : 0,
      "numberOfFilesIndexedWithLoadingContent" : 498,
      "numberOfNothingToWriteFiles" : 0
    },
    "totalStatsPerFileType" : [ {
      "fileType" : "XML",
      "partOfTotalProcessingTime" : {
        "part" : 7052703236,
        "total" : 14829938972
      },
      "partOfTotalContentLoadingTime" : {
        "part" : 109185625,
        "total" : 231849459
      },
      "totalNumberOfFiles" : 137,
      "totalFilesSize" : 4975558,
      "totalProcessingSpeed" : {
        "totalBytes" : 4975558,
        "totalCpuTime" : 7052703236
      },
      "biggestContributors" : [ {
        "providerName" : "Indexable set contributor 'com.intellij.javaee.ExternalResourcesRootsProvider@139e1fdf' (non-project)",
        "numberOfFiles" : 137,
        "totalFilesSize" : 4975558,
        "partOfTotalProcessingTimeOfThisFileType" : {
          "part" : 7052703236,
          "total" : 7052703236
        }
      } ]
    }, {
      "fileType" : "TypeScript",
      "partOfTotalProcessingTime" : {
        "part" : 4812067157,
        "total" : 14829938972
      },
      "partOfTotalContentLoadingTime" : {
        "part" : 47937746,
        "total" : 231849459
      },
      "totalNumberOfFiles" : 94,
      "totalFilesSize" : 2502730,
      "totalProcessingSpeed" : {
        "totalBytes" : 2502730,
        "totalCpuTime" : 4812067157
      },
      "biggestContributors" : [ {
        "providerName" : "Indexable set contributor 'JS required libraries' (project)",
        "numberOfFiles" : 80,
        "totalFilesSize" : 2457208,
        "partOfTotalProcessingTimeOfThisFileType" : {
          "part" : 4745254579,
          "total" : 4812067157
        }
      }, {
        "providerName" : "Indexable set contributor 'TypeScript bundled libraries' (project)",
        "numberOfFiles" : 14,
        "totalFilesSize" : 45522,
        "partOfTotalProcessingTimeOfThisFileType" : {
          "part" : 66812578,
          "total" : 4812067157
        }
      } ]
    }, {
      "fileType" : "Flow",
      "partOfTotalProcessingTime" : {
        "part" : 831641965,
        "total" : 14829938972
      },
      "partOfTotalContentLoadingTime" : {
        "part" : 5429753,
        "total" : 231849459
      },
      "totalNumberOfFiles" : 11,
      "totalFilesSize" : 140172,
      "totalProcessingSpeed" : {
        "totalBytes" : 140172,
        "totalCpuTime" : 831641965
      },
      "biggestContributors" : [ {
        "providerName" : "Indexable set contributor 'JS required libraries' (project)",
        "numberOfFiles" : 11,
        "totalFilesSize" : 140172,
        "partOfTotalProcessingTimeOfThisFileType" : {
          "part" : 831641965,
          "total" : 831641965
        }
      } ]
    }, {
      "fileType" : "DTD",
      "partOfTotalProcessingTime" : {
        "part" : 811662240,
        "total" : 14829938972
      },
      "partOfTotalContentLoadingTime" : {
        "part" : 35337583,
        "total" : 231849459
      },
      "totalNumberOfFiles" : 100,
      "totalFilesSize" : 1425541,
      "totalProcessingSpeed" : {
        "totalBytes" : 1425541,
        "totalCpuTime" : 811662240
      },
      "biggestContributors" : [ {
        "providerName" : "Indexable set contributor 'com.intellij.javaee.ExternalResourcesRootsProvider@139e1fdf' (non-project)",
        "numberOfFiles" : 100,
        "totalFilesSize" : 1425541,
        "partOfTotalProcessingTimeOfThisFileType" : {
          "part" : 811662240,
          "total" : 811662240
        }
      } ]
    }, {
      "fileType" : "kotlin_builtins",
      "partOfTotalProcessingTime" : {
        "part" : 694820376,
        "total" : 14829938972
      },
      "partOfTotalContentLoadingTime" : {
        "part" : 6792832,
        "total" : 231849459
      },
      "totalNumberOfFiles" : 7,
      "totalFilesSize" : 29924,
      "totalProcessingSpeed" : {
        "totalBytes" : 29924,
        "totalCpuTime" : 694820376
      },
      "biggestContributors" : [ {
        "providerName" : "Indexable set contributor 'org.jetbrains.kotlin.idea.base.indices.contributors.BuiltInsIndexableSetContributor@5b8c70d2' (non-project)",
        "numberOfFiles" : 7,
        "totalFilesSize" : 29924,
        "partOfTotalProcessingTimeOfThisFileType" : {
          "part" : 694820376,
          "total" : 694820376
        }
      } ]
    }, {
      "fileType" : "JSON",
      "partOfTotalProcessingTime" : {
        "part" : 283247292,
        "total" : 14829938972
      },
      "partOfTotalContentLoadingTime" : {
        "part" : 5255000,
        "total" : 231849459
      },
      "totalNumberOfFiles" : 2,
      "totalFilesSize" : 351,
      "totalProcessingSpeed" : {
        "totalBytes" : 351,
        "totalCpuTime" : 283247292
      },
      "biggestContributors" : [ {
        "providerName" : "Indexable set contributor 'com.intellij.httpClient.http.request.HttpRequestCollectionProvider@c2071e5' (non-project)",
        "numberOfFiles" : 2,
        "totalFilesSize" : 351,
        "partOfTotalProcessingTimeOfThisFileType" : {
          "part" : 283247292,
          "total" : 283247292
        }
      } ]
    }, {
      "fileType" : "RNG Compact",
      "partOfTotalProcessingTime" : {
        "part" : 173564209,
        "total" : 14829938972
      },
      "partOfTotalContentLoadingTime" : {
        "part" : 19167545,
        "total" : 231849459
      },
      "totalNumberOfFiles" : 124,
      "totalFilesSize" : 476287,
      "totalProcessingSpeed" : {
        "totalBytes" : 476287,
        "totalCpuTime" : 173564209
      },
      "biggestContributors" : [ {
        "providerName" : "Indexable set contributor 'com.intellij.javaee.ExternalResourcesRootsProvider@139e1fdf' (non-project)",
        "numberOfFiles" : 124,
        "totalFilesSize" : 476287,
        "partOfTotalProcessingTimeOfThisFileType" : {
          "part" : 173564209,
          "total" : 173564209
        }
      } ]
    }, {
      "fileType" : "XHTML",
      "partOfTotalProcessingTime" : {
        "part" : 159074917,
        "total" : 14829938972
      },
      "partOfTotalContentLoadingTime" : {
        "part" : 813834,
        "total" : 231849459
      },
      "totalNumberOfFiles" : 1,
      "totalFilesSize" : 2908,
      "totalProcessingSpeed" : {
        "totalBytes" : 2908,
        "totalCpuTime" : 159074917
      },
      "biggestContributors" : [ {
        "providerName" : "Indexable set contributor 'com.intellij.javaee.ExternalResourcesRootsProvider@139e1fdf' (non-project)",
        "numberOfFiles" : 1,
        "totalFilesSize" : 2908,
        "partOfTotalProcessingTimeOfThisFileType" : {
          "part" : 159074917,
          "total" : 159074917
        }
      } ]
    }, {
      "fileType" : "PLAIN_TEXT",
      "partOfTotalProcessingTime" : {
        "part" : 5518332,
        "total" : 14829938972
      },
      "partOfTotalContentLoadingTime" : {
        "part" : 741333,
        "total" : 231849459
      },
      "totalNumberOfFiles" : 1,
      "totalFilesSize" : 1296,
      "totalProcessingSpeed" : {
        "totalBytes" : 1296,
        "totalCpuTime" : 5518332
      },
      "biggestContributors" : [ {
        "providerName" : "Indexable set contributor 'com.intellij.javaee.ExternalResourcesRootsProvider@139e1fdf' (non-project)",
        "numberOfFiles" : 1,
        "totalFilesSize" : 1296,
        "partOfTotalProcessingTimeOfThisFileType" : {
          "part" : 5518332,
          "total" : 5518332
        }
      } ]
    }, {
      "fileType" : "UNKNOWN",
      "partOfTotalProcessingTime" : {
        "part" : 2823164,
        "total" : 14829938972
      },
      "partOfTotalContentLoadingTime" : {
        "part" : 801000,
        "total" : 231849459
      },
      "totalNumberOfFiles" : 13,
      "totalFilesSize" : 0,
      "totalProcessingSpeed" : {
        "totalBytes" : 0,
        "totalCpuTime" : 2823164
      },
      "biggestContributors" : [ {
        "providerName" : "Refreshed files",
        "numberOfFiles" : 13,
        "totalFilesSize" : 0,
        "partOfTotalProcessingTimeOfThisFileType" : {
          "part" : 2823164,
          "total" : 2823164
        }
      } ]
    }, {
      "fileType" : "PATCH",
      "partOfTotalProcessingTime" : {
        "part" : 2816084,
        "total" : 14829938972
      },
      "partOfTotalContentLoadingTime" : {
        "part" : 387208,
        "total" : 231849459
      },
      "totalNumberOfFiles" : 8,
      "totalFilesSize" : 4449,
      "totalProcessingSpeed" : {
        "totalBytes" : 4449,
        "totalCpuTime" : 2816084
      },
      "biggestContributors" : [ {
        "providerName" : "Indexable set contributor 'com.intellij.javaee.ExternalResourcesRootsProvider@139e1fdf' (non-project)",
        "numberOfFiles" : 8,
        "totalFilesSize" : 4449,
        "partOfTotalProcessingTimeOfThisFileType" : {
          "part" : 2816084,
          "total" : 2816084
        }
      } ]
    } ],
    "totalStatsPerBaseLanguage" : [ {
      "language" : "XML",
      "partOfTotalProcessingTime" : {
        "part" : 8023440393,
        "total" : 14829938972
      },
      "partOfTotalContentLoadingTime" : {
        "part" : 232663293,
        "total" : 231849459
      },
      "totalNumberOfFiles" : 238,
      "totalFilesSize" : 6404007,
      "totalProcessingSpeed" : {
        "totalBytes" : 6404007,
        "totalCpuTime" : 8023440393
      }
    }, {
      "language" : "JavaScript",
      "partOfTotalProcessingTime" : {
        "part" : 5643709122,
        "total" : 14829938972
      },
      "partOfTotalContentLoadingTime" : {
        "part" : 237279212,
        "total" : 231849459
      },
      "totalNumberOfFiles" : 105,
      "totalFilesSize" : 2642902,
      "totalProcessingSpeed" : {
        "totalBytes" : 2642902,
        "totalCpuTime" : 5643709122
      }
    }, {
      "language" : "TypeScript",
      "partOfTotalProcessingTime" : {
        "part" : 4812067157,
        "total" : 14829938972
      },
      "partOfTotalContentLoadingTime" : {
        "part" : 279787205,
        "total" : 231849459
      },
      "totalNumberOfFiles" : 94,
      "totalFilesSize" : 2502730,
      "totalProcessingSpeed" : {
        "totalBytes" : 2502730,
        "totalCpuTime" : 4812067157
      }
    }, {
      "language" : "Flow JS",
      "partOfTotalProcessingTime" : {
        "part" : 831641965,
        "total" : 14829938972
      },
      "partOfTotalContentLoadingTime" : {
        "part" : 237279212,
        "total" : 231849459
      },
      "totalNumberOfFiles" : 11,
      "totalFilesSize" : 140172,
      "totalProcessingSpeed" : {
        "totalBytes" : 140172,
        "totalCpuTime" : 831641965
      }
    }, {
      "language" : "ECMAScript 6",
      "partOfTotalProcessingTime" : {
        "part" : 831641965,
        "total" : 14829938972
      },
      "partOfTotalContentLoadingTime" : {
        "part" : 237279212,
        "total" : 231849459
      },
      "totalNumberOfFiles" : 11,
      "totalFilesSize" : 140172,
      "totalProcessingSpeed" : {
        "totalBytes" : 140172,
        "totalCpuTime" : 831641965
      }
    }, {
      "language" : "DTD",
      "partOfTotalProcessingTime" : {
        "part" : 811662240,
        "total" : 14829938972
      },
      "partOfTotalContentLoadingTime" : {
        "part" : 267187042,
        "total" : 231849459
      },
      "totalNumberOfFiles" : 100,
      "totalFilesSize" : 1425541,
      "totalProcessingSpeed" : {
        "totalBytes" : 1425541,
        "totalCpuTime" : 811662240
      }
    }, {
      "language" : "JSON",
      "partOfTotalProcessingTime" : {
        "part" : 283247292,
        "total" : 14829938972
      },
      "partOfTotalContentLoadingTime" : {
        "part" : 237104459,
        "total" : 231849459
      },
      "totalNumberOfFiles" : 2,
      "totalFilesSize" : 351,
      "totalProcessingSpeed" : {
        "totalBytes" : 351,
        "totalCpuTime" : 283247292
      }
    }, {
      "language" : "RELAX-NG",
      "partOfTotalProcessingTime" : {
        "part" : 173564209,
        "total" : 14829938972
      },
      "partOfTotalContentLoadingTime" : {
        "part" : 251017004,
        "total" : 231849459
      },
      "totalNumberOfFiles" : 124,
      "totalFilesSize" : 476287,
      "totalProcessingSpeed" : {
        "totalBytes" : 476287,
        "totalCpuTime" : 173564209
      }
    }, {
      "language" : "XHTML",
      "partOfTotalProcessingTime" : {
        "part" : 159074917,
        "total" : 14829938972
      },
      "partOfTotalContentLoadingTime" : {
        "part" : 232663293,
        "total" : 231849459
      },
      "totalNumberOfFiles" : 1,
      "totalFilesSize" : 2908,
      "totalProcessingSpeed" : {
        "totalBytes" : 2908,
        "totalCpuTime" : 159074917
      }
    }, {
      "language" : "TEXT",
      "partOfTotalProcessingTime" : {
        "part" : 5518332,
        "total" : 14829938972
      },
      "partOfTotalContentLoadingTime" : {
        "part" : 232590792,
        "total" : 231849459
      },
      "totalNumberOfFiles" : 1,
      "totalFilesSize" : 1296,
      "totalProcessingSpeed" : {
        "totalBytes" : 1296,
        "totalCpuTime" : 5518332
      }
    } ],
    "totalStatsPerIndexer" : [ {
      "indexId" : "Stubs",
      "partOfTotalIndexingTime" : {
        "part" : 4628631832,
        "total" : 12392105037
      },
      "totalNumberOfFiles" : 249,
      "totalNumberOfFilesIndexedByExtensions" : 0,
      "totalFilesSize" : 7648384,
      "indexValueChangerEvaluationSpeed" : {
        "totalBytes" : 7648384,
        "totalCpuTime" : 4628631832
      }
    }, {
      "indexId" : "XmlNamespaces",
      "partOfTotalIndexingTime" : {
        "part" : 1913899578,
        "total" : 12392105037
      },
      "totalNumberOfFiles" : 131,
      "totalNumberOfFilesIndexedByExtensions" : 0,
      "totalFilesSize" : 4712778,
      "indexValueChangerEvaluationSpeed" : {
        "totalBytes" : 4712778,
        "totalCpuTime" : 1913899578
      }
    }, {
      "indexId" : "SchemaTypeInheritance",
      "partOfTotalIndexingTime" : {
        "part" : 1736388834,
        "total" : 12392105037
      },
      "totalNumberOfFiles" : 96,
      "totalNumberOfFilesIndexedByExtensions" : 0,
      "totalFilesSize" : 3615752,
      "indexValueChangerEvaluationSpeed" : {
        "totalBytes" : 3615752,
        "totalCpuTime" : 1736388834
      }
    }, {
      "indexId" : "XmlTagNames",
      "partOfTotalIndexingTime" : {
        "part" : 1689614877,
        "total" : 12392105037
      },
      "totalNumberOfFiles" : 96,
      "totalNumberOfFilesIndexedByExtensions" : 0,
      "totalFilesSize" : 3615752,
      "indexValueChangerEvaluationSpeed" : {
        "totalBytes" : 3615752,
        "totalCpuTime" : 1689614877
      }
    }, {
      "indexId" : "IdIndex",
      "partOfTotalIndexingTime" : {
        "part" : 1634026715,
        "total" : 12392105037
      },
      "totalNumberOfFiles" : 470,
      "totalNumberOfFilesIndexedByExtensions" : 0,
      "totalFilesSize" : 9524843,
      "indexValueChangerEvaluationSpeed" : {
        "totalBytes" : 9524843,
        "totalCpuTime" : 1634026715
      }
    }, {
      "indexId" : "Trigram.Index",
      "partOfTotalIndexingTime" : {
        "part" : 527910372,
        "total" : 12392105037
      },
      "totalNumberOfFiles" : 478,
      "totalNumberOfFilesIndexedByExtensions" : 0,
      "totalFilesSize" : 9529292,
      "indexValueChangerEvaluationSpeed" : {
        "totalBytes" : 9529292,
        "totalCpuTime" : 527910372
      }
    }, {
      "indexId" : "DomFileIndex",
      "partOfTotalIndexingTime" : {
        "part" : 127594461,
        "total" : 12392105037
      },
      "totalNumberOfFiles" : 137,
      "totalNumberOfFilesIndexedByExtensions" : 0,
      "totalFilesSize" : 4975558,
      "indexValueChangerEvaluationSpeed" : {
        "totalBytes" : 4975558,
        "totalCpuTime" : 127594461
      }
    }, {
      "indexId" : "SpringXmlBeansIndex",
      "partOfTotalIndexingTime" : {
        "part" : 48284660,
        "total" : 12392105037
      },
      "totalNumberOfFiles" : 137,
      "totalNumberOfFilesIndexedByExtensions" : 0,
      "totalFilesSize" : 4975558,
      "indexValueChangerEvaluationSpeed" : {
        "totalBytes" : 4975558,
        "totalCpuTime" : 48284660
      }
    }, {
      "indexId" : "org.jetbrains.kotlin.idea.vfilefinder.KotlinPartialPackageNamesIndex",
      "partOfTotalIndexingTime" : {
        "part" : 21106667,
        "total" : 12392105037
      },
      "totalNumberOfFiles" : 7,
      "totalNumberOfFilesIndexedByExtensions" : 0,
      "totalFilesSize" : 29924,
      "indexValueChangerEvaluationSpeed" : {
        "totalBytes" : 29924,
        "totalCpuTime" : 21106667
      }
    }, {
      "indexId" : "SwReferencesIndex",
      "partOfTotalIndexingTime" : {
        "part" : 8972041,
        "total" : 12392105037
      },
      "totalNumberOfFiles" : 2,
      "totalNumberOfFilesIndexedByExtensions" : 0,
      "totalFilesSize" : 351,
      "indexValueChangerEvaluationSpeed" : {
        "totalBytes" : 351,
        "totalCpuTime" : 8972041
      }
    }, {
      "indexId" : "org.jetbrains.kotlin.idea.vfilefinder.KotlinShortClassNameFileIndex",
      "partOfTotalIndexingTime" : {
        "part" : 8418959,
        "total" : 12392105037
      },
      "totalNumberOfFiles" : 7,
      "totalNumberOfFilesIndexedByExtensions" : 0,
      "totalFilesSize" : 29924,
      "indexValueChangerEvaluationSpeed" : {
        "totalBytes" : 29924,
        "totalCpuTime" : 8418959
      }
    }, {
      "indexId" : "org.jetbrains.kotlin.idea.vfilefinder.KotlinBuiltInsMetadataIndex",
      "partOfTotalIndexingTime" : {
        "part" : 7687291,
        "total" : 12392105037
      },
      "totalNumberOfFiles" : 7,
      "totalNumberOfFilesIndexedByExtensions" : 0,
      "totalFilesSize" : 29924,
      "indexValueChangerEvaluationSpeed" : {
        "totalBytes" : 29924,
        "totalCpuTime" : 7687291
      }
    }, {
      "indexId" : "org.jetbrains.kotlin.idea.vfilefinder.KotlinMetadataFileIndex",
      "partOfTotalIndexingTime" : {
        "part" : 7528042,
        "total" : 12392105037
      },
      "totalNumberOfFiles" : 7,
      "totalNumberOfFilesIndexedByExtensions" : 0,
      "totalFilesSize" : 29924,
      "indexValueChangerEvaluationSpeed" : {
        "totalBytes" : 29924,
        "totalCpuTime" : 7528042
      }
    }, {
      "indexId" : "taglibUris",
      "partOfTotalIndexingTime" : {
        "part" : 6689126,
        "total" : 12392105037
      },
      "totalNumberOfFiles" : 3,
      "totalNumberOfFilesIndexedByExtensions" : 0,
      "totalFilesSize" : 66026,
      "indexValueChangerEvaluationSpeed" : {
        "totalBytes" : 66026,
        "totalCpuTime" : 6689126
      }
    }, {
      "indexId" : "org.jetbrains.kotlin.idea.vfilefinder.KotlinMetadataFilePackageIndex",
      "partOfTotalIndexingTime" : {
        "part" : 6462041,
        "total" : 12392105037
      },
      "totalNumberOfFiles" : 7,
      "totalNumberOfFilesIndexedByExtensions" : 0,
      "totalFilesSize" : 29924,
      "indexValueChangerEvaluationSpeed" : {
        "totalBytes" : 29924,
        "totalCpuTime" : 6462041
      }
    }, {
      "indexId" : "org.jetbrains.kotlin.idea.base.indices.names.KotlinTopLevelClassLikeDeclarationByPackageShortNameIndex",
      "partOfTotalIndexingTime" : {
        "part" : 4291291,
        "total" : 12392105037
      },
      "totalNumberOfFiles" : 7,
      "totalNumberOfFilesIndexedByExtensions" : 0,
      "totalFilesSize" : 29924,
      "indexValueChangerEvaluationSpeed" : {
        "totalBytes" : 29924,
        "totalCpuTime" : 4291291
      }
    }, {
      "indexId" : "org.jetbrains.kotlin.idea.base.indices.names.KotlinTopLevelCallableByPackageShortNameIndex",
      "partOfTotalIndexingTime" : {
        "part" : 3652291,
        "total" : 12392105037
      },
      "totalNumberOfFiles" : 7,
      "totalNumberOfFilesIndexedByExtensions" : 0,
      "totalFilesSize" : 29924,
      "indexValueChangerEvaluationSpeed" : {
        "totalBytes" : 29924,
        "totalCpuTime" : 3652291
      }
    }, {
      "indexId" : "js.test.names",
      "partOfTotalIndexingTime" : {
        "part" : 2813958,
        "total" : 12392105037
      },
      "totalNumberOfFiles" : 11,
      "totalNumberOfFilesIndexedByExtensions" : 0,
      "totalFilesSize" : 140172,
      "indexValueChangerEvaluationSpeed" : {
        "totalBytes" : 140172,
        "totalCpuTime" : 2813958
      }
    }, {
      "indexId" : "js.custom.single.entry.index",
      "partOfTotalIndexingTime" : {
        "part" : 1930706,
        "total" : 12392105037
      },
      "totalNumberOfFiles" : 105,
      "totalNumberOfFilesIndexedByExtensions" : 0,
      "totalFilesSize" : 2642902,
      "indexValueChangerEvaluationSpeed" : {
        "totalBytes" : 2642902,
        "totalCpuTime" : 1930706
      }
    }, {
      "indexId" : "org.jetbrains.kotlin.idea.versions.KotlinJsMetadataVersionIndex",
      "partOfTotalIndexingTime" : {
        "part" : 1915709,
        "total" : 12392105037
      },
      "totalNumberOfFiles" : 11,
      "totalNumberOfFilesIndexedByExtensions" : 0,
      "totalFilesSize" : 140172,
      "indexValueChangerEvaluationSpeed" : {
        "totalBytes" : 140172,
        "totalCpuTime" : 1915709
      }
    }, {
      "indexId" : "js.string.literal.words.index",
      "partOfTotalIndexingTime" : {
        "part" : 1523045,
        "total" : 12392105037
      },
      "totalNumberOfFiles" : 105,
      "totalNumberOfFilesIndexedByExtensions" : 0,
      "totalFilesSize" : 2642902,
      "indexValueChangerEvaluationSpeed" : {
        "totalBytes" : 2642902,
        "totalCpuTime" : 1523045
      }
    }, {
      "indexId" : "xmlProperties",
      "partOfTotalIndexingTime" : {
        "part" : 1298500,
        "total" : 12392105037
      },
      "totalNumberOfFiles" : 1,
      "totalNumberOfFilesIndexedByExtensions" : 0,
      "totalFilesSize" : 168371,
      "indexValueChangerEvaluationSpeed" : {
        "totalBytes" : 168371,
        "totalCpuTime" : 1298500
      }
    }, {
      "indexId" : "OpenapiSpecificationContentIndexer",
      "partOfTotalIndexingTime" : {
        "part" : 815416,
        "total" : 12392105037
      },
      "totalNumberOfFiles" : 2,
      "totalNumberOfFilesIndexedByExtensions" : 0,
      "totalFilesSize" : 351,
      "indexValueChangerEvaluationSpeed" : {
        "totalBytes" : 351,
        "totalCpuTime" : 815416
      }
    }, {
      "indexId" : "http.request.execution.environment",
      "partOfTotalIndexingTime" : {
        "part" : 468250,
        "total" : 12392105037
      },
      "totalNumberOfFiles" : 2,
      "totalNumberOfFilesIndexedByExtensions" : 0,
      "totalFilesSize" : 351,
      "indexValueChangerEvaluationSpeed" : {
        "totalBytes" : 351,
        "totalCpuTime" : 468250
      }
    }, {
      "indexId" : "json.file.root.values",
      "partOfTotalIndexingTime" : {
        "part" : 180375,
        "total" : 12392105037
      },
      "totalNumberOfFiles" : 2,
      "totalNumberOfFilesIndexedByExtensions" : 0,
      "totalFilesSize" : 351,
      "indexValueChangerEvaluationSpeed" : {
        "totalBytes" : 351,
        "totalCpuTime" : 180375
      }
    } ],
    "statisticsOfChangedDuringIndexingFiles" : {
      "numberOfFiles" : 13,
      "retrievingTime" : 1353625
    },
    "fileProviderStatistics" : [ {
      "providerName" : "Indexable set contributor 'com.intellij.javaee.ExternalResourcesRootsProvider@139e1fdf' (non-project)",
      "totalNumberOfIndexedFiles" : 371,
      "totalNumberOfFilesFullyIndexedByExtensions" : 0,
      "totalNumberOfNothingToWriteFiles" : 0,
      "totalIndexingVisibleTime" : 1478605954,
      "contentLoadingVisibleTime" : 29847167,
      "numberOfTooLargeForIndexingFiles" : 0,
      "slowIndexedFiles" : [ ],
      "filesFullyIndexedByExtensions" : [ ],
      "separateApplyingIndexesVisibleTime" : 138157256
    }, {
      "providerName" : "Indexable set contributor 'JS required libraries' (project)",
      "totalNumberOfIndexedFiles" : 91,
      "totalNumberOfFilesFullyIndexedByExtensions" : 0,
      "totalNumberOfNothingToWriteFiles" : 0,
      "totalIndexingVisibleTime" : 1004959383,
      "contentLoadingVisibleTime" : 8991027,
      "numberOfTooLargeForIndexingFiles" : 0,
      "slowIndexedFiles" : [ {
        "fileName" : "lib.webworker.d.ts",
        "processingTime" : 796265751,
        "evaluationOfIndexValueChangerTime" : 682938333,
        "contentLoadingTime" : 4039792
      }, {
        "fileName" : "lib.dom.d.ts",
        "processingTime" : 1478852291,
        "evaluationOfIndexValueChangerTime" : 1282929749,
        "contentLoadingTime" : 13074541
      } ],
      "filesFullyIndexedByExtensions" : [ ],
      "separateApplyingIndexesVisibleTime" : 117408716
    }, {
      "providerName" : "Indexable set contributor 'org.jetbrains.kotlin.idea.base.indices.contributors.BuiltInsIndexableSetContributor@5b8c70d2' (non-project)",
      "totalNumberOfIndexedFiles" : 7,
      "totalNumberOfFilesFullyIndexedByExtensions" : 0,
      "totalNumberOfNothingToWriteFiles" : 0,
      "totalIndexingVisibleTime" : 125206958,
      "contentLoadingVisibleTime" : 1224071,
      "numberOfTooLargeForIndexingFiles" : 0,
      "slowIndexedFiles" : [ ],
      "filesFullyIndexedByExtensions" : [ ],
      "separateApplyingIndexesVisibleTime" : 11763922
    }, {
      "providerName" : "Indexable set contributor 'com.intellij.httpClient.http.request.HttpRequestCollectionProvider@c2071e5' (non-project)",
      "totalNumberOfIndexedFiles" : 2,
      "totalNumberOfFilesFullyIndexedByExtensions" : 0,
      "totalNumberOfNothingToWriteFiles" : 0,
      "totalIndexingVisibleTime" : 51041295,
      "contentLoadingVisibleTime" : 946953,
      "numberOfTooLargeForIndexingFiles" : 0,
      "slowIndexedFiles" : [ ],
      "filesFullyIndexedByExtensions" : [ ],
      "separateApplyingIndexesVisibleTime" : 6954739
    }, {
      "providerName" : "Indexable set contributor 'TypeScript bundled libraries' (project)",
      "totalNumberOfIndexedFiles" : 14,
      "totalNumberOfFilesFullyIndexedByExtensions" : 0,
      "totalNumberOfNothingToWriteFiles" : 0,
      "totalIndexingVisibleTime" : 12039658,
      "contentLoadingVisibleTime" : 625820,
      "numberOfTooLargeForIndexingFiles" : 0,
      "slowIndexedFiles" : [ ],
      "filesFullyIndexedByExtensions" : [ ],
      "separateApplyingIndexesVisibleTime" : 2627066
    }, {
      "providerName" : "Refreshed files",
      "totalNumberOfIndexedFiles" : 13,
      "totalNumberOfFilesFullyIndexedByExtensions" : 0,
      "totalNumberOfNothingToWriteFiles" : 0,
      "totalIndexingVisibleTime" : 1079375,
      "contentLoadingVisibleTime" : 306244,
      "numberOfTooLargeForIndexingFiles" : 0,
      "slowIndexedFiles" : [ ],
      "filesFullyIndexedByExtensions" : [ ],
      "separateApplyingIndexesVisibleTime" : 48029
    } ],
    "visibleTimeToAllThreadTimeRatio" : 0.3823281254649039
  }
}