{
  "appInfo" : {
    "build" : "233.13135.103",
    "buildDate" : "2023-12-20T05:05:00Z[UTC]",
    "productCode" : "IU",
    "generated" : "2024-02-02T21:23:52.101172Z",
    "os" : "macOS 14.3",
    "runtime" : "JetBrains s.r.o. 17.0.9 17.0.9+7-b1087.9"
  },
  "runtimeInfo" : {
    "maxMemory" : 2147483648,
    "numberOfProcessors" : 10,
    "maxNumberOfIndexingThreads" : 9,
    "maxSizeOfFileForIntelliSense" : 2560000,
    "maxSizeOfFileForContentLoading" : 20971520
  },
  "type" : "DumbIndexing",
  "projectIndexingActivityHistory" : {
    "projectName" : "Parking Lot",
    "times" : {
      "scanningIds" : [ ],
      "contentLoadingVisibleTime" : 979467,
      "retrievingChangedDuringIndexingFilesTime" : 178750,
      "separateApplyingIndexesVisibleTime" : 16520926,
      "updatingStart" : "2024-02-02T21:23:51.86255Z",
      "updatingEnd" : "2024-02-02T21:23:52.100478Z",
      "totalWallTimeWithPauses" : 237923167,
      "wallTimeOnPause" : 0,
      "wasInterrupted" : false,
      "dumbModeStart" : "2024-02-02T21:23:51.86255Z",
      "dumbWallTimeWithPauses" : 237923167,
      "dumbWallTimeWithoutPauses" : 237923167,
      "totalWallTimeWithoutPauses" : 237923167
    },
    "fileCount" : {
      "numberOfChangedDuringIndexingFiles" : 31,
      "numberOfFilesIndexedByInfrastructureExtensionsDuringIndexingStage" : 0,
      "numberOfFilesIndexedWithLoadingContent" : 31,
      "numberOfNothingToWriteFiles" : 0
    },
    "totalStatsPerFileType" : [ {
      "fileType" : "HTML",
      "partOfTotalProcessingTime" : {
        "part" : 418059753,
        "total" : 565462551
      },
      "partOfTotalContentLoadingTime" : {
        "part" : 602376,
        "total" : 2674791
      },
      "totalNumberOfFiles" : 9,
      "totalFilesSize" : 16296,
      "totalProcessingSpeed" : {
        "totalBytes" : 16296,
        "totalCpuTime" : 418059753
      },
      "biggestContributors" : [ {
        "providerName" : "Refreshed files",
        "numberOfFiles" : 9,
        "totalFilesSize" : 16296,
        "partOfTotalProcessingTimeOfThisFileType" : {
          "part" : 418059753,
          "total" : 418059753
        }
      } ]
    }, {
      "fileType" : "YAML",
      "partOfTotalProcessingTime" : {
        "part" : 77220295,
        "total" : 565462551
      },
      "partOfTotalContentLoadingTime" : {
        "part" : 1790289,
        "total" : 2674791
      },
      "totalNumberOfFiles" : 19,
      "totalFilesSize" : 39936,
      "totalProcessingSpeed" : {
        "totalBytes" : 39936,
        "totalCpuTime" : 77220295
      },
      "biggestContributors" : [ {
        "providerName" : "Refreshed files",
        "numberOfFiles" : 19,
        "totalFilesSize" : 39936,
        "partOfTotalProcessingTimeOfThisFileType" : {
          "part" : 77220295,
          "total" : 77220295
        }
      } ]
    }, {
      "fileType" : "Gradle",
      "partOfTotalProcessingTime" : {
        "part" : 54645628,
        "total" : 565462551
      },
      "partOfTotalContentLoadingTime" : {
        "part" : 237334,
        "total" : 2674791
      },
      "totalNumberOfFiles" : 2,
      "totalFilesSize" : 2980,
      "totalProcessingSpeed" : {
        "totalBytes" : 2980,
        "totalCpuTime" : 54645628
      },
      "biggestContributors" : [ {
        "providerName" : "Refreshed files",
        "numberOfFiles" : 2,
        "totalFilesSize" : 2980,
        "partOfTotalProcessingTimeOfThisFileType" : {
          "part" : 54645628,
          "total" : 54645628
        }
      } ]
    }, {
      "fileType" : "Kotlin",
      "partOfTotalProcessingTime" : {
        "part" : 15536875,
        "total" : 565462551
      },
      "partOfTotalContentLoadingTime" : {
        "part" : 44792,
        "total" : 2674791
      },
      "totalNumberOfFiles" : 1,
      "totalFilesSize" : 5218,
      "totalProcessingSpeed" : {
        "totalBytes" : 5218,
        "totalCpuTime" : 15536875
      },
      "biggestContributors" : [ {
        "providerName" : "Refreshed files",
        "numberOfFiles" : 1,
        "totalFilesSize" : 5218,
        "partOfTotalProcessingTimeOfThisFileType" : {
          "part" : 15536875,
          "total" : 15536875
        }
      } ]
    } ],
    "totalStatsPerBaseLanguage" : [ {
      "language" : "HTML",
      "partOfTotalProcessingTime" : {
        "part" : 418059753,
        "total" : 565462551
      },
      "partOfTotalContentLoadingTime" : {
        "part" : 3277167,
        "total" : 2674791
      },
      "totalNumberOfFiles" : 9,
      "totalFilesSize" : 16296,
      "totalProcessingSpeed" : {
        "totalBytes" : 16296,
        "totalCpuTime" : 418059753
      }
    }, {
      "language" : "XML",
      "partOfTotalProcessingTime" : {
        "part" : 418059753,
        "total" : 565462551
      },
      "partOfTotalContentLoadingTime" : {
        "part" : 3277167,
        "total" : 2674791
      },
      "totalNumberOfFiles" : 9,
      "totalFilesSize" : 16296,
      "totalProcessingSpeed" : {
        "totalBytes" : 16296,
        "totalCpuTime" : 418059753
      }
    }, {
      "language" : "yaml",
      "partOfTotalProcessingTime" : {
        "part" : 77220295,
        "total" : 565462551
      },
      "partOfTotalContentLoadingTime" : {
        "part" : 4465080,
        "total" : 2674791
      },
      "totalNumberOfFiles" : 19,
      "totalFilesSize" : 39936,
      "totalProcessingSpeed" : {
        "totalBytes" : 39936,
        "totalCpuTime" : 77220295
      }
    }, {
      "language" : "Groovy",
      "partOfTotalProcessingTime" : {
        "part" : 54645628,
        "total" : 565462551
      },
      "partOfTotalContentLoadingTime" : {
        "part" : 2912125,
        "total" : 2674791
      },
      "totalNumberOfFiles" : 2,
      "totalFilesSize" : 2980,
      "totalProcessingSpeed" : {
        "totalBytes" : 2980,
        "totalCpuTime" : 54645628
      }
    }, {
      "language" : "kotlin",
      "partOfTotalProcessingTime" : {
        "part" : 15536875,
        "total" : 565462551
      },
      "partOfTotalContentLoadingTime" : {
        "part" : 2719583,
        "total" : 2674791
      },
      "totalNumberOfFiles" : 1,
      "totalFilesSize" : 5218,
      "totalProcessingSpeed" : {
        "totalBytes" : 5218,
        "totalCpuTime" : 15536875
      }
    } ],
    "totalStatsPerIndexer" : [ {
      "indexId" : "js.implicit.elements.index",
      "partOfTotalIndexingTime" : {
        "part" : 204255541,
        "total" : 492869044
      },
      "totalNumberOfFiles" : 9,
      "totalNumberOfFilesIndexedByExtensions" : 0,
      "totalFilesSize" : 16296,
      "indexValueChangerEvaluationSpeed" : {
        "totalBytes" : 16296,
        "totalCpuTime" : 204255541
      }
    }, {
      "indexId" : "IdIndex",
      "partOfTotalIndexingTime" : {
        "part" : 130110584,
        "total" : 492869044
      },
      "totalNumberOfFiles" : 31,
      "totalNumberOfFilesIndexedByExtensions" : 0,
      "totalFilesSize" : 64430,
      "indexValueChangerEvaluationSpeed" : {
        "totalBytes" : 64430,
        "totalCpuTime" : 130110584
      }
    }, {
      "indexId" : "Stubs",
      "partOfTotalIndexingTime" : {
        "part" : 51802250,
        "total" : 492869044
      },
      "totalNumberOfFiles" : 12,
      "totalNumberOfFilesIndexedByExtensions" : 0,
      "totalFilesSize" : 24494,
      "indexValueChangerEvaluationSpeed" : {
        "totalBytes" : 24494,
        "totalCpuTime" : 51802250
      }
    }, {
      "indexId" : "yaml.keys.name",
      "partOfTotalIndexingTime" : {
        "part" : 21414207,
        "total" : 492869044
      },
      "totalNumberOfFiles" : 19,
      "totalNumberOfFilesIndexedByExtensions" : 0,
      "totalFilesSize" : 39936,
      "indexValueChangerEvaluationSpeed" : {
        "totalBytes" : 39936,
        "totalCpuTime" : 21414207
      }
    }, {
      "indexId" : "fileIncludes",
      "partOfTotalIndexingTime" : {
        "part" : 17912791,
        "total" : 492869044
      },
      "totalNumberOfFiles" : 9,
      "totalNumberOfFilesIndexedByExtensions" : 0,
      "totalFilesSize" : 16296,
      "indexValueChangerEvaluationSpeed" : {
        "totalBytes" : 16296,
        "totalCpuTime" : 17912791
      }
    }, {
      "indexId" : "css.template.selectors",
      "partOfTotalIndexingTime" : {
        "part" : 12384418,
        "total" : 492869044
      },
      "totalNumberOfFiles" : 9,
      "totalNumberOfFilesIndexedByExtensions" : 0,
      "totalFilesSize" : 16296,
      "indexValueChangerEvaluationSpeed" : {
        "totalBytes" : 16296,
        "totalCpuTime" : 12384418
      }
    }, {
      "indexId" : "CssIndex",
      "partOfTotalIndexingTime" : {
        "part" : 11567664,
        "total" : 492869044
      },
      "totalNumberOfFiles" : 9,
      "totalNumberOfFilesIndexedByExtensions" : 0,
      "totalFilesSize" : 16296,
      "indexValueChangerEvaluationSpeed" : {
        "totalBytes" : 16296,
        "totalCpuTime" : 11567664
      }
    }, {
      "indexId" : "Trigram.Index",
      "partOfTotalIndexingTime" : {
        "part" : 9055168,
        "total" : 492869044
      },
      "totalNumberOfFiles" : 31,
      "totalNumberOfFilesIndexedByExtensions" : 0,
      "totalFilesSize" : 64430,
      "indexValueChangerEvaluationSpeed" : {
        "totalBytes" : 64430,
        "totalCpuTime" : 9055168
      }
    }, {
      "indexId" : "WebComponentsIndex",
      "partOfTotalIndexingTime" : {
        "part" : 6322003,
        "total" : 492869044
      },
      "totalNumberOfFiles" : 9,
      "totalNumberOfFilesIndexedByExtensions" : 0,
      "totalFilesSize" : 16296,
      "indexValueChangerEvaluationSpeed" : {
        "totalBytes" : 16296,
        "totalCpuTime" : 6322003
      }
    }, {
      "indexId" : "html5.custom.attributes.index",
      "partOfTotalIndexingTime" : {
        "part" : 4806459,
        "total" : 492869044
      },
      "totalNumberOfFiles" : 9,
      "totalNumberOfFilesIndexedByExtensions" : 0,
      "totalFilesSize" : 16296,
      "indexValueChangerEvaluationSpeed" : {
        "totalBytes" : 16296,
        "totalCpuTime" : 4806459
      }
    }, {
      "indexId" : "HtmlScriptSrcIndex",
      "partOfTotalIndexingTime" : {
        "part" : 4728873,
        "total" : 492869044
      },
      "totalNumberOfFiles" : 9,
      "totalNumberOfFilesIndexedByExtensions" : 0,
      "totalFilesSize" : 16296,
      "indexValueChangerEvaluationSpeed" : {
        "totalBytes" : 16296,
        "totalCpuTime" : 4728873
      }
    }, {
      "indexId" : "org.jetbrains.kotlin.idea.vfilefinder.KotlinShortClassNameFileIndex",
      "partOfTotalIndexingTime" : {
        "part" : 3324375,
        "total" : 492869044
      },
      "totalNumberOfFiles" : 1,
      "totalNumberOfFilesIndexedByExtensions" : 0,
      "totalFilesSize" : 5218,
      "indexValueChangerEvaluationSpeed" : {
        "totalBytes" : 5218,
        "totalCpuTime" : 3324375
      }
    }, {
      "indexId" : "org.jetbrains.kotlin.idea.vfilefinder.KotlinPartialPackageNamesIndex",
      "partOfTotalIndexingTime" : {
        "part" : 3184000,
        "total" : 492869044
      },
      "totalNumberOfFiles" : 1,
      "totalNumberOfFilesIndexedByExtensions" : 0,
      "totalFilesSize" : 5218,
      "indexValueChangerEvaluationSpeed" : {
        "totalBytes" : 5218,
        "totalCpuTime" : 3184000
      }
    }, {
      "indexId" : "HtmlTagIdIndex",
      "partOfTotalIndexingTime" : {
        "part" : 2548916,
        "total" : 492869044
      },
      "totalNumberOfFiles" : 9,
      "totalNumberOfFilesIndexedByExtensions" : 0,
      "totalFilesSize" : 16296,
      "indexValueChangerEvaluationSpeed" : {
        "totalBytes" : 16296,
        "totalCpuTime" : 2548916
      }
    }, {
      "indexId" : "angularjs.template.cache",
      "partOfTotalIndexingTime" : {
        "part" : 2305167,
        "total" : 492869044
      },
      "totalNumberOfFiles" : 9,
      "totalNumberOfFilesIndexedByExtensions" : 0,
      "totalFilesSize" : 16296,
      "indexValueChangerEvaluationSpeed" : {
        "totalBytes" : 16296,
        "totalCpuTime" : 2305167
      }
    }, {
      "indexId" : "angularjs.app.index",
      "partOfTotalIndexingTime" : {
        "part" : 1787418,
        "total" : 492869044
      },
      "totalNumberOfFiles" : 9,
      "totalNumberOfFilesIndexedByExtensions" : 0,
      "totalFilesSize" : 16296,
      "indexValueChangerEvaluationSpeed" : {
        "totalBytes" : 16296,
        "totalCpuTime" : 1787418
      }
    }, {
      "indexId" : "angularjs.ui.router.views.index",
      "partOfTotalIndexingTime" : {
        "part" : 1672416,
        "total" : 492869044
      },
      "totalNumberOfFiles" : 9,
      "totalNumberOfFilesIndexedByExtensions" : 0,
      "totalFilesSize" : 16296,
      "indexValueChangerEvaluationSpeed" : {
        "totalBytes" : 16296,
        "totalCpuTime" : 1672416
      }
    }, {
      "indexId" : "OpenapiSpecificationContentIndexer",
      "partOfTotalIndexingTime" : {
        "part" : 1594292,
        "total" : 492869044
      },
      "totalNumberOfFiles" : 19,
      "totalNumberOfFilesIndexedByExtensions" : 0,
      "totalFilesSize" : 39936,
      "indexValueChangerEvaluationSpeed" : {
        "totalBytes" : 39936,
        "totalCpuTime" : 1594292
      }
    }, {
      "indexId" : "SwReferencesIndex",
      "partOfTotalIndexingTime" : {
        "part" : 873586,
        "total" : 492869044
      },
      "totalNumberOfFiles" : 19,
      "totalNumberOfFilesIndexedByExtensions" : 0,
      "totalFilesSize" : 39936,
      "indexValueChangerEvaluationSpeed" : {
        "totalBytes" : 39936,
        "totalCpuTime" : 873586
      }
    }, {
      "indexId" : "docker.compose.services",
      "partOfTotalIndexingTime" : {
        "part" : 800790,
        "total" : 492869044
      },
      "totalNumberOfFiles" : 19,
      "totalNumberOfFilesIndexedByExtensions" : 0,
      "totalFilesSize" : 39936,
      "indexValueChangerEvaluationSpeed" : {
        "totalBytes" : 39936,
        "totalCpuTime" : 800790
      }
    }, {
      "indexId" : "js.custom.single.entry.index",
      "partOfTotalIndexingTime" : {
        "part" : 221209,
        "total" : 492869044
      },
      "totalNumberOfFiles" : 9,
      "totalNumberOfFilesIndexedByExtensions" : 0,
      "totalFilesSize" : 16296,
      "indexValueChangerEvaluationSpeed" : {
        "totalBytes" : 16296,
        "totalCpuTime" : 221209
      }
    }, {
      "indexId" : "org.jetbrains.kotlin.idea.base.indices.names.KotlinTopLevelCallableByPackageShortNameIndex",
      "partOfTotalIndexingTime" : {
        "part" : 87500,
        "total" : 492869044
      },
      "totalNumberOfFiles" : 1,
      "totalNumberOfFilesIndexedByExtensions" : 0,
      "totalFilesSize" : 5218,
      "indexValueChangerEvaluationSpeed" : {
        "totalBytes" : 5218,
        "totalCpuTime" : 87500
      }
    }, {
      "indexId" : "org.jetbrains.kotlin.idea.vfilefinder.KotlinPackageSourcesMemberNamesIndex",
      "partOfTotalIndexingTime" : {
        "part" : 72667,
        "total" : 492869044
      },
      "totalNumberOfFiles" : 1,
      "totalNumberOfFilesIndexedByExtensions" : 0,
      "totalFilesSize" : 5218,
      "indexValueChangerEvaluationSpeed" : {
        "totalBytes" : 5218,
        "totalCpuTime" : 72667
      }
    }, {
      "indexId" : "org.jetbrains.kotlin.idea.base.indices.names.KotlinTopLevelClassLikeDeclarationByPackageShortNameIndex",
      "partOfTotalIndexingTime" : {
        "part" : 36750,
        "total" : 492869044
      },
      "totalNumberOfFiles" : 1,
      "totalNumberOfFilesIndexedByExtensions" : 0,
      "totalFilesSize" : 5218,
      "indexValueChangerEvaluationSpeed" : {
        "totalBytes" : 5218,
        "totalCpuTime" : 36750
      }
    } ],
    "statisticsOfChangedDuringIndexingFiles" : {
      "numberOfFiles" : 31,
      "retrievingTime" : 178750
    },
    "fileProviderStatistics" : [ {
      "providerName" : "Refreshed files",
      "totalNumberOfIndexedFiles" : 31,
      "totalNumberOfFilesFullyIndexedByExtensions" : 0,
      "totalNumberOfNothingToWriteFiles" : 0,
      "totalIndexingVisibleTime" : 207063708,
      "contentLoadingVisibleTime" : 979467,
      "numberOfTooLargeForIndexingFiles" : 0,
      "slowIndexedFiles" : [ ],
      "filesFullyIndexedByExtensions" : [ ],
      "separateApplyingIndexesVisibleTime" : 16520926
    } ],
    "visibleTimeToAllThreadTimeRatio" : 0.3661846529603337
  }
}