{
  "appInfo" : {
    "build" : "233.13135.103",
    "buildDate" : "2023-12-20T05:05:00Z[UTC]",
    "productCode" : "IU",
    "generated" : "2024-01-12T03:45:21.304154Z",
    "os" : "macOS 14.2.1",
    "runtime" : "JetBrains s.r.o. 17.0.9 17.0.9+7-b1087.9"
  },
  "runtimeInfo" : {
    "maxMemory" : 2147483648,
    "numberOfProcessors" : 10,
    "maxNumberOfIndexingThreads" : 9,
    "maxSizeOfFileForIntelliSense" : 2560000,
    "maxSizeOfFileForContentLoading" : 20971520
  },
  "type" : "Scanning",
  "projectIndexingActivityHistory" : {
    "projectName" : "Parking Lot",
    "times" : {
      "scanningReason" : "changes in: \"Library Gradle: junit:junit:4.13.2 (#1 class roots, #0 source roots)\"",
      "scanningType" : "PARTIAL",
      "scanningId" : 4,
      "creatingIteratorsTime" : 1000,
      "concurrentHandlingWallTimeWithoutPauses" : 11997000,
      "concurrentHandlingWallTimeWithPauses" : 11997000,
      "concurrentHandlingSumOfThreadTimesWithPauses" : 7610125,
      "concurrentIterationAndScannersApplicationSumOfThreadTimesWithPauses" : 507542,
      "concurrentFileCheckSumOfThreadTimesWithPauses" : 7032208,
      "delayedPushPropertiesStageTime" : 2000,
      "indexExtensionsTime" : 904612,
      "dumbModeStart" : "2024-01-12T03:45:21.290719Z",
      "dumbWallTimeWithPauses" : 12280000,
      "dumbWallTimeWithoutPauses" : 12280000,
      "updatingStart" : "2024-01-12T03:45:21.29062Z",
      "updatingEnd" : "2024-01-12T03:45:21.302999Z",
      "totalWallTimeWithPauses" : 12380583,
      "wallTimeOnPause" : 15000,
      "wasInterrupted" : false,
      "totalWallTimeWithoutPauses" : 12365583
    },
    "fileCount" : {
      "numberOfFileProviders" : 1,
      "numberOfScannedFiles" : 354,
      "numberOfFilesIndexedByInfrastructureExtensionsDuringScan" : 0,
      "numberOfFilesScheduledForIndexingAfterScan" : 352
    },
    "scanningStatistics" : [ {
      "providerName" : "Library Gradle: junit:junit:4.13.2 (#1 class roots, #0 source roots)",
      "numberOfScannedFiles" : 354,
      "numberOfSkippedFiles" : 0,
      "numberOfFilesForIndexing" : 352,
      "numberOfFilesFullyIndexedByInfrastructureExtensions" : 0,
      "filesFullyIndexedByInfrastructureExtensions" : [ ],
      "statusTime" : 5845783,
      "totalOneThreadTimeWithPauses" : 7610125,
      "iterationAndScannersApplicationTime" : 507542,
      "filesCheckTime" : 7032208,
      "timeProcessingUpToDateFiles" : 0,
      "timeUpdatingContentLessIndexes" : 0,
      "timeIndexingWithoutContentViaInfrastructureExtension" : 904612,
      "roots" : [ ]
    } ]
  }
}