{
  "appInfo" : {
    "build" : "233.13135.103",
    "buildDate" : "2023-12-20T05:05:00Z[UTC]",
    "productCode" : "IU",
    "generated" : "2024-02-02T21:27:34.394331Z",
    "os" : "macOS 14.3",
    "runtime" : "JetBrains s.r.o. 17.0.9 17.0.9+7-b1087.9"
  },
  "runtimeInfo" : {
    "maxMemory" : 2147483648,
    "numberOfProcessors" : 10,
    "maxNumberOfIndexingThreads" : 9,
    "maxSizeOfFileForIntelliSense" : 2560000,
    "maxSizeOfFileForContentLoading" : 20971520
  },
  "type" : "DumbIndexing",
  "projectIndexingActivityHistory" : {
    "projectName" : "Parking Lot",
    "times" : {
      "scanningIds" : [ ],
      "contentLoadingVisibleTime" : 10464264,
      "retrievingChangedDuringIndexingFilesTime" : 20542,
      "separateApplyingIndexesVisibleTime" : 5122063,
      "updatingStart" : "2024-02-02T21:27:34.149374Z",
      "updatingEnd" : "2024-02-02T21:27:34.394092Z",
      "totalWallTimeWithPauses" : 244719125,
      "wallTimeOnPause" : 0,
      "wasInterrupted" : false,
      "dumbModeStart" : "2024-02-02T21:27:34.149374Z",
      "dumbWallTimeWithPauses" : 244719125,
      "dumbWallTimeWithoutPauses" : 244719125,
      "totalWallTimeWithoutPauses" : 244719125
    },
    "fileCount" : {
      "numberOfChangedDuringIndexingFiles" : 6,
      "numberOfFilesIndexedByInfrastructureExtensionsDuringIndexingStage" : 0,
      "numberOfFilesIndexedWithLoadingContent" : 6,
      "numberOfNothingToWriteFiles" : 0
    },
    "totalStatsPerFileType" : [ {
      "fileType" : "CSS",
      "partOfTotalProcessingTime" : {
        "part" : 286470251,
        "total" : 602741502
      },
      "partOfTotalContentLoadingTime" : {
        "part" : 778083,
        "total" : 28473166
      },
      "totalNumberOfFiles" : 2,
      "totalFilesSize" : 3780,
      "totalProcessingSpeed" : {
        "totalBytes" : 3780,
        "totalCpuTime" : 286470251
      },
      "biggestContributors" : [ {
        "providerName" : "Refreshed files",
        "numberOfFiles" : 2,
        "totalFilesSize" : 3780,
        "partOfTotalProcessingTimeOfThisFileType" : {
          "part" : 286470251,
          "total" : 286470251
        }
      } ]
    }, {
      "fileType" : "JavaScript",
      "partOfTotalProcessingTime" : {
        "part" : 222102625,
        "total" : 602741502
      },
      "partOfTotalContentLoadingTime" : {
        "part" : 149083,
        "total" : 28473166
      },
      "totalNumberOfFiles" : 1,
      "totalFilesSize" : 5252,
      "totalProcessingSpeed" : {
        "totalBytes" : 5252,
        "totalCpuTime" : 222102625
      },
      "biggestContributors" : [ {
        "providerName" : "Refreshed files",
        "numberOfFiles" : 1,
        "totalFilesSize" : 5252,
        "partOfTotalProcessingTimeOfThisFileType" : {
          "part" : 222102625,
          "total" : 222102625
        }
      } ]
    }, {
      "fileType" : "HTML",
      "partOfTotalProcessingTime" : {
        "part" : 94168626,
        "total" : 602741502
      },
      "partOfTotalContentLoadingTime" : {
        "part" : 27546000,
        "total" : 28473166
      },
      "totalNumberOfFiles" : 3,
      "totalFilesSize" : 7486,
      "totalProcessingSpeed" : {
        "totalBytes" : 7486,
        "totalCpuTime" : 94168626
      },
      "biggestContributors" : [ {
        "providerName" : "Refreshed files",
        "numberOfFiles" : 3,
        "totalFilesSize" : 7486,
        "partOfTotalProcessingTimeOfThisFileType" : {
          "part" : 94168626,
          "total" : 94168626
        }
      } ]
    } ],
    "totalStatsPerBaseLanguage" : [ {
      "language" : "CSS",
      "partOfTotalProcessingTime" : {
        "part" : 286470251,
        "total" : 602741502
      },
      "partOfTotalContentLoadingTime" : {
        "part" : 29251249,
        "total" : 28473166
      },
      "totalNumberOfFiles" : 2,
      "totalFilesSize" : 3780,
      "totalProcessingSpeed" : {
        "totalBytes" : 3780,
        "totalCpuTime" : 286470251
      }
    }, {
      "language" : "JavaScript",
      "partOfTotalProcessingTime" : {
        "part" : 222102625,
        "total" : 602741502
      },
      "partOfTotalContentLoadingTime" : {
        "part" : 28622249,
        "total" : 28473166
      },
      "totalNumberOfFiles" : 1,
      "totalFilesSize" : 5252,
      "totalProcessingSpeed" : {
        "totalBytes" : 5252,
        "totalCpuTime" : 222102625
      }
    }, {
      "language" : "HTML",
      "partOfTotalProcessingTime" : {
        "part" : 94168626,
        "total" : 602741502
      },
      "partOfTotalContentLoadingTime" : {
        "part" : 56019166,
        "total" : 28473166
      },
      "totalNumberOfFiles" : 3,
      "totalFilesSize" : 7486,
      "totalProcessingSpeed" : {
        "totalBytes" : 7486,
        "totalCpuTime" : 94168626
      }
    }, {
      "language" : "XML",
      "partOfTotalProcessingTime" : {
        "part" : 94168626,
        "total" : 602741502
      },
      "partOfTotalContentLoadingTime" : {
        "part" : 56019166,
        "total" : 28473166
      },
      "totalNumberOfFiles" : 3,
      "totalFilesSize" : 7486,
      "totalProcessingSpeed" : {
        "totalBytes" : 7486,
        "totalCpuTime" : 94168626
      }
    } ],
    "totalStatsPerIndexer" : [ {
      "indexId" : "CssIndex",
      "partOfTotalIndexingTime" : {
        "part" : 241226792,
        "total" : 404316165
      },
      "totalNumberOfFiles" : 5,
      "totalNumberOfFilesIndexedByExtensions" : 0,
      "totalFilesSize" : 11266,
      "indexValueChangerEvaluationSpeed" : {
        "totalBytes" : 11266,
        "totalCpuTime" : 241226792
      }
    }, {
      "indexId" : "Stubs",
      "partOfTotalIndexingTime" : {
        "part" : 88904583,
        "total" : 404316165
      },
      "totalNumberOfFiles" : 6,
      "totalNumberOfFilesIndexedByExtensions" : 0,
      "totalFilesSize" : 16518,
      "indexValueChangerEvaluationSpeed" : {
        "totalBytes" : 16518,
        "totalCpuTime" : 88904583
      }
    }, {
      "indexId" : "js.implicit.elements.index",
      "partOfTotalIndexingTime" : {
        "part" : 31563042,
        "total" : 404316165
      },
      "totalNumberOfFiles" : 3,
      "totalNumberOfFilesIndexedByExtensions" : 0,
      "totalFilesSize" : 7486,
      "indexValueChangerEvaluationSpeed" : {
        "totalBytes" : 7486,
        "totalCpuTime" : 31563042
      }
    }, {
      "indexId" : "fileIncludes",
      "partOfTotalIndexingTime" : {
        "part" : 14787875,
        "total" : 404316165
      },
      "totalNumberOfFiles" : 6,
      "totalNumberOfFilesIndexedByExtensions" : 0,
      "totalFilesSize" : 16518,
      "indexValueChangerEvaluationSpeed" : {
        "totalBytes" : 16518,
        "totalCpuTime" : 14787875
      }
    }, {
      "indexId" : "IdIndex",
      "partOfTotalIndexingTime" : {
        "part" : 10364833,
        "total" : 404316165
      },
      "totalNumberOfFiles" : 6,
      "totalNumberOfFilesIndexedByExtensions" : 0,
      "totalFilesSize" : 16518,
      "indexValueChangerEvaluationSpeed" : {
        "totalBytes" : 16518,
        "totalCpuTime" : 10364833
      }
    }, {
      "indexId" : "Trigram.Index",
      "partOfTotalIndexingTime" : {
        "part" : 5815167,
        "total" : 404316165
      },
      "totalNumberOfFiles" : 6,
      "totalNumberOfFilesIndexedByExtensions" : 0,
      "totalFilesSize" : 16518,
      "indexValueChangerEvaluationSpeed" : {
        "totalBytes" : 16518,
        "totalCpuTime" : 5815167
      }
    }, {
      "indexId" : "html5.custom.attributes.index",
      "partOfTotalIndexingTime" : {
        "part" : 3758541,
        "total" : 404316165
      },
      "totalNumberOfFiles" : 3,
      "totalNumberOfFilesIndexedByExtensions" : 0,
      "totalFilesSize" : 7486,
      "indexValueChangerEvaluationSpeed" : {
        "totalBytes" : 7486,
        "totalCpuTime" : 3758541
      }
    }, {
      "indexId" : "HtmlScriptSrcIndex",
      "partOfTotalIndexingTime" : {
        "part" : 2177165,
        "total" : 404316165
      },
      "totalNumberOfFiles" : 3,
      "totalNumberOfFilesIndexedByExtensions" : 0,
      "totalFilesSize" : 7486,
      "indexValueChangerEvaluationSpeed" : {
        "totalBytes" : 7486,
        "totalCpuTime" : 2177165
      }
    }, {
      "indexId" : "js.test.names",
      "partOfTotalIndexingTime" : {
        "part" : 1494459,
        "total" : 404316165
      },
      "totalNumberOfFiles" : 1,
      "totalNumberOfFilesIndexedByExtensions" : 0,
      "totalFilesSize" : 5252,
      "indexValueChangerEvaluationSpeed" : {
        "totalBytes" : 5252,
        "totalCpuTime" : 1494459
      }
    }, {
      "indexId" : "css.template.selectors",
      "partOfTotalIndexingTime" : {
        "part" : 877750,
        "total" : 404316165
      },
      "totalNumberOfFiles" : 3,
      "totalNumberOfFilesIndexedByExtensions" : 0,
      "totalFilesSize" : 7486,
      "indexValueChangerEvaluationSpeed" : {
        "totalBytes" : 7486,
        "totalCpuTime" : 877750
      }
    }, {
      "indexId" : "org.jetbrains.kotlin.idea.versions.KotlinJsMetadataVersionIndex",
      "partOfTotalIndexingTime" : {
        "part" : 674250,
        "total" : 404316165
      },
      "totalNumberOfFiles" : 1,
      "totalNumberOfFilesIndexedByExtensions" : 0,
      "totalFilesSize" : 5252,
      "indexValueChangerEvaluationSpeed" : {
        "totalBytes" : 5252,
        "totalCpuTime" : 674250
      }
    }, {
      "indexId" : "HtmlTagIdIndex",
      "partOfTotalIndexingTime" : {
        "part" : 596042,
        "total" : 404316165
      },
      "totalNumberOfFiles" : 3,
      "totalNumberOfFilesIndexedByExtensions" : 0,
      "totalFilesSize" : 7486,
      "indexValueChangerEvaluationSpeed" : {
        "totalBytes" : 7486,
        "totalCpuTime" : 596042
      }
    }, {
      "indexId" : "angularjs.template.cache",
      "partOfTotalIndexingTime" : {
        "part" : 571875,
        "total" : 404316165
      },
      "totalNumberOfFiles" : 3,
      "totalNumberOfFilesIndexedByExtensions" : 0,
      "totalFilesSize" : 7486,
      "indexValueChangerEvaluationSpeed" : {
        "totalBytes" : 7486,
        "totalCpuTime" : 571875
      }
    }, {
      "indexId" : "angularjs.app.index",
      "partOfTotalIndexingTime" : {
        "part" : 505249,
        "total" : 404316165
      },
      "totalNumberOfFiles" : 3,
      "totalNumberOfFilesIndexedByExtensions" : 0,
      "totalFilesSize" : 7486,
      "indexValueChangerEvaluationSpeed" : {
        "totalBytes" : 7486,
        "totalCpuTime" : 505249
      }
    }, {
      "indexId" : "WebComponentsIndex",
      "partOfTotalIndexingTime" : {
        "part" : 504291,
        "total" : 404316165
      },
      "totalNumberOfFiles" : 3,
      "totalNumberOfFilesIndexedByExtensions" : 0,
      "totalFilesSize" : 7486,
      "indexValueChangerEvaluationSpeed" : {
        "totalBytes" : 7486,
        "totalCpuTime" : 504291
      }
    }, {
      "indexId" : "angularjs.ui.router.views.index",
      "partOfTotalIndexingTime" : {
        "part" : 445792,
        "total" : 404316165
      },
      "totalNumberOfFiles" : 3,
      "totalNumberOfFilesIndexedByExtensions" : 0,
      "totalFilesSize" : 7486,
      "indexValueChangerEvaluationSpeed" : {
        "totalBytes" : 7486,
        "totalCpuTime" : 445792
      }
    }, {
      "indexId" : "js.custom.single.entry.index",
      "partOfTotalIndexingTime" : {
        "part" : 27667,
        "total" : 404316165
      },
      "totalNumberOfFiles" : 4,
      "totalNumberOfFilesIndexedByExtensions" : 0,
      "totalFilesSize" : 12738,
      "indexValueChangerEvaluationSpeed" : {
        "totalBytes" : 12738,
        "totalCpuTime" : 27667
      }
    }, {
      "indexId" : "js.string.literal.words.index",
      "partOfTotalIndexingTime" : {
        "part" : 20792,
        "total" : 404316165
      },
      "totalNumberOfFiles" : 1,
      "totalNumberOfFilesIndexedByExtensions" : 0,
      "totalFilesSize" : 5252,
      "indexValueChangerEvaluationSpeed" : {
        "totalBytes" : 5252,
        "totalCpuTime" : 20792
      }
    } ],
    "statisticsOfChangedDuringIndexingFiles" : {
      "numberOfFiles" : 6,
      "retrievingTime" : 20542
    },
    "fileProviderStatistics" : [ {
      "providerName" : "Refreshed files",
      "totalNumberOfIndexedFiles" : 6,
      "totalNumberOfFilesFullyIndexedByExtensions" : 0,
      "totalNumberOfNothingToWriteFiles" : 0,
      "totalIndexingVisibleTime" : 221515458,
      "contentLoadingVisibleTime" : 10464264,
      "numberOfTooLargeForIndexingFiles" : 0,
      "slowIndexedFiles" : [ ],
      "filesFullyIndexedByExtensions" : [ ],
      "separateApplyingIndexesVisibleTime" : 5122063
    } ],
    "visibleTimeToAllThreadTimeRatio" : 0.3675131997132661
  }
}