{
  "appInfo" : {
    "build" : "233.13135.103",
    "buildDate" : "2023-12-20T05:05:00Z[UTC]",
    "productCode" : "IU",
    "generated" : "2024-01-13T10:17:57.445188Z",
    "os" : "macOS 14.2.1",
    "runtime" : "JetBrains s.r.o. 17.0.9 17.0.9+7-b1087.9"
  },
  "runtimeInfo" : {
    "maxMemory" : 2147483648,
    "numberOfProcessors" : 10,
    "maxNumberOfIndexingThreads" : 9,
    "maxSizeOfFileForIntelliSense" : 2560000,
    "maxSizeOfFileForContentLoading" : 20971520
  },
  "type" : "Scanning",
  "projectIndexingActivityHistory" : {
    "projectName" : "Parking Lot",
    "times" : {
      "scanningReason" : "changes in: \"Library Gradle: junit:junit:4.13.2 (#1 class roots, #0 source roots)\"",
      "scanningType" : "PARTIAL",
      "scanningId" : 1,
      "creatingIteratorsTime" : 1000,
      "concurrentHandlingWallTimeWithoutPauses" : 13489000,
      "concurrentHandlingWallTimeWithPauses" : 13489000,
      "concurrentHandlingSumOfThreadTimesWithPauses" : 12119208,
      "concurrentIterationAndScannersApplicationSumOfThreadTimesWithPauses" : 486292,
      "concurrentFileCheckSumOfThreadTimesWithPauses" : 11568750,
      "delayedPushPropertiesStageTime" : 4000,
      "indexExtensionsTime" : 0,
      "dumbWallTimeWithPauses" : 0,
      "dumbWallTimeWithoutPauses" : 0,
      "updatingStart" : "2024-01-13T10:17:57.429874Z",
      "updatingEnd" : "2024-01-13T10:17:57.444326Z",
      "totalWallTimeWithPauses" : 14452625,
      "wallTimeOnPause" : 14000,
      "wasInterrupted" : false,
      "totalWallTimeWithoutPauses" : 14438625
    },
    "fileCount" : {
      "numberOfFileProviders" : 1,
      "numberOfScannedFiles" : 354,
      "numberOfFilesIndexedByInfrastructureExtensionsDuringScan" : 0,
      "numberOfFilesScheduledForIndexingAfterScan" : 0
    },
    "scanningStatistics" : [ {
      "providerName" : "Library Gradle: junit:junit:4.13.2 (#1 class roots, #0 source roots)",
      "numberOfScannedFiles" : 354,
      "numberOfSkippedFiles" : 0,
      "numberOfFilesForIndexing" : 0,
      "numberOfFilesFullyIndexedByInfrastructureExtensions" : 0,
      "filesFullyIndexedByInfrastructureExtensions" : [ ],
      "statusTime" : 10521908,
      "totalOneThreadTimeWithPauses" : 12119208,
      "iterationAndScannersApplicationTime" : 486292,
      "filesCheckTime" : 11568750,
      "timeProcessingUpToDateFiles" : 3479962,
      "timeUpdatingContentLessIndexes" : 0,
      "timeIndexingWithoutContentViaInfrastructureExtension" : 0,
      "roots" : [ ]
    } ]
  }
}