{
  "appInfo" : {
    "build" : "233.13135.103",
    "buildDate" : "2023-12-20T05:05:00Z[UTC]",
    "productCode" : "IU",
    "generated" : "2024-02-02T21:27:35.050839Z",
    "os" : "macOS 14.3",
    "runtime" : "JetBrains s.r.o. 17.0.9 17.0.9+7-b1087.9"
  },
  "runtimeInfo" : {
    "maxMemory" : 2147483648,
    "numberOfProcessors" : 10,
    "maxNumberOfIndexingThreads" : 9,
    "maxSizeOfFileForIntelliSense" : 2560000,
    "maxSizeOfFileForContentLoading" : 20971520
  },
  "type" : "DumbIndexing",
  "projectIndexingActivityHistory" : {
    "projectName" : "Parking Lot",
    "times" : {
      "scanningIds" : [ 1 ],
      "contentLoadingVisibleTime" : 718886,
      "retrievingChangedDuringIndexingFilesTime" : 13375,
      "separateApplyingIndexesVisibleTime" : 2982004,
      "updatingStart" : "2024-02-02T21:27:34.957553Z",
      "updatingEnd" : "2024-02-02T21:27:35.05036Z",
      "totalWallTimeWithPauses" : 92811625,
      "wallTimeOnPause" : 0,
      "wasInterrupted" : false,
      "dumbModeStart" : "2024-02-02T21:27:34.957553Z",
      "dumbWallTimeWithPauses" : 92811625,
      "dumbWallTimeWithoutPauses" : 92811625,
      "totalWallTimeWithoutPauses" : 92811625
    },
    "fileCount" : {
      "numberOfChangedDuringIndexingFiles" : 0,
      "numberOfFilesIndexedByInfrastructureExtensionsDuringIndexingStage" : 0,
      "numberOfFilesIndexedWithLoadingContent" : 16,
      "numberOfNothingToWriteFiles" : 6
    },
    "totalStatsPerFileType" : [ {
      "fileType" : "CLASS",
      "partOfTotalProcessingTime" : {
        "part" : 167058957,
        "total" : 224140246
      },
      "partOfTotalContentLoadingTime" : {
        "part" : 2682000,
        "total" : 3681666
      },
      "totalNumberOfFiles" : 7,
      "totalFilesSize" : 26370,
      "totalProcessingSpeed" : {
        "totalBytes" : 26370,
        "totalCpuTime" : 167058957
      },
      "biggestContributors" : [ {
        "providerName" : "Module 'Parking_Lot.Parking_Lot-task-build-classes-kotlin.test' (all roots)",
        "numberOfFiles" : 4,
        "totalFilesSize" : 17421,
        "partOfTotalProcessingTimeOfThisFileType" : {
          "part" : 162444293,
          "total" : 167058957
        }
      }, {
        "providerName" : "Module 'Parking_Lot.Parking_Lot-task-build-classes-kotlin' (all roots)",
        "numberOfFiles" : 3,
        "totalFilesSize" : 8949,
        "partOfTotalProcessingTimeOfThisFileType" : {
          "part" : 4614664,
          "total" : 167058957
        }
      } ]
    }, {
      "fileType" : "XML",
      "partOfTotalProcessingTime" : {
        "part" : 28440333,
        "total" : 224140246
      },
      "partOfTotalContentLoadingTime" : {
        "part" : 162125,
        "total" : 3681666
      },
      "totalNumberOfFiles" : 1,
      "totalFilesSize" : 1437,
      "totalProcessingSpeed" : {
        "totalBytes" : 1437,
        "totalCpuTime" : 28440333
      },
      "biggestContributors" : [ {
        "providerName" : "Module 'Parking_Lot.Parking_Lot-task-build-test-results.test' (all roots)",
        "numberOfFiles" : 1,
        "totalFilesSize" : 1437,
        "partOfTotalProcessingTimeOfThisFileType" : {
          "part" : 28440333,
          "total" : 28440333
        }
      } ]
    }, {
      "fileType" : "kotlin_module",
      "partOfTotalProcessingTime" : {
        "part" : 17541333,
        "total" : 224140246
      },
      "partOfTotalContentLoadingTime" : {
        "part" : 444291,
        "total" : 3681666
      },
      "totalNumberOfFiles" : 2,
      "totalFilesSize" : 86,
      "totalProcessingSpeed" : {
        "totalBytes" : 86,
        "totalCpuTime" : 17541333
      },
      "biggestContributors" : [ {
        "providerName" : "Module 'Parking_Lot.Parking_Lot-task-build-classes-kotlin.test' (all roots)",
        "numberOfFiles" : 1,
        "totalFilesSize" : 43,
        "partOfTotalProcessingTimeOfThisFileType" : {
          "part" : 16952708,
          "total" : 17541333
        }
      }, {
        "providerName" : "Module 'Parking_Lot.Parking_Lot-task-build-classes-kotlin' (all roots)",
        "numberOfFiles" : 1,
        "totalFilesSize" : 43,
        "partOfTotalProcessingTimeOfThisFileType" : {
          "part" : 588625,
          "total" : 17541333
        }
      } ]
    }, {
      "fileType" : "JavaScript",
      "partOfTotalProcessingTime" : {
        "part" : 9258582,
        "total" : 224140246
      },
      "partOfTotalContentLoadingTime" : {
        "part" : 61750,
        "total" : 3681666
      },
      "totalNumberOfFiles" : 1,
      "totalFilesSize" : 5252,
      "totalProcessingSpeed" : {
        "totalBytes" : 5252,
        "totalCpuTime" : 9258582
      },
      "biggestContributors" : [ {
        "providerName" : "Module 'Parking_Lot.Parking_Lot-task-build-reports-tests.test' (all roots)",
        "numberOfFiles" : 1,
        "totalFilesSize" : 5252,
        "partOfTotalProcessingTimeOfThisFileType" : {
          "part" : 9258582,
          "total" : 9258582
        }
      } ]
    }, {
      "fileType" : "HTML",
      "partOfTotalProcessingTime" : {
        "part" : 1029999,
        "total" : 224140246
      },
      "partOfTotalContentLoadingTime" : {
        "part" : 118250,
        "total" : 3681666
      },
      "totalNumberOfFiles" : 3,
      "totalFilesSize" : 7486,
      "totalProcessingSpeed" : {
        "totalBytes" : 7486,
        "totalCpuTime" : 1029999
      },
      "biggestContributors" : [ {
        "providerName" : "Module 'Parking_Lot.Parking_Lot-task-build-reports-tests.test' (all roots)",
        "numberOfFiles" : 3,
        "totalFilesSize" : 7486,
        "partOfTotalProcessingTimeOfThisFileType" : {
          "part" : 1029999,
          "total" : 1029999
        }
      } ]
    }, {
      "fileType" : "CSS",
      "partOfTotalProcessingTime" : {
        "part" : 811042,
        "total" : 224140246
      },
      "partOfTotalContentLoadingTime" : {
        "part" : 213250,
        "total" : 3681666
      },
      "totalNumberOfFiles" : 2,
      "totalFilesSize" : 3780,
      "totalProcessingSpeed" : {
        "totalBytes" : 3780,
        "totalCpuTime" : 811042
      },
      "biggestContributors" : [ {
        "providerName" : "Module 'Parking_Lot.Parking_Lot-task-build-reports-tests.test' (all roots)",
        "numberOfFiles" : 2,
        "totalFilesSize" : 3780,
        "partOfTotalProcessingTimeOfThisFileType" : {
          "part" : 811042,
          "total" : 811042
        }
      } ]
    } ],
    "totalStatsPerBaseLanguage" : [ {
      "language" : "XML",
      "partOfTotalProcessingTime" : {
        "part" : 29470332,
        "total" : 224140246
      },
      "partOfTotalContentLoadingTime" : {
        "part" : 3799916,
        "total" : 3681666
      },
      "totalNumberOfFiles" : 4,
      "totalFilesSize" : 8923,
      "totalProcessingSpeed" : {
        "totalBytes" : 8923,
        "totalCpuTime" : 29470332
      }
    }, {
      "language" : "JavaScript",
      "partOfTotalProcessingTime" : {
        "part" : 9258582,
        "total" : 224140246
      },
      "partOfTotalContentLoadingTime" : {
        "part" : 3743416,
        "total" : 3681666
      },
      "totalNumberOfFiles" : 1,
      "totalFilesSize" : 5252,
      "totalProcessingSpeed" : {
        "totalBytes" : 5252,
        "totalCpuTime" : 9258582
      }
    }, {
      "language" : "HTML",
      "partOfTotalProcessingTime" : {
        "part" : 1029999,
        "total" : 224140246
      },
      "partOfTotalContentLoadingTime" : {
        "part" : 3799916,
        "total" : 3681666
      },
      "totalNumberOfFiles" : 3,
      "totalFilesSize" : 7486,
      "totalProcessingSpeed" : {
        "totalBytes" : 7486,
        "totalCpuTime" : 1029999
      }
    }, {
      "language" : "CSS",
      "partOfTotalProcessingTime" : {
        "part" : 811042,
        "total" : 224140246
      },
      "partOfTotalContentLoadingTime" : {
        "part" : 3894916,
        "total" : 3681666
      },
      "totalNumberOfFiles" : 2,
      "totalFilesSize" : 3780,
      "totalProcessingSpeed" : {
        "totalBytes" : 3780,
        "totalCpuTime" : 811042
      }
    } ],
    "totalStatsPerIndexer" : [ {
      "indexId" : "Stubs",
      "partOfTotalIndexingTime" : {
        "part" : 136369500,
        "total" : 189930332
      },
      "totalNumberOfFiles" : 8,
      "totalNumberOfFilesIndexedByExtensions" : 0,
      "totalFilesSize" : 27807,
      "indexValueChangerEvaluationSpeed" : {
        "totalBytes" : 27807,
        "totalCpuTime" : 136369500
      }
    }, {
      "indexId" : "org.jetbrains.kotlin.idea.vfilefinder.KotlinModuleMappingIndex",
      "partOfTotalIndexingTime" : {
        "part" : 15393875,
        "total" : 189930332
      },
      "totalNumberOfFiles" : 2,
      "totalNumberOfFilesIndexedByExtensions" : 0,
      "totalFilesSize" : 86,
      "indexValueChangerEvaluationSpeed" : {
        "totalBytes" : 86,
        "totalCpuTime" : 15393875
      }
    }, {
      "indexId" : "FrameworkDetectionIndex",
      "partOfTotalIndexingTime" : {
        "part" : 10487083,
        "total" : 189930332
      },
      "totalNumberOfFiles" : 1,
      "totalNumberOfFilesIndexedByExtensions" : 0,
      "totalFilesSize" : 1437,
      "indexValueChangerEvaluationSpeed" : {
        "totalBytes" : 1437,
        "totalCpuTime" : 10487083
      }
    }, {
      "indexId" : "DomFileIndex",
      "partOfTotalIndexingTime" : {
        "part" : 7837000,
        "total" : 189930332
      },
      "totalNumberOfFiles" : 1,
      "totalNumberOfFilesIndexedByExtensions" : 0,
      "totalFilesSize" : 1437,
      "indexValueChangerEvaluationSpeed" : {
        "totalBytes" : 1437,
        "totalCpuTime" : 7837000
      }
    }, {
      "indexId" : "bytecodeAnalysis",
      "partOfTotalIndexingTime" : {
        "part" : 7409209,
        "total" : 189930332
      },
      "totalNumberOfFiles" : 7,
      "totalNumberOfFilesIndexedByExtensions" : 0,
      "totalFilesSize" : 26370,
      "indexValueChangerEvaluationSpeed" : {
        "totalBytes" : 26370,
        "totalCpuTime" : 7409209
      }
    }, {
      "indexId" : "IdIndex",
      "partOfTotalIndexingTime" : {
        "part" : 4722625,
        "total" : 189930332
      },
      "totalNumberOfFiles" : 1,
      "totalNumberOfFilesIndexedByExtensions" : 0,
      "totalFilesSize" : 1437,
      "indexValueChangerEvaluationSpeed" : {
        "totalBytes" : 1437,
        "totalCpuTime" : 4722625
      }
    }, {
      "indexId" : "org.jetbrains.kotlin.idea.vfilefinder.KotlinClassFileIndex",
      "partOfTotalIndexingTime" : {
        "part" : 1982208,
        "total" : 189930332
      },
      "totalNumberOfFiles" : 7,
      "totalNumberOfFilesIndexedByExtensions" : 0,
      "totalFilesSize" : 26370,
      "indexValueChangerEvaluationSpeed" : {
        "totalBytes" : 26370,
        "totalCpuTime" : 1982208
      }
    }, {
      "indexId" : "org.jetbrains.kotlin.idea.versions.KotlinJvmMetadataVersionIndex",
      "partOfTotalIndexingTime" : {
        "part" : 1917334,
        "total" : 189930332
      },
      "totalNumberOfFiles" : 7,
      "totalNumberOfFilesIndexedByExtensions" : 0,
      "totalFilesSize" : 26370,
      "indexValueChangerEvaluationSpeed" : {
        "totalBytes" : 26370,
        "totalCpuTime" : 1917334
      }
    }, {
      "indexId" : "taglibUris",
      "partOfTotalIndexingTime" : {
        "part" : 976333,
        "total" : 189930332
      },
      "totalNumberOfFiles" : 1,
      "totalNumberOfFilesIndexedByExtensions" : 0,
      "totalFilesSize" : 1437,
      "indexValueChangerEvaluationSpeed" : {
        "totalBytes" : 1437,
        "totalCpuTime" : 976333
      }
    }, {
      "indexId" : "org.jetbrains.kotlin.idea.base.indices.names.KotlinTopLevelClassLikeDeclarationByPackageShortNameIndex",
      "partOfTotalIndexingTime" : {
        "part" : 502373,
        "total" : 189930332
      },
      "totalNumberOfFiles" : 7,
      "totalNumberOfFilesIndexedByExtensions" : 0,
      "totalFilesSize" : 26370,
      "indexValueChangerEvaluationSpeed" : {
        "totalBytes" : 26370,
        "totalCpuTime" : 502373
      }
    }, {
      "indexId" : "fileIncludes",
      "partOfTotalIndexingTime" : {
        "part" : 465417,
        "total" : 189930332
      },
      "totalNumberOfFiles" : 1,
      "totalNumberOfFilesIndexedByExtensions" : 0,
      "totalFilesSize" : 1437,
      "indexValueChangerEvaluationSpeed" : {
        "totalBytes" : 1437,
        "totalCpuTime" : 465417
      }
    }, {
      "indexId" : "org.jetbrains.kotlin.idea.base.indices.names.KotlinTopLevelCallableByPackageShortNameIndex",
      "partOfTotalIndexingTime" : {
        "part" : 451502,
        "total" : 189930332
      },
      "totalNumberOfFiles" : 7,
      "totalNumberOfFilesIndexedByExtensions" : 0,
      "totalFilesSize" : 26370,
      "indexValueChangerEvaluationSpeed" : {
        "totalBytes" : 26370,
        "totalCpuTime" : 451502
      }
    }, {
      "indexId" : "xmlProperties",
      "partOfTotalIndexingTime" : {
        "part" : 399125,
        "total" : 189930332
      },
      "totalNumberOfFiles" : 1,
      "totalNumberOfFilesIndexedByExtensions" : 0,
      "totalFilesSize" : 1437,
      "indexValueChangerEvaluationSpeed" : {
        "totalBytes" : 1437,
        "totalCpuTime" : 399125
      }
    }, {
      "indexId" : "org.jetbrains.kotlin.idea.vfilefinder.KotlinJvmModuleAnnotationsIndex",
      "partOfTotalIndexingTime" : {
        "part" : 249125,
        "total" : 189930332
      },
      "totalNumberOfFiles" : 2,
      "totalNumberOfFilesIndexedByExtensions" : 0,
      "totalFilesSize" : 86,
      "indexValueChangerEvaluationSpeed" : {
        "totalBytes" : 86,
        "totalCpuTime" : 249125
      }
    }, {
      "indexId" : "XsltSymbolIndex",
      "partOfTotalIndexingTime" : {
        "part" : 235333,
        "total" : 189930332
      },
      "totalNumberOfFiles" : 1,
      "totalNumberOfFilesIndexedByExtensions" : 0,
      "totalFilesSize" : 1437,
      "indexValueChangerEvaluationSpeed" : {
        "totalBytes" : 1437,
        "totalCpuTime" : 235333
      }
    }, {
      "indexId" : "org.jetbrains.kotlin.idea.vfilefinder.KotlinPartialPackageNamesIndex",
      "partOfTotalIndexingTime" : {
        "part" : 166959,
        "total" : 189930332
      },
      "totalNumberOfFiles" : 7,
      "totalNumberOfFilesIndexedByExtensions" : 0,
      "totalFilesSize" : 26370,
      "indexValueChangerEvaluationSpeed" : {
        "totalBytes" : 26370,
        "totalCpuTime" : 166959
      }
    }, {
      "indexId" : "org.jetbrains.kotlin.idea.vfilefinder.KotlinShortClassNameFileIndex",
      "partOfTotalIndexingTime" : {
        "part" : 162457,
        "total" : 189930332
      },
      "totalNumberOfFiles" : 7,
      "totalNumberOfFilesIndexedByExtensions" : 0,
      "totalFilesSize" : 26370,
      "indexValueChangerEvaluationSpeed" : {
        "totalBytes" : 26370,
        "totalCpuTime" : 162457
      }
    }, {
      "indexId" : "SpringXmlBeansIndex",
      "partOfTotalIndexingTime" : {
        "part" : 100125,
        "total" : 189930332
      },
      "totalNumberOfFiles" : 1,
      "totalNumberOfFilesIndexedByExtensions" : 0,
      "totalFilesSize" : 1437,
      "indexValueChangerEvaluationSpeed" : {
        "totalBytes" : 1437,
        "totalCpuTime" : 100125
      }
    }, {
      "indexId" : "RelaxSymbolIndex",
      "partOfTotalIndexingTime" : {
        "part" : 57833,
        "total" : 189930332
      },
      "totalNumberOfFiles" : 1,
      "totalNumberOfFilesIndexedByExtensions" : 0,
      "totalFilesSize" : 1437,
      "indexValueChangerEvaluationSpeed" : {
        "totalBytes" : 1437,
        "totalCpuTime" : 57833
      }
    }, {
      "indexId" : "Trigram.Index",
      "partOfTotalIndexingTime" : {
        "part" : 44916,
        "total" : 189930332
      },
      "totalNumberOfFiles" : 1,
      "totalNumberOfFilesIndexedByExtensions" : 0,
      "totalFilesSize" : 1437,
      "indexValueChangerEvaluationSpeed" : {
        "totalBytes" : 1437,
        "totalCpuTime" : 44916
      }
    } ],
    "statisticsOfChangedDuringIndexingFiles" : {
      "numberOfFiles" : 0,
      "retrievingTime" : 13375
    },
    "fileProviderStatistics" : [ {
      "providerName" : "Module 'Parking_Lot.Parking_Lot-task-build-classes-kotlin.test' (all roots)",
      "totalNumberOfIndexedFiles" : 5,
      "totalNumberOfFilesFullyIndexedByExtensions" : 0,
      "totalNumberOfNothingToWriteFiles" : 0,
      "totalIndexingVisibleTime" : 35029391,
      "contentLoadingVisibleTime" : 495460,
      "numberOfTooLargeForIndexingFiles" : 0,
      "slowIndexedFiles" : [ ],
      "filesFullyIndexedByExtensions" : [ ],
      "separateApplyingIndexesVisibleTime" : 2598447
    }, {
      "providerName" : "Module 'Parking_Lot.Parking_Lot-task-build-test-results.test' (all roots)",
      "totalNumberOfIndexedFiles" : 1,
      "totalNumberOfFilesFullyIndexedByExtensions" : 0,
      "totalNumberOfNothingToWriteFiles" : 0,
      "totalIndexingVisibleTime" : 5553312,
      "contentLoadingVisibleTime" : 31656,
      "numberOfTooLargeForIndexingFiles" : 0,
      "slowIndexedFiles" : [ ],
      "filesFullyIndexedByExtensions" : [ ],
      "separateApplyingIndexesVisibleTime" : 267655
    }, {
      "providerName" : "Module 'Parking_Lot.Parking_Lot-task-build-reports-tests.test' (all roots)",
      "totalNumberOfIndexedFiles" : 6,
      "totalNumberOfFilesFullyIndexedByExtensions" : 0,
      "totalNumberOfNothingToWriteFiles" : 6,
      "totalIndexingVisibleTime" : 2167333,
      "contentLoadingVisibleTime" : 76786,
      "numberOfTooLargeForIndexingFiles" : 0,
      "slowIndexedFiles" : [ ],
      "filesFullyIndexedByExtensions" : [ ],
      "separateApplyingIndexesVisibleTime" : 2822
    }, {
      "providerName" : "Module 'Parking_Lot.Parking_Lot-task-build-classes-kotlin' (all roots)",
      "totalNumberOfIndexedFiles" : 4,
      "totalNumberOfFilesFullyIndexedByExtensions" : 0,
      "totalNumberOfNothingToWriteFiles" : 0,
      "totalIndexingVisibleTime" : 1016003,
      "contentLoadingVisibleTime" : 114984,
      "numberOfTooLargeForIndexingFiles" : 0,
      "slowIndexedFiles" : [ ],
      "filesFullyIndexedByExtensions" : [ ],
      "separateApplyingIndexesVisibleTime" : 113080
    }, {
      "providerName" : "Refreshed files",
      "totalNumberOfIndexedFiles" : 0,
      "totalNumberOfFilesFullyIndexedByExtensions" : 0,
      "totalNumberOfNothingToWriteFiles" : 0,
      "totalIndexingVisibleTime" : 0,
      "contentLoadingVisibleTime" : 0,
      "numberOfTooLargeForIndexingFiles" : 0,
      "slowIndexedFiles" : [ ],
      "filesFullyIndexedByExtensions" : [ ],
      "separateApplyingIndexesVisibleTime" : 0
    } ],
    "visibleTimeToAllThreadTimeRatio" : 0.0
  }
}