{
  "appInfo" : {
    "build" : "233.13135.103",
    "buildDate" : "2023-12-20T05:05:00Z[UTC]",
    "productCode" : "IU",
    "generated" : "2024-01-12T03:44:00.364317Z",
    "os" : "macOS 14.2.1",
    "runtime" : "JetBrains s.r.o. 17.0.9 17.0.9+7-b1087.9"
  },
  "runtimeInfo" : {
    "maxMemory" : 2147483648,
    "numberOfProcessors" : 10,
    "maxNumberOfIndexingThreads" : 9,
    "maxSizeOfFileForIntelliSense" : 2560000,
    "maxSizeOfFileForContentLoading" : 20971520
  },
  "type" : "DumbIndexing",
  "projectIndexingActivityHistory" : {
    "projectName" : "Parking Lot",
    "times" : {
      "scanningIds" : [ 1 ],
      "contentLoadingVisibleTime" : 1884951,
      "retrievingChangedDuringIndexingFilesTime" : 13625,
      "separateApplyingIndexesVisibleTime" : 25923211,
      "updatingStart" : "2024-01-12T03:44:00.211374Z",
      "updatingEnd" : "2024-01-12T03:44:00.36407Z",
      "totalWallTimeWithPauses" : 152697916,
      "wallTimeOnPause" : 0,
      "wasInterrupted" : false,
      "dumbWallTimeWithoutPauses" : 152697916,
      "dumbModeStart" : "2024-01-12T03:44:00.211374Z",
      "dumbWallTimeWithPauses" : 152697916,
      "totalWallTimeWithoutPauses" : 152697916
    },
    "fileCount" : {
      "numberOfChangedDuringIndexingFiles" : 0,
      "numberOfFilesIndexedByInfrastructureExtensionsDuringIndexingStage" : 0,
      "numberOfFilesIndexedWithLoadingContent" : 8,
      "numberOfNothingToWriteFiles" : 0
    },
    "totalStatsPerFileType" : [ {
      "fileType" : "SCSS",
      "partOfTotalProcessingTime" : {
        "part" : 268120290,
        "total" : 268120290
      },
      "partOfTotalContentLoadingTime" : {
        "part" : 4873335,
        "total" : 4873335
      },
      "totalNumberOfFiles" : 8,
      "totalFilesSize" : 63474,
      "totalProcessingSpeed" : {
        "totalBytes" : 63474,
        "totalCpuTime" : 268120290
      },
      "biggestContributors" : [ {
        "providerName" : "Custom kind roots from entity (sass_functions.scss, sass_color.scss, sass_list.scss, ..., empty)",
        "numberOfFiles" : 8,
        "totalFilesSize" : 63474,
        "partOfTotalProcessingTimeOfThisFileType" : {
          "part" : 268120290,
          "total" : 268120290
        }
      } ]
    } ],
    "totalStatsPerBaseLanguage" : [ {
      "language" : "SCSS",
      "partOfTotalProcessingTime" : {
        "part" : 268120290,
        "total" : 268120290
      },
      "partOfTotalContentLoadingTime" : {
        "part" : 9746670,
        "total" : 4873335
      },
      "totalNumberOfFiles" : 8,
      "totalFilesSize" : 63474,
      "totalProcessingSpeed" : {
        "totalBytes" : 63474,
        "totalCpuTime" : 268120290
      }
    }, {
      "language" : "CSS",
      "partOfTotalProcessingTime" : {
        "part" : 268120290,
        "total" : 268120290
      },
      "partOfTotalContentLoadingTime" : {
        "part" : 9746670,
        "total" : 4873335
      },
      "totalNumberOfFiles" : 8,
      "totalFilesSize" : 63474,
      "totalProcessingSpeed" : {
        "totalBytes" : 63474,
        "totalCpuTime" : 268120290
      }
    } ],
    "totalStatsPerIndexer" : [ {
      "indexId" : "Stubs",
      "partOfTotalIndexingTime" : {
        "part" : 164366208,
        "total" : 193291916
      },
      "totalNumberOfFiles" : 8,
      "totalNumberOfFilesIndexedByExtensions" : 0,
      "totalFilesSize" : 63474,
      "indexValueChangerEvaluationSpeed" : {
        "totalBytes" : 63474,
        "totalCpuTime" : 164366208
      }
    }, {
      "indexId" : "IdIndex",
      "partOfTotalIndexingTime" : {
        "part" : 26130541,
        "total" : 193291916
      },
      "totalNumberOfFiles" : 8,
      "totalNumberOfFilesIndexedByExtensions" : 0,
      "totalFilesSize" : 63474,
      "indexValueChangerEvaluationSpeed" : {
        "totalBytes" : 63474,
        "totalCpuTime" : 26130541
      }
    }, {
      "indexId" : "Trigram.Index",
      "partOfTotalIndexingTime" : {
        "part" : 2795167,
        "total" : 193291916
      },
      "totalNumberOfFiles" : 8,
      "totalNumberOfFilesIndexedByExtensions" : 0,
      "totalFilesSize" : 63474,
      "indexValueChangerEvaluationSpeed" : {
        "totalBytes" : 63474,
        "totalCpuTime" : 2795167
      }
    } ],
    "statisticsOfChangedDuringIndexingFiles" : {
      "numberOfFiles" : 0,
      "retrievingTime" : 13625
    },
    "fileProviderStatistics" : [ {
      "providerName" : "Custom kind roots from entity (sass_functions.scss, sass_color.scss, sass_list.scss, ..., empty)",
      "totalNumberOfIndexedFiles" : 8,
      "totalNumberOfFilesFullyIndexedByExtensions" : 0,
      "totalNumberOfNothingToWriteFiles" : 0,
      "totalIndexingVisibleTime" : 103705917,
      "contentLoadingVisibleTime" : 1884951,
      "numberOfTooLargeForIndexingFiles" : 0,
      "slowIndexedFiles" : [ ],
      "filesFullyIndexedByExtensions" : [ ],
      "separateApplyingIndexesVisibleTime" : 25923211
    }, {
      "providerName" : "Refreshed files",
      "totalNumberOfIndexedFiles" : 0,
      "totalNumberOfFilesFullyIndexedByExtensions" : 0,
      "totalNumberOfNothingToWriteFiles" : 0,
      "totalIndexingVisibleTime" : 0,
      "contentLoadingVisibleTime" : 0,
      "numberOfTooLargeForIndexingFiles" : 0,
      "slowIndexedFiles" : [ ],
      "filesFullyIndexedByExtensions" : [ ],
      "separateApplyingIndexesVisibleTime" : 0
    } ],
    "visibleTimeToAllThreadTimeRatio" : 0.0
  }
}