{
  "appInfo" : {
    "build" : "233.13135.103",
    "buildDate" : "2023-12-20T05:05:00Z[UTC]",
    "productCode" : "IU",
    "generated" : "2024-02-02T16:16:07.021166Z",
    "os" : "macOS 14.3",
    "runtime" : "JetBrains s.r.o. 17.0.9 17.0.9+7-b1087.9"
  },
  "runtimeInfo" : {
    "maxMemory" : 2147483648,
    "numberOfProcessors" : 10,
    "maxNumberOfIndexingThreads" : 9,
    "maxSizeOfFileForIntelliSense" : 2560000,
    "maxSizeOfFileForContentLoading" : 20971520
  },
  "type" : "DumbIndexing",
  "projectIndexingActivityHistory" : {
    "projectName" : "Parking Lot",
    "times" : {
      "scanningIds" : [ ],
      "contentLoadingVisibleTime" : 169538,
      "retrievingChangedDuringIndexingFilesTime" : 24792,
      "separateApplyingIndexesVisibleTime" : 3556839,
      "updatingStart" : "2024-02-02T16:16:06.976709Z",
      "updatingEnd" : "2024-02-02T16:16:07.020909Z",
      "totalWallTimeWithPauses" : 44210500,
      "wallTimeOnPause" : 0,
      "wasInterrupted" : false,
      "dumbWallTimeWithPauses" : 44210500,
      "dumbWallTimeWithoutPauses" : 44210500,
      "dumbModeStart" : "2024-02-02T16:16:06.976709Z",
      "totalWallTimeWithoutPauses" : 44210500
    },
    "fileCount" : {
      "numberOfChangedDuringIndexingFiles" : 23,
      "numberOfFilesIndexedByInfrastructureExtensionsDuringIndexingStage" : 0,
      "numberOfFilesIndexedWithLoadingContent" : 23,
      "numberOfNothingToWriteFiles" : 0
    },
    "totalStatsPerFileType" : [ {
      "fileType" : "YAML",
      "partOfTotalProcessingTime" : {
        "part" : 36434618,
        "total" : 102572452
      },
      "partOfTotalContentLoadingTime" : {
        "part" : 649374,
        "total" : 933998
      },
      "totalNumberOfFiles" : 15,
      "totalFilesSize" : 38262,
      "totalProcessingSpeed" : {
        "totalBytes" : 38262,
        "totalCpuTime" : 36434618
      },
      "biggestContributors" : [ {
        "providerName" : "Refreshed files",
        "numberOfFiles" : 15,
        "totalFilesSize" : 38262,
        "partOfTotalProcessingTimeOfThisFileType" : {
          "part" : 36434618,
          "total" : 36434618
        }
      } ]
    }, {
      "fileType" : "Gradle",
      "partOfTotalProcessingTime" : {
        "part" : 30241417,
        "total" : 102572452
      },
      "partOfTotalContentLoadingTime" : {
        "part" : 129333,
        "total" : 933998
      },
      "totalNumberOfFiles" : 2,
      "totalFilesSize" : 2980,
      "totalProcessingSpeed" : {
        "totalBytes" : 2980,
        "totalCpuTime" : 30241417
      },
      "biggestContributors" : [ {
        "providerName" : "Refreshed files",
        "numberOfFiles" : 2,
        "totalFilesSize" : 2980,
        "partOfTotalProcessingTimeOfThisFileType" : {
          "part" : 30241417,
          "total" : 30241417
        }
      } ]
    }, {
      "fileType" : "HTML",
      "partOfTotalProcessingTime" : {
        "part" : 26167334,
        "total" : 102572452
      },
      "partOfTotalContentLoadingTime" : {
        "part" : 123833,
        "total" : 933998
      },
      "totalNumberOfFiles" : 5,
      "totalFilesSize" : 8822,
      "totalProcessingSpeed" : {
        "totalBytes" : 8822,
        "totalCpuTime" : 26167334
      },
      "biggestContributors" : [ {
        "providerName" : "Refreshed files",
        "numberOfFiles" : 5,
        "totalFilesSize" : 8822,
        "partOfTotalProcessingTimeOfThisFileType" : {
          "part" : 26167334,
          "total" : 26167334
        }
      } ]
    }, {
      "fileType" : "Kotlin",
      "partOfTotalProcessingTime" : {
        "part" : 9729083,
        "total" : 102572452
      },
      "partOfTotalContentLoadingTime" : {
        "part" : 31458,
        "total" : 933998
      },
      "totalNumberOfFiles" : 1,
      "totalFilesSize" : 6046,
      "totalProcessingSpeed" : {
        "totalBytes" : 6046,
        "totalCpuTime" : 9729083
      },
      "biggestContributors" : [ {
        "providerName" : "Refreshed files",
        "numberOfFiles" : 1,
        "totalFilesSize" : 6046,
        "partOfTotalProcessingTimeOfThisFileType" : {
          "part" : 9729083,
          "total" : 9729083
        }
      } ]
    } ],
    "totalStatsPerBaseLanguage" : [ {
      "language" : "yaml",
      "partOfTotalProcessingTime" : {
        "part" : 36434618,
        "total" : 102572452
      },
      "partOfTotalContentLoadingTime" : {
        "part" : 1583372,
        "total" : 933998
      },
      "totalNumberOfFiles" : 15,
      "totalFilesSize" : 38262,
      "totalProcessingSpeed" : {
        "totalBytes" : 38262,
        "totalCpuTime" : 36434618
      }
    }, {
      "language" : "Groovy",
      "partOfTotalProcessingTime" : {
        "part" : 30241417,
        "total" : 102572452
      },
      "partOfTotalContentLoadingTime" : {
        "part" : 1063331,
        "total" : 933998
      },
      "totalNumberOfFiles" : 2,
      "totalFilesSize" : 2980,
      "totalProcessingSpeed" : {
        "totalBytes" : 2980,
        "totalCpuTime" : 30241417
      }
    }, {
      "language" : "HTML",
      "partOfTotalProcessingTime" : {
        "part" : 26167334,
        "total" : 102572452
      },
      "partOfTotalContentLoadingTime" : {
        "part" : 1057831,
        "total" : 933998
      },
      "totalNumberOfFiles" : 5,
      "totalFilesSize" : 8822,
      "totalProcessingSpeed" : {
        "totalBytes" : 8822,
        "totalCpuTime" : 26167334
      }
    }, {
      "language" : "XML",
      "partOfTotalProcessingTime" : {
        "part" : 26167334,
        "total" : 102572452
      },
      "partOfTotalContentLoadingTime" : {
        "part" : 1057831,
        "total" : 933998
      },
      "totalNumberOfFiles" : 5,
      "totalFilesSize" : 8822,
      "totalProcessingSpeed" : {
        "totalBytes" : 8822,
        "totalCpuTime" : 26167334
      }
    }, {
      "language" : "kotlin",
      "partOfTotalProcessingTime" : {
        "part" : 9729083,
        "total" : 102572452
      },
      "partOfTotalContentLoadingTime" : {
        "part" : 965456,
        "total" : 933998
      },
      "totalNumberOfFiles" : 1,
      "totalFilesSize" : 6046,
      "totalProcessingSpeed" : {
        "totalBytes" : 6046,
        "totalCpuTime" : 9729083
      }
    } ],
    "totalStatsPerIndexer" : [ {
      "indexId" : "Stubs",
      "partOfTotalIndexingTime" : {
        "part" : 24765042,
        "total" : 75034252
      },
      "totalNumberOfFiles" : 8,
      "totalNumberOfFilesIndexedByExtensions" : 0,
      "totalFilesSize" : 17848,
      "indexValueChangerEvaluationSpeed" : {
        "totalBytes" : 17848,
        "totalCpuTime" : 24765042
      }
    }, {
      "indexId" : "IdIndex",
      "partOfTotalIndexingTime" : {
        "part" : 17625082,
        "total" : 75034252
      },
      "totalNumberOfFiles" : 23,
      "totalNumberOfFilesIndexedByExtensions" : 0,
      "totalFilesSize" : 56110,
      "indexValueChangerEvaluationSpeed" : {
        "totalBytes" : 56110,
        "totalCpuTime" : 17625082
      }
    }, {
      "indexId" : "js.implicit.elements.index",
      "partOfTotalIndexingTime" : {
        "part" : 7793833,
        "total" : 75034252
      },
      "totalNumberOfFiles" : 5,
      "totalNumberOfFilesIndexedByExtensions" : 0,
      "totalFilesSize" : 8822,
      "indexValueChangerEvaluationSpeed" : {
        "totalBytes" : 8822,
        "totalCpuTime" : 7793833
      }
    }, {
      "indexId" : "yaml.keys.name",
      "partOfTotalIndexingTime" : {
        "part" : 5807375,
        "total" : 75034252
      },
      "totalNumberOfFiles" : 15,
      "totalNumberOfFilesIndexedByExtensions" : 0,
      "totalFilesSize" : 38262,
      "indexValueChangerEvaluationSpeed" : {
        "totalBytes" : 38262,
        "totalCpuTime" : 5807375
      }
    }, {
      "indexId" : "Trigram.Index",
      "partOfTotalIndexingTime" : {
        "part" : 4536958,
        "total" : 75034252
      },
      "totalNumberOfFiles" : 23,
      "totalNumberOfFilesIndexedByExtensions" : 0,
      "totalFilesSize" : 56110,
      "indexValueChangerEvaluationSpeed" : {
        "totalBytes" : 56110,
        "totalCpuTime" : 4536958
      }
    }, {
      "indexId" : "CssIndex",
      "partOfTotalIndexingTime" : {
        "part" : 2063708,
        "total" : 75034252
      },
      "totalNumberOfFiles" : 5,
      "totalNumberOfFilesIndexedByExtensions" : 0,
      "totalFilesSize" : 8822,
      "indexValueChangerEvaluationSpeed" : {
        "totalBytes" : 8822,
        "totalCpuTime" : 2063708
      }
    }, {
      "indexId" : "html5.custom.attributes.index",
      "partOfTotalIndexingTime" : {
        "part" : 1780125,
        "total" : 75034252
      },
      "totalNumberOfFiles" : 5,
      "totalNumberOfFilesIndexedByExtensions" : 0,
      "totalFilesSize" : 8822,
      "indexValueChangerEvaluationSpeed" : {
        "totalBytes" : 8822,
        "totalCpuTime" : 1780125
      }
    }, {
      "indexId" : "org.jetbrains.kotlin.idea.vfilefinder.KotlinShortClassNameFileIndex",
      "partOfTotalIndexingTime" : {
        "part" : 1747958,
        "total" : 75034252
      },
      "totalNumberOfFiles" : 1,
      "totalNumberOfFilesIndexedByExtensions" : 0,
      "totalFilesSize" : 6046,
      "indexValueChangerEvaluationSpeed" : {
        "totalBytes" : 6046,
        "totalCpuTime" : 1747958
      }
    }, {
      "indexId" : "SwReferencesIndex",
      "partOfTotalIndexingTime" : {
        "part" : 1517251,
        "total" : 75034252
      },
      "totalNumberOfFiles" : 15,
      "totalNumberOfFilesIndexedByExtensions" : 0,
      "totalFilesSize" : 38262,
      "indexValueChangerEvaluationSpeed" : {
        "totalBytes" : 38262,
        "totalCpuTime" : 1517251
      }
    }, {
      "indexId" : "fileIncludes",
      "partOfTotalIndexingTime" : {
        "part" : 1401208,
        "total" : 75034252
      },
      "totalNumberOfFiles" : 5,
      "totalNumberOfFilesIndexedByExtensions" : 0,
      "totalFilesSize" : 8822,
      "indexValueChangerEvaluationSpeed" : {
        "totalBytes" : 8822,
        "totalCpuTime" : 1401208
      }
    }, {
      "indexId" : "org.jetbrains.kotlin.idea.vfilefinder.KotlinPartialPackageNamesIndex",
      "partOfTotalIndexingTime" : {
        "part" : 989584,
        "total" : 75034252
      },
      "totalNumberOfFiles" : 1,
      "totalNumberOfFilesIndexedByExtensions" : 0,
      "totalFilesSize" : 6046,
      "indexValueChangerEvaluationSpeed" : {
        "totalBytes" : 6046,
        "totalCpuTime" : 989584
      }
    }, {
      "indexId" : "OpenapiSpecificationContentIndexer",
      "partOfTotalIndexingTime" : {
        "part" : 932916,
        "total" : 75034252
      },
      "totalNumberOfFiles" : 15,
      "totalNumberOfFilesIndexedByExtensions" : 0,
      "totalFilesSize" : 38262,
      "indexValueChangerEvaluationSpeed" : {
        "totalBytes" : 38262,
        "totalCpuTime" : 932916
      }
    }, {
      "indexId" : "css.template.selectors",
      "partOfTotalIndexingTime" : {
        "part" : 729834,
        "total" : 75034252
      },
      "totalNumberOfFiles" : 5,
      "totalNumberOfFilesIndexedByExtensions" : 0,
      "totalFilesSize" : 8822,
      "indexValueChangerEvaluationSpeed" : {
        "totalBytes" : 8822,
        "totalCpuTime" : 729834
      }
    }, {
      "indexId" : "HtmlTagIdIndex",
      "partOfTotalIndexingTime" : {
        "part" : 528834,
        "total" : 75034252
      },
      "totalNumberOfFiles" : 5,
      "totalNumberOfFilesIndexedByExtensions" : 0,
      "totalFilesSize" : 8822,
      "indexValueChangerEvaluationSpeed" : {
        "totalBytes" : 8822,
        "totalCpuTime" : 528834
      }
    }, {
      "indexId" : "WebComponentsIndex",
      "partOfTotalIndexingTime" : {
        "part" : 501334,
        "total" : 75034252
      },
      "totalNumberOfFiles" : 5,
      "totalNumberOfFilesIndexedByExtensions" : 0,
      "totalFilesSize" : 8822,
      "indexValueChangerEvaluationSpeed" : {
        "totalBytes" : 8822,
        "totalCpuTime" : 501334
      }
    }, {
      "indexId" : "angularjs.template.cache",
      "partOfTotalIndexingTime" : {
        "part" : 496500,
        "total" : 75034252
      },
      "totalNumberOfFiles" : 5,
      "totalNumberOfFilesIndexedByExtensions" : 0,
      "totalFilesSize" : 8822,
      "indexValueChangerEvaluationSpeed" : {
        "totalBytes" : 8822,
        "totalCpuTime" : 496500
      }
    }, {
      "indexId" : "HtmlScriptSrcIndex",
      "partOfTotalIndexingTime" : {
        "part" : 473376,
        "total" : 75034252
      },
      "totalNumberOfFiles" : 5,
      "totalNumberOfFilesIndexedByExtensions" : 0,
      "totalFilesSize" : 8822,
      "indexValueChangerEvaluationSpeed" : {
        "totalBytes" : 8822,
        "totalCpuTime" : 473376
      }
    }, {
      "indexId" : "angularjs.ui.router.views.index",
      "partOfTotalIndexingTime" : {
        "part" : 462040,
        "total" : 75034252
      },
      "totalNumberOfFiles" : 5,
      "totalNumberOfFilesIndexedByExtensions" : 0,
      "totalFilesSize" : 8822,
      "indexValueChangerEvaluationSpeed" : {
        "totalBytes" : 8822,
        "totalCpuTime" : 462040
      }
    }, {
      "indexId" : "angularjs.app.index",
      "partOfTotalIndexingTime" : {
        "part" : 459791,
        "total" : 75034252
      },
      "totalNumberOfFiles" : 5,
      "totalNumberOfFilesIndexedByExtensions" : 0,
      "totalFilesSize" : 8822,
      "indexValueChangerEvaluationSpeed" : {
        "totalBytes" : 8822,
        "totalCpuTime" : 459791
      }
    }, {
      "indexId" : "docker.compose.services",
      "partOfTotalIndexingTime" : {
        "part" : 310294,
        "total" : 75034252
      },
      "totalNumberOfFiles" : 15,
      "totalNumberOfFilesIndexedByExtensions" : 0,
      "totalFilesSize" : 38262,
      "indexValueChangerEvaluationSpeed" : {
        "totalBytes" : 38262,
        "totalCpuTime" : 310294
      }
    }, {
      "indexId" : "org.jetbrains.kotlin.idea.base.indices.names.KotlinTopLevelClassLikeDeclarationByPackageShortNameIndex",
      "partOfTotalIndexingTime" : {
        "part" : 38292,
        "total" : 75034252
      },
      "totalNumberOfFiles" : 1,
      "totalNumberOfFilesIndexedByExtensions" : 0,
      "totalFilesSize" : 6046,
      "indexValueChangerEvaluationSpeed" : {
        "totalBytes" : 6046,
        "totalCpuTime" : 38292
      }
    }, {
      "indexId" : "org.jetbrains.kotlin.idea.vfilefinder.KotlinPackageSourcesMemberNamesIndex",
      "partOfTotalIndexingTime" : {
        "part" : 33208,
        "total" : 75034252
      },
      "totalNumberOfFiles" : 1,
      "totalNumberOfFilesIndexedByExtensions" : 0,
      "totalFilesSize" : 6046,
      "indexValueChangerEvaluationSpeed" : {
        "totalBytes" : 6046,
        "totalCpuTime" : 33208
      }
    }, {
      "indexId" : "js.custom.single.entry.index",
      "partOfTotalIndexingTime" : {
        "part" : 25417,
        "total" : 75034252
      },
      "totalNumberOfFiles" : 5,
      "totalNumberOfFilesIndexedByExtensions" : 0,
      "totalFilesSize" : 8822,
      "indexValueChangerEvaluationSpeed" : {
        "totalBytes" : 8822,
        "totalCpuTime" : 25417
      }
    }, {
      "indexId" : "org.jetbrains.kotlin.idea.base.indices.names.KotlinTopLevelCallableByPackageShortNameIndex",
      "partOfTotalIndexingTime" : {
        "part" : 14292,
        "total" : 75034252
      },
      "totalNumberOfFiles" : 1,
      "totalNumberOfFilesIndexedByExtensions" : 0,
      "totalFilesSize" : 6046,
      "indexValueChangerEvaluationSpeed" : {
        "totalBytes" : 6046,
        "totalCpuTime" : 14292
      }
    } ],
    "statisticsOfChangedDuringIndexingFiles" : {
      "numberOfFiles" : 23,
      "retrievingTime" : 24792
    },
    "fileProviderStatistics" : [ {
      "providerName" : "Refreshed files",
      "totalNumberOfIndexedFiles" : 23,
      "totalNumberOfFilesFullyIndexedByExtensions" : 0,
      "totalNumberOfNothingToWriteFiles" : 0,
      "totalIndexingVisibleTime" : 18618916,
      "contentLoadingVisibleTime" : 169538,
      "numberOfTooLargeForIndexingFiles" : 0,
      "slowIndexedFiles" : [ ],
      "filesFullyIndexedByExtensions" : [ ],
      "separateApplyingIndexesVisibleTime" : 3556839
    } ],
    "visibleTimeToAllThreadTimeRatio" : 0.1815196540295244
  }
}