{
  "appInfo" : {
    "build" : "233.13135.103",
    "buildDate" : "2023-12-20T05:05:00Z[UTC]",
    "productCode" : "IU",
    "generated" : "2024-01-12T03:43:57.039125Z",
    "os" : "macOS 14.2.1",
    "runtime" : "JetBrains s.r.o. 17.0.9 17.0.9+7-b1087.9"
  },
  "runtimeInfo" : {
    "maxMemory" : 2147483648,
    "numberOfProcessors" : 10,
    "maxNumberOfIndexingThreads" : 9,
    "maxSizeOfFileForIntelliSense" : 2560000,
    "maxSizeOfFileForContentLoading" : 20971520
  },
  "type" : "Scanning",
  "projectIndexingActivityHistory" : {
    "projectName" : "Parking Lot",
    "times" : {
      "scanningReason" : "changes in: \"Custom kind roots from entity (sass_functions.scss, sass_color.scss, sass_list.scss, ..., empty)\"",
      "scanningType" : "PARTIAL",
      "scanningId" : 1,
      "creatingIteratorsTime" : 1000,
      "concurrentHandlingWallTimeWithoutPauses" : 25610000,
      "concurrentHandlingWallTimeWithPauses" : 25610000,
      "concurrentHandlingSumOfThreadTimesWithPauses" : 22404625,
      "concurrentIterationAndScannersApplicationSumOfThreadTimesWithPauses" : 119667,
      "concurrentFileCheckSumOfThreadTimesWithPauses" : 22216666,
      "delayedPushPropertiesStageTime" : 4000,
      "indexExtensionsTime" : 75377,
      "dumbWallTimeWithPauses" : 0,
      "dumbWallTimeWithoutPauses" : 0,
      "updatingStart" : "2024-01-12T03:43:57.012501Z",
      "updatingEnd" : "2024-01-12T03:43:57.038757Z",
      "totalWallTimeWithPauses" : 26256708,
      "wallTimeOnPause" : 0,
      "wasInterrupted" : false,
      "totalWallTimeWithoutPauses" : 26256708
    },
    "fileCount" : {
      "numberOfFileProviders" : 1,
      "numberOfScannedFiles" : 8,
      "numberOfFilesIndexedByInfrastructureExtensionsDuringScan" : 0,
      "numberOfFilesScheduledForIndexingAfterScan" : 8
    },
    "scanningStatistics" : [ {
      "providerName" : "Custom kind roots from entity (sass_functions.scss, sass_color.scss, sass_list.scss, ..., empty)",
      "numberOfScannedFiles" : 8,
      "numberOfSkippedFiles" : 0,
      "numberOfFilesForIndexing" : 8,
      "numberOfFilesFullyIndexedByInfrastructureExtensions" : 0,
      "filesFullyIndexedByInfrastructureExtensions" : [ ],
      "statusTime" : 22054291,
      "totalOneThreadTimeWithPauses" : 22404625,
      "iterationAndScannersApplicationTime" : 119667,
      "filesCheckTime" : 22216666,
      "timeProcessingUpToDateFiles" : 0,
      "timeUpdatingContentLessIndexes" : 634165,
      "timeIndexingWithoutContentViaInfrastructureExtension" : 75377,
      "roots" : [ ]
    } ]
  }
}