{
  "appInfo" : {
    "build" : "233.13135.103",
    "buildDate" : "2023-12-20T05:05:00Z[UTC]",
    "productCode" : "IU",
    "generated" : "2024-01-12T03:45:21.297357Z",
    "os" : "macOS 14.2.1",
    "runtime" : "JetBrains s.r.o. 17.0.9 17.0.9+7-b1087.9"
  },
  "runtimeInfo" : {
    "maxMemory" : 2147483648,
    "numberOfProcessors" : 10,
    "maxNumberOfIndexingThreads" : 9,
    "maxSizeOfFileForIntelliSense" : 2560000,
    "maxSizeOfFileForContentLoading" : 20971520
  },
  "type" : "Scanning",
  "projectIndexingActivityHistory" : {
    "projectName" : "Parking Lot",
    "times" : {
      "scanningReason" : "changes in: \"Custom kind roots from entity (extensions, empty)\"",
      "scanningType" : "PARTIAL",
      "scanningId" : 3,
      "creatingIteratorsTime" : 0,
      "concurrentHandlingWallTimeWithoutPauses" : 968000,
      "concurrentHandlingWallTimeWithPauses" : 968000,
      "concurrentHandlingSumOfThreadTimesWithPauses" : 699875,
      "concurrentIterationAndScannersApplicationSumOfThreadTimesWithPauses" : 53542,
      "concurrentFileCheckSumOfThreadTimesWithPauses" : 598916,
      "delayedPushPropertiesStageTime" : 99000,
      "indexExtensionsTime" : 4125,
      "dumbModeStart" : "2024-01-12T03:45:21.287687Z",
      "dumbWallTimeWithPauses" : 1264000,
      "dumbWallTimeWithoutPauses" : 1255000,
      "updatingStart" : "2024-01-12T03:45:21.287169Z",
      "updatingEnd" : "2024-01-12T03:45:21.288951Z",
      "totalWallTimeWithPauses" : 1780458,
      "wallTimeOnPause" : 9000,
      "wasInterrupted" : false,
      "totalWallTimeWithoutPauses" : 1771458
    },
    "fileCount" : {
      "numberOfFileProviders" : 1,
      "numberOfScannedFiles" : 1,
      "numberOfFilesIndexedByInfrastructureExtensionsDuringScan" : 0,
      "numberOfFilesScheduledForIndexingAfterScan" : 1
    },
    "scanningStatistics" : [ {
      "providerName" : "Custom kind roots from entity (extensions, empty)",
      "numberOfScannedFiles" : 1,
      "numberOfSkippedFiles" : 0,
      "numberOfFilesForIndexing" : 1,
      "numberOfFilesFullyIndexedByInfrastructureExtensions" : 0,
      "filesFullyIndexedByInfrastructureExtensions" : [ ],
      "statusTime" : 431209,
      "totalOneThreadTimeWithPauses" : 699875,
      "iterationAndScannersApplicationTime" : 53542,
      "filesCheckTime" : 598916,
      "timeProcessingUpToDateFiles" : 0,
      "timeUpdatingContentLessIndexes" : 0,
      "timeIndexingWithoutContentViaInfrastructureExtension" : 4125,
      "roots" : [ ]
    } ]
  }
}