{"@type":"attachIncompatible","time":"2024-01-12T04:43:55.948166+01:00[Europe/Berlin]","kind":"bundled","chunkUniqueId":"bundled-js-predefined-1d06a55b98c1-c44b541a36ca-JavaScript-IU-233.13135.103"}
{"@type":"downloaded","time":"2024-01-12T04:44:06.393781+01:00[Europe/Berlin]","kind":"jdk","chunkUniqueId":"jdk-21.0.1-openjdk-21.0.1-f644763e9732-2f79fb23","finishType":"success","downloadTime":7993007500,"packedSize":35054984,"unpackedSize":63162520,"downloadSpeed":{"totalBytes":35054984,"totalCpuTime":7993007500},"generationTime":"1970-01-01T00:00:00Z[UTC]"}
{"@type":"attached","time":"2024-01-12T04:44:06.505223+01:00[Europe/Berlin]","kind":"jdk","chunkUniqueId":"jdk-21.0.1-openjdk-21.0.1-f644763e9732-2f79fb23","indexName":"21.0.1-openjdk-21.0.1","fbMatch":{"part":81,"total":81},"stubMatch":{"part":146,"total":146}}
{"@type":"attached","time":"2024-01-13T11:17:50.933955+01:00[Europe/Berlin]","kind":"jdk","chunkUniqueId":"jdk-21.0.1-openjdk-21.0.1-f644763e9732-2f79fb23","indexName":"21.0.1-openjdk-21.0.1","fbMatch":{"part":81,"total":81},"stubMatch":{"part":146,"total":146}}
{"@type":"excluded","time":"2024-01-13T11:17:52.161316+01:00[Europe/Berlin]","kind":"bundled","chunkUniqueId":"bundled-js-predefined-1d06a55b98c1-c44b541a36ca-JavaScript-IU-233.13135.103"}
{"@type":"attached","time":"2024-01-14T17:29:11.082599+01:00[Europe/Berlin]","kind":"jdk","chunkUniqueId":"jdk-21.0.1-openjdk-21.0.1-f644763e9732-2f79fb23","indexName":"21.0.1-openjdk-21.0.1","fbMatch":{"part":81,"total":81},"stubMatch":{"part":146,"total":146}}
{"@type":"excluded","time":"2024-01-14T17:29:12.258513+01:00[Europe/Berlin]","kind":"bundled","chunkUniqueId":"bundled-js-predefined-1d06a55b98c1-c44b541a36ca-JavaScript-IU-233.13135.103"}
{"@type":"attached","time":"2024-01-16T03:39:18.553903+01:00[Europe/Berlin]","kind":"jdk","chunkUniqueId":"jdk-21.0.1-openjdk-21.0.1-f644763e9732-2f79fb23","indexName":"21.0.1-openjdk-21.0.1","fbMatch":{"part":81,"total":81},"stubMatch":{"part":146,"total":146}}
{"@type":"excluded","time":"2024-01-16T03:39:19.8749+01:00[Europe/Berlin]","kind":"bundled","chunkUniqueId":"bundled-js-predefined-1d06a55b98c1-c44b541a36ca-JavaScript-IU-233.13135.103"}
{"@type":"attached","time":"2024-01-16T03:43:02.071887+01:00[Europe/Berlin]","kind":"jdk","chunkUniqueId":"jdk-21.0.1-openjdk-21.0.1-f644763e9732-2f79fb23","indexName":"21.0.1-openjdk-21.0.1","fbMatch":{"part":81,"total":81},"stubMatch":{"part":146,"total":146}}
{"@type":"excluded","time":"2024-01-16T03:43:03.251465+01:00[Europe/Berlin]","kind":"bundled","chunkUniqueId":"bundled-js-predefined-1d06a55b98c1-c44b541a36ca-JavaScript-IU-233.13135.103"}
{"@type":"attached","time":"2024-02-02T17:16:02.90006+01:00[Europe/Berlin]","kind":"jdk","chunkUniqueId":"jdk-21.0.1-openjdk-21.0.1-f644763e9732-2f79fb23","indexName":"21.0.1-openjdk-21.0.1","fbMatch":{"part":81,"total":81},"stubMatch":{"part":146,"total":146}}
{"@type":"excluded","time":"2024-02-02T17:16:03.130629+01:00[Europe/Berlin]","kind":"bundled","chunkUniqueId":"bundled-js-predefined-1d06a55b98c1-c44b541a36ca-JavaScript-IU-233.13135.103"}
{"@type":"attached","time":"2024-02-02T22:23:47.695309+01:00[Europe/Berlin]","kind":"jdk","chunkUniqueId":"jdk-21.0.1-openjdk-21.0.1-f644763e9732-2f79fb23","indexName":"21.0.1-openjdk-21.0.1","fbMatch":{"part":81,"total":81},"stubMatch":{"part":146,"total":146}}
{"@type":"excluded","time":"2024-02-02T22:23:48.690441+01:00[Europe/Berlin]","kind":"bundled","chunkUniqueId":"bundled-js-predefined-1d06a55b98c1-c44b541a36ca-JavaScript-IU-233.13135.103"}
