{
  "appInfo" : {
    "build" : "233.13135.103",
    "buildDate" : "2023-12-20T05:05:00Z[UTC]",
    "productCode" : "IU",
    "generated" : "2024-01-16T02:40:02.226292Z",
    "os" : "macOS 14.2.1",
    "runtime" : "JetBrains s.r.o. 17.0.9 17.0.9+7-b1087.9"
  },
  "runtimeInfo" : {
    "maxMemory" : 2147483648,
    "numberOfProcessors" : 10,
    "maxNumberOfIndexingThreads" : 9,
    "maxSizeOfFileForIntelliSense" : 2560000,
    "maxSizeOfFileForContentLoading" : 20971520
  },
  "type" : "Scanning",
  "projectIndexingActivityHistory" : {
    "projectName" : "Some_New_Stuff",
    "times" : {
      "scanningReason" : "changes in: \"Custom kind roots from entity (sass_functions.scss, sass_color.scss, sass_list.scss, ..., empty)\", \"Custom kind roots from entity (extensions, empty)\"",
      "scanningType" : "PARTIAL",
      "scanningId" : 3,
      "creatingIteratorsTime" : 0,
      "concurrentHandlingWallTimeWithoutPauses" : 7668000,
      "concurrentHandlingWallTimeWithPauses" : 7709000,
      "concurrentHandlingSumOfThreadTimesWithPauses" : 5687083,
      "concurrentIterationAndScannersApplicationSumOfThreadTimesWithPauses" : 45583,
      "concurrentFileCheckSumOfThreadTimesWithPauses" : 5588543,
      "delayedPushPropertiesStageTime" : 2000,
      "indexExtensionsTime" : 0,
      "dumbModeStart" : "2024-01-16T02:40:02.217763Z",
      "dumbWallTimeWithPauses" : 7967000,
      "dumbWallTimeWithoutPauses" : 7926000,
      "updatingStart" : "2024-01-16T02:40:02.217301Z",
      "updatingEnd" : "2024-01-16T02:40:02.22573Z",
      "totalWallTimeWithPauses" : 8432167,
      "wallTimeOnPause" : 41000,
      "wasInterrupted" : false,
      "totalWallTimeWithoutPauses" : 8391167
    },
    "fileCount" : {
      "numberOfFileProviders" : 2,
      "numberOfScannedFiles" : 9,
      "numberOfFilesIndexedByInfrastructureExtensionsDuringScan" : 0,
      "numberOfFilesScheduledForIndexingAfterScan" : 0
    },
    "scanningStatistics" : [ {
      "providerName" : "Custom kind roots from entity (extensions, empty)",
      "numberOfScannedFiles" : 1,
      "numberOfSkippedFiles" : 0,
      "numberOfFilesForIndexing" : 0,
      "numberOfFilesFullyIndexedByInfrastructureExtensions" : 0,
      "filesFullyIndexedByInfrastructureExtensions" : [ ],
      "statusTime" : 3302583,
      "totalOneThreadTimeWithPauses" : 3536083,
      "iterationAndScannersApplicationTime" : 30583,
      "filesCheckTime" : 3471959,
      "timeProcessingUpToDateFiles" : 38874,
      "timeUpdatingContentLessIndexes" : 0,
      "timeIndexingWithoutContentViaInfrastructureExtension" : 0,
      "roots" : [ ]
    }, {
      "providerName" : "Custom kind roots from entity (sass_functions.scss, sass_color.scss, sass_list.scss, ..., empty)",
      "numberOfScannedFiles" : 8,
      "numberOfSkippedFiles" : 0,
      "numberOfFilesForIndexing" : 0,
      "numberOfFilesFullyIndexedByInfrastructureExtensions" : 0,
      "filesFullyIndexedByInfrastructureExtensions" : [ ],
      "statusTime" : 2051958,
      "totalOneThreadTimeWithPauses" : 2151000,
      "iterationAndScannersApplicationTime" : 15000,
      "filesCheckTime" : 2116584,
      "timeProcessingUpToDateFiles" : 119040,
      "timeUpdatingContentLessIndexes" : 0,
      "timeIndexingWithoutContentViaInfrastructureExtension" : 0,
      "roots" : [ ]
    } ]
  }
}