{
  "appInfo" : {
    "build" : "233.13135.103",
    "buildDate" : "2023-12-20T05:05:00Z[UTC]",
    "productCode" : "IU",
    "generated" : "2024-01-16T02:40:03.71369Z",
    "os" : "macOS 14.2.1",
    "runtime" : "JetBrains s.r.o. 17.0.9 17.0.9+7-b1087.9"
  },
  "runtimeInfo" : {
    "maxMemory" : 2147483648,
    "numberOfProcessors" : 10,
    "maxNumberOfIndexingThreads" : 9,
    "maxSizeOfFileForIntelliSense" : 2560000,
    "maxSizeOfFileForContentLoading" : 20971520
  },
  "type" : "DumbIndexing",
  "projectIndexingActivityHistory" : {
    "projectName" : "Some_New_Stuff",
    "times" : {
      "scanningIds" : [ 2 ],
      "contentLoadingVisibleTime" : 31554988,
      "retrievingChangedDuringIndexingFilesTime" : 1318834,
      "separateApplyingIndexesVisibleTime" : 242313320,
      "updatingStart" : "2024-01-16T02:40:02.228834Z",
      "updatingEnd" : "2024-01-16T02:40:03.713342Z",
      "totalWallTimeWithPauses" : 1484527000,
      "wallTimeOnPause" : 0,
      "wasInterrupted" : false,
      "dumbWallTimeWithPauses" : 1484527000,
      "dumbWallTimeWithoutPauses" : 1484527000,
      "dumbModeStart" : "2024-01-16T02:40:02.228834Z",
      "totalWallTimeWithoutPauses" : 1484527000
    },
    "fileCount" : {
      "numberOfChangedDuringIndexingFiles" : 8,
      "numberOfFilesIndexedByInfrastructureExtensionsDuringIndexingStage" : 0,
      "numberOfFilesIndexedWithLoadingContent" : 1768,
      "numberOfNothingToWriteFiles" : 6
    },
    "totalStatsPerFileType" : [ {
      "fileType" : "Kotlin",
      "partOfTotalProcessingTime" : {
        "part" : 3293318062,
        "total" : 7263766973
      },
      "partOfTotalContentLoadingTime" : {
        "part" : 39842870,
        "total" : 159603567
      },
      "totalNumberOfFiles" : 327,
      "totalFilesSize" : 3515579,
      "totalProcessingSpeed" : {
        "totalBytes" : 3515579,
        "totalCpuTime" : 3293318062
      },
      "biggestContributors" : [ {
        "providerName" : "Library KotlinJavaRuntime (#5 class roots, #5 source roots)",
        "numberOfFiles" : 326,
        "totalFilesSize" : 3515537,
        "partOfTotalProcessingTimeOfThisFileType" : {
          "part" : 3288756104,
          "total" : 3293318062
        }
      }, {
        "providerName" : "Refreshed files",
        "numberOfFiles" : 1,
        "totalFilesSize" : 42,
        "partOfTotalProcessingTimeOfThisFileType" : {
          "part" : 4561958,
          "total" : 3293318062
        }
      } ]
    }, {
      "fileType" : "CLASS",
      "partOfTotalProcessingTime" : {
        "part" : 2293261637,
        "total" : 7263766973
      },
      "partOfTotalContentLoadingTime" : {
        "part" : 94860299,
        "total" : 159603567
      },
      "totalNumberOfFiles" : 1001,
      "totalFilesSize" : 4198606,
      "totalProcessingSpeed" : {
        "totalBytes" : 4198606,
        "totalCpuTime" : 2293261637
      },
      "biggestContributors" : [ {
        "providerName" : "Library KotlinJavaRuntime (#5 class roots, #5 source roots)",
        "numberOfFiles" : 1001,
        "totalFilesSize" : 4198606,
        "partOfTotalProcessingTimeOfThisFileType" : {
          "part" : 2293261637,
          "total" : 2293261637
        }
      } ]
    }, {
      "fileType" : "kotlin_builtins",
      "partOfTotalProcessingTime" : {
        "part" : 1423194475,
        "total" : 7263766973
      },
      "partOfTotalContentLoadingTime" : {
        "part" : 21039982,
        "total" : 159603567
      },
      "totalNumberOfFiles" : 365,
      "totalFilesSize" : 411954,
      "totalProcessingSpeed" : {
        "totalBytes" : 411954,
        "totalCpuTime" : 1423194475
      },
      "biggestContributors" : [ {
        "providerName" : "Library KotlinJavaRuntime (#5 class roots, #5 source roots)",
        "numberOfFiles" : 365,
        "totalFilesSize" : 411954,
        "partOfTotalProcessingTimeOfThisFileType" : {
          "part" : 1423194475,
          "total" : 1423194475
        }
      } ]
    }, {
      "fileType" : "Markdown",
      "partOfTotalProcessingTime" : {
        "part" : 116068415,
        "total" : 7263766973
      },
      "partOfTotalContentLoadingTime" : {
        "part" : 66625,
        "total" : 159603567
      },
      "totalNumberOfFiles" : 1,
      "totalFilesSize" : 6728,
      "totalProcessingSpeed" : {
        "totalBytes" : 6728,
        "totalCpuTime" : 116068415
      },
      "biggestContributors" : [ {
        "providerName" : "Library KotlinJavaRuntime (#5 class roots, #5 source roots)",
        "numberOfFiles" : 1,
        "totalFilesSize" : 6728,
        "partOfTotalProcessingTimeOfThisFileType" : {
          "part" : 116068415,
          "total" : 116068415
        }
      } ]
    }, {
      "fileType" : "JAVA",
      "partOfTotalProcessingTime" : {
        "part" : 56098252,
        "total" : 7263766973
      },
      "partOfTotalContentLoadingTime" : {
        "part" : 2003125,
        "total" : 159603567
      },
      "totalNumberOfFiles" : 50,
      "totalFilesSize" : 117725,
      "totalProcessingSpeed" : {
        "totalBytes" : 117725,
        "totalCpuTime" : 56098252
      },
      "biggestContributors" : [ {
        "providerName" : "Library KotlinJavaRuntime (#5 class roots, #5 source roots)",
        "numberOfFiles" : 50,
        "totalFilesSize" : 117725,
        "partOfTotalProcessingTimeOfThisFileType" : {
          "part" : 56098252,
          "total" : 56098252
        }
      } ]
    }, {
      "fileType" : "XML",
      "partOfTotalProcessingTime" : {
        "part" : 35518752,
        "total" : 7263766973
      },
      "partOfTotalContentLoadingTime" : {
        "part" : 617875,
        "total" : 159603567
      },
      "totalNumberOfFiles" : 6,
      "totalFilesSize" : 8206,
      "totalProcessingSpeed" : {
        "totalBytes" : 8206,
        "totalCpuTime" : 35518752
      },
      "biggestContributors" : [ {
        "providerName" : "Library KotlinJavaRuntime (#5 class roots, #5 source roots)",
        "numberOfFiles" : 1,
        "totalFilesSize" : 4930,
        "partOfTotalProcessingTimeOfThisFileType" : {
          "part" : 34413500,
          "total" : 35518752
        }
      }, {
        "providerName" : "Refreshed files",
        "numberOfFiles" : 5,
        "totalFilesSize" : 3276,
        "partOfTotalProcessingTimeOfThisFileType" : {
          "part" : 1105252,
          "total" : 35518752
        }
      } ]
    }, {
      "fileType" : "kotlin_module",
      "partOfTotalProcessingTime" : {
        "part" : 19967127,
        "total" : 7263766973
      },
      "partOfTotalContentLoadingTime" : {
        "part" : 171041,
        "total" : 159603567
      },
      "totalNumberOfFiles" : 4,
      "totalFilesSize" : 9015,
      "totalProcessingSpeed" : {
        "totalBytes" : 9015,
        "totalCpuTime" : 19967127
      },
      "biggestContributors" : [ {
        "providerName" : "Library KotlinJavaRuntime (#5 class roots, #5 source roots)",
        "numberOfFiles" : 4,
        "totalFilesSize" : 9015,
        "partOfTotalProcessingTimeOfThisFileType" : {
          "part" : 19967127,
          "total" : 19967127
        }
      } ]
    }, {
      "fileType" : "Properties",
      "partOfTotalProcessingTime" : {
        "part" : 13767126,
        "total" : 7263766973
      },
      "partOfTotalContentLoadingTime" : {
        "part" : 99041,
        "total" : 159603567
      },
      "totalNumberOfFiles" : 1,
      "totalFilesSize" : 108,
      "totalProcessingSpeed" : {
        "totalBytes" : 108,
        "totalCpuTime" : 13767126
      },
      "biggestContributors" : [ {
        "providerName" : "Library KotlinJavaRuntime (#5 class roots, #5 source roots)",
        "numberOfFiles" : 1,
        "totalFilesSize" : 108,
        "partOfTotalProcessingTimeOfThisFileType" : {
          "part" : 13767126,
          "total" : 13767126
        }
      } ]
    }, {
      "fileType" : "Manifest",
      "partOfTotalProcessingTime" : {
        "part" : 10363294,
        "total" : 7263766973
      },
      "partOfTotalContentLoadingTime" : {
        "part" : 711793,
        "total" : 159603567
      },
      "totalNumberOfFiles" : 10,
      "totalFilesSize" : 1204,
      "totalProcessingSpeed" : {
        "totalBytes" : 1204,
        "totalCpuTime" : 10363294
      },
      "biggestContributors" : [ {
        "providerName" : "Library KotlinJavaRuntime (#5 class roots, #5 source roots)",
        "numberOfFiles" : 10,
        "totalFilesSize" : 1204,
        "partOfTotalProcessingTimeOfThisFileType" : {
          "part" : 10363294,
          "total" : 10363294
        }
      } ]
    }, {
      "fileType" : "GitIgnore file",
      "partOfTotalProcessingTime" : {
        "part" : 1438791,
        "total" : 7263766973
      },
      "partOfTotalContentLoadingTime" : {
        "part" : 53041,
        "total" : 159603567
      },
      "totalNumberOfFiles" : 1,
      "totalFilesSize" : 344,
      "totalProcessingSpeed" : {
        "totalBytes" : 344,
        "totalCpuTime" : 1438791
      },
      "biggestContributors" : [ {
        "providerName" : "Module 'Some_New_Stuff' (all roots)",
        "numberOfFiles" : 1,
        "totalFilesSize" : 344,
        "partOfTotalProcessingTimeOfThisFileType" : {
          "part" : 1438791,
          "total" : 1438791
        }
      } ]
    }, {
      "fileType" : "UNKNOWN",
      "partOfTotalProcessingTime" : {
        "part" : 506083,
        "total" : 7263766973
      },
      "partOfTotalContentLoadingTime" : {
        "part" : 88000,
        "total" : 159603567
      },
      "totalNumberOfFiles" : 1,
      "totalFilesSize" : 0,
      "totalProcessingSpeed" : {
        "totalBytes" : 0,
        "totalCpuTime" : 506083
      },
      "biggestContributors" : [ {
        "providerName" : "Refreshed files",
        "numberOfFiles" : 1,
        "totalFilesSize" : 0,
        "partOfTotalProcessingTimeOfThisFileType" : {
          "part" : 506083,
          "total" : 506083
        }
      } ]
    }, {
      "fileType" : "IDEA_MODULE",
      "partOfTotalProcessingTime" : {
        "part" : 264959,
        "total" : 7263766973
      },
      "partOfTotalContentLoadingTime" : {
        "part" : 49875,
        "total" : 159603567
      },
      "totalNumberOfFiles" : 1,
      "totalFilesSize" : 741,
      "totalProcessingSpeed" : {
        "totalBytes" : 741,
        "totalCpuTime" : 264959
      },
      "biggestContributors" : [ {
        "providerName" : "Refreshed files",
        "numberOfFiles" : 1,
        "totalFilesSize" : 741,
        "partOfTotalProcessingTimeOfThisFileType" : {
          "part" : 264959,
          "total" : 264959
        }
      } ]
    } ],
    "totalStatsPerBaseLanguage" : [ {
      "language" : "kotlin",
      "partOfTotalProcessingTime" : {
        "part" : 3293318062,
        "total" : 7263766973
      },
      "partOfTotalContentLoadingTime" : {
        "part" : 199446437,
        "total" : 159603567
      },
      "totalNumberOfFiles" : 327,
      "totalFilesSize" : 3515579,
      "totalProcessingSpeed" : {
        "totalBytes" : 3515579,
        "totalCpuTime" : 3293318062
      }
    }, {
      "language" : "Markdown",
      "partOfTotalProcessingTime" : {
        "part" : 116068415,
        "total" : 7263766973
      },
      "partOfTotalContentLoadingTime" : {
        "part" : 159670192,
        "total" : 159603567
      },
      "totalNumberOfFiles" : 1,
      "totalFilesSize" : 6728,
      "totalProcessingSpeed" : {
        "totalBytes" : 6728,
        "totalCpuTime" : 116068415
      }
    }, {
      "language" : "JAVA",
      "partOfTotalProcessingTime" : {
        "part" : 56098252,
        "total" : 7263766973
      },
      "partOfTotalContentLoadingTime" : {
        "part" : 161606692,
        "total" : 159603567
      },
      "totalNumberOfFiles" : 50,
      "totalFilesSize" : 117725,
      "totalProcessingSpeed" : {
        "totalBytes" : 117725,
        "totalCpuTime" : 56098252
      }
    }, {
      "language" : "XML",
      "partOfTotalProcessingTime" : {
        "part" : 35518752,
        "total" : 7263766973
      },
      "partOfTotalContentLoadingTime" : {
        "part" : 160221442,
        "total" : 159603567
      },
      "totalNumberOfFiles" : 6,
      "totalFilesSize" : 8206,
      "totalProcessingSpeed" : {
        "totalBytes" : 8206,
        "totalCpuTime" : 35518752
      }
    }, {
      "language" : "Properties",
      "partOfTotalProcessingTime" : {
        "part" : 13767126,
        "total" : 7263766973
      },
      "partOfTotalContentLoadingTime" : {
        "part" : 159702608,
        "total" : 159603567
      },
      "totalNumberOfFiles" : 1,
      "totalFilesSize" : 108,
      "totalProcessingSpeed" : {
        "totalBytes" : 108,
        "totalCpuTime" : 13767126
      }
    }, {
      "language" : "Manifest",
      "partOfTotalProcessingTime" : {
        "part" : 10363294,
        "total" : 7263766973
      },
      "partOfTotalContentLoadingTime" : {
        "part" : 160315360,
        "total" : 159603567
      },
      "totalNumberOfFiles" : 10,
      "totalFilesSize" : 1204,
      "totalProcessingSpeed" : {
        "totalBytes" : 1204,
        "totalCpuTime" : 10363294
      }
    }, {
      "language" : "GitIgnore",
      "partOfTotalProcessingTime" : {
        "part" : 1438791,
        "total" : 7263766973
      },
      "partOfTotalContentLoadingTime" : {
        "part" : 159656608,
        "total" : 159603567
      },
      "totalNumberOfFiles" : 1,
      "totalFilesSize" : 344,
      "totalProcessingSpeed" : {
        "totalBytes" : 344,
        "totalCpuTime" : 1438791
      }
    }, {
      "language" : "IgnoreLang",
      "partOfTotalProcessingTime" : {
        "part" : 1438791,
        "total" : 7263766973
      },
      "partOfTotalContentLoadingTime" : {
        "part" : 159656608,
        "total" : 159603567
      },
      "totalNumberOfFiles" : 1,
      "totalFilesSize" : 344,
      "totalProcessingSpeed" : {
        "totalBytes" : 344,
        "totalCpuTime" : 1438791
      }
    } ],
    "totalStatsPerIndexer" : [ {
      "indexId" : "Stubs",
      "partOfTotalIndexingTime" : {
        "part" : 2478146895,
        "total" : 5269714449
      },
      "totalNumberOfFiles" : 1696,
      "totalNumberOfFilesIndexedByExtensions" : 0,
      "totalFilesSize" : 8137905,
      "indexValueChangerEvaluationSpeed" : {
        "totalBytes" : 8137905,
        "totalCpuTime" : 2478146895
      }
    }, {
      "indexId" : "org.jetbrains.kotlin.idea.vfilefinder.KotlinShortClassNameFileIndex",
      "partOfTotalIndexingTime" : {
        "part" : 1042596910,
        "total" : 5269714449
      },
      "totalNumberOfFiles" : 1693,
      "totalNumberOfFilesIndexedByExtensions" : 0,
      "totalFilesSize" : 8126139,
      "indexValueChangerEvaluationSpeed" : {
        "totalBytes" : 8126139,
        "totalCpuTime" : 1042596910
      }
    }, {
      "indexId" : "org.jetbrains.kotlin.idea.vfilefinder.KotlinPartialPackageNamesIndex",
      "partOfTotalIndexingTime" : {
        "part" : 948420810,
        "total" : 5269714449
      },
      "totalNumberOfFiles" : 1693,
      "totalNumberOfFilesIndexedByExtensions" : 0,
      "totalFilesSize" : 8126139,
      "indexValueChangerEvaluationSpeed" : {
        "totalBytes" : 8126139,
        "totalCpuTime" : 948420810
      }
    }, {
      "indexId" : "IdIndex",
      "partOfTotalIndexingTime" : {
        "part" : 316947717,
        "total" : 5269714449
      },
      "totalNumberOfFiles" : 391,
      "totalNumberOfFilesIndexedByExtensions" : 0,
      "totalFilesSize" : 3646618,
      "indexValueChangerEvaluationSpeed" : {
        "totalBytes" : 3646618,
        "totalCpuTime" : 316947717
      }
    }, {
      "indexId" : "Trigram.Index",
      "partOfTotalIndexingTime" : {
        "part" : 113074468,
        "total" : 5269714449
      },
      "totalNumberOfFiles" : 391,
      "totalNumberOfFilesIndexedByExtensions" : 0,
      "totalFilesSize" : 3646618,
      "indexValueChangerEvaluationSpeed" : {
        "totalBytes" : 3646618,
        "totalCpuTime" : 113074468
      }
    }, {
      "indexId" : "org.jetbrains.kotlin.idea.base.indices.names.KotlinTopLevelCallableByPackageShortNameIndex",
      "partOfTotalIndexingTime" : {
        "part" : 89101308,
        "total" : 5269714449
      },
      "totalNumberOfFiles" : 1693,
      "totalNumberOfFilesIndexedByExtensions" : 0,
      "totalFilesSize" : 8126139,
      "indexValueChangerEvaluationSpeed" : {
        "totalBytes" : 8126139,
        "totalCpuTime" : 89101308
      }
    }, {
      "indexId" : "org.jetbrains.kotlin.idea.base.indices.names.KotlinTopLevelClassLikeDeclarationByPackageShortNameIndex",
      "partOfTotalIndexingTime" : {
        "part" : 68545945,
        "total" : 5269714449
      },
      "totalNumberOfFiles" : 1693,
      "totalNumberOfFilesIndexedByExtensions" : 0,
      "totalFilesSize" : 8126139,
      "indexValueChangerEvaluationSpeed" : {
        "totalBytes" : 8126139,
        "totalCpuTime" : 68545945
      }
    }, {
      "indexId" : "org.jetbrains.kotlin.idea.vfilefinder.KotlinMetadataFileIndex",
      "partOfTotalIndexingTime" : {
        "part" : 59232720,
        "total" : 5269714449
      },
      "totalNumberOfFiles" : 365,
      "totalNumberOfFilesIndexedByExtensions" : 0,
      "totalFilesSize" : 411954,
      "indexValueChangerEvaluationSpeed" : {
        "totalBytes" : 411954,
        "totalCpuTime" : 59232720
      }
    }, {
      "indexId" : "org.jetbrains.kotlin.idea.vfilefinder.KotlinMetadataFilePackageIndex",
      "partOfTotalIndexingTime" : {
        "part" : 54196844,
        "total" : 5269714449
      },
      "totalNumberOfFiles" : 365,
      "totalNumberOfFilesIndexedByExtensions" : 0,
      "totalFilesSize" : 411954,
      "indexValueChangerEvaluationSpeed" : {
        "totalBytes" : 411954,
        "totalCpuTime" : 54196844
      }
    }, {
      "indexId" : "bytecodeAnalysis",
      "partOfTotalIndexingTime" : {
        "part" : 30326010,
        "total" : 5269714449
      },
      "totalNumberOfFiles" : 1001,
      "totalNumberOfFilesIndexedByExtensions" : 0,
      "totalFilesSize" : 4198606,
      "indexValueChangerEvaluationSpeed" : {
        "totalBytes" : 4198606,
        "totalCpuTime" : 30326010
      }
    }, {
      "indexId" : "org.jetbrains.kotlin.idea.versions.KotlinJvmMetadataVersionIndex",
      "partOfTotalIndexingTime" : {
        "part" : 23989010,
        "total" : 5269714449
      },
      "totalNumberOfFiles" : 1001,
      "totalNumberOfFilesIndexedByExtensions" : 0,
      "totalFilesSize" : 4198606,
      "indexValueChangerEvaluationSpeed" : {
        "totalBytes" : 4198606,
        "totalCpuTime" : 23989010
      }
    }, {
      "indexId" : "org.jetbrains.kotlin.idea.vfilefinder.KotlinJvmModuleAnnotationsIndex",
      "partOfTotalIndexingTime" : {
        "part" : 14689958,
        "total" : 5269714449
      },
      "totalNumberOfFiles" : 4,
      "totalNumberOfFilesIndexedByExtensions" : 0,
      "totalFilesSize" : 9015,
      "indexValueChangerEvaluationSpeed" : {
        "totalBytes" : 9015,
        "totalCpuTime" : 14689958
      }
    }, {
      "indexId" : "org.jetbrains.kotlin.idea.vfilefinder.KotlinClassFileIndex",
      "partOfTotalIndexingTime" : {
        "part" : 9845347,
        "total" : 5269714449
      },
      "totalNumberOfFiles" : 1001,
      "totalNumberOfFilesIndexedByExtensions" : 0,
      "totalFilesSize" : 4198606,
      "indexValueChangerEvaluationSpeed" : {
        "totalBytes" : 4198606,
        "totalCpuTime" : 9845347
      }
    }, {
      "indexId" : "DomFileIndex",
      "partOfTotalIndexingTime" : {
        "part" : 8569875,
        "total" : 5269714449
      },
      "totalNumberOfFiles" : 1,
      "totalNumberOfFilesIndexedByExtensions" : 0,
      "totalFilesSize" : 4930,
      "indexValueChangerEvaluationSpeed" : {
        "totalBytes" : 4930,
        "totalCpuTime" : 8569875
      }
    }, {
      "indexId" : "org.jetbrains.kotlin.idea.vfilefinder.KotlinPackageSourcesMemberNamesIndex",
      "partOfTotalIndexingTime" : {
        "part" : 4771341,
        "total" : 5269714449
      },
      "totalNumberOfFiles" : 327,
      "totalNumberOfFilesIndexedByExtensions" : 0,
      "totalFilesSize" : 3515579,
      "indexValueChangerEvaluationSpeed" : {
        "totalBytes" : 3515579,
        "totalCpuTime" : 4771341
      }
    }, {
      "indexId" : "HashFragmentIndex",
      "partOfTotalIndexingTime" : {
        "part" : 3231375,
        "total" : 5269714449
      },
      "totalNumberOfFiles" : 1,
      "totalNumberOfFilesIndexedByExtensions" : 0,
      "totalFilesSize" : 42,
      "indexValueChangerEvaluationSpeed" : {
        "totalBytes" : 42,
        "totalCpuTime" : 3231375
      }
    }, {
      "indexId" : "org.jetbrains.kotlin.idea.vfilefinder.KotlinBuiltInsMetadataIndex",
      "partOfTotalIndexingTime" : {
        "part" : 2482085,
        "total" : 5269714449
      },
      "totalNumberOfFiles" : 365,
      "totalNumberOfFilesIndexedByExtensions" : 0,
      "totalFilesSize" : 411954,
      "indexValueChangerEvaluationSpeed" : {
        "totalBytes" : 411954,
        "totalCpuTime" : 2482085
      }
    }, {
      "indexId" : "org.jetbrains.kotlin.idea.vfilefinder.KotlinModuleMappingIndex",
      "partOfTotalIndexingTime" : {
        "part" : 821499,
        "total" : 5269714449
      },
      "totalNumberOfFiles" : 4,
      "totalNumberOfFilesIndexedByExtensions" : 0,
      "totalFilesSize" : 9015,
      "indexValueChangerEvaluationSpeed" : {
        "totalBytes" : 9015,
        "totalCpuTime" : 821499
      }
    }, {
      "indexId" : "org.jetbrains.kotlin.idea.vfilefinder.KotlinStdlibIndex",
      "partOfTotalIndexingTime" : {
        "part" : 464418,
        "total" : 5269714449
      },
      "totalNumberOfFiles" : 10,
      "totalNumberOfFilesIndexedByExtensions" : 0,
      "totalFilesSize" : 1204,
      "indexValueChangerEvaluationSpeed" : {
        "totalBytes" : 1204,
        "totalCpuTime" : 464418
      }
    }, {
      "indexId" : "SpringXmlBeansIndex",
      "partOfTotalIndexingTime" : {
        "part" : 103292,
        "total" : 5269714449
      },
      "totalNumberOfFiles" : 1,
      "totalNumberOfFilesIndexedByExtensions" : 0,
      "totalFilesSize" : 4930,
      "indexValueChangerEvaluationSpeed" : {
        "totalBytes" : 4930,
        "totalCpuTime" : 103292
      }
    }, {
      "indexId" : "java.source.module.name",
      "partOfTotalIndexingTime" : {
        "part" : 81872,
        "total" : 5269714449
      },
      "totalNumberOfFiles" : 10,
      "totalNumberOfFilesIndexedByExtensions" : 0,
      "totalFilesSize" : 1204,
      "indexValueChangerEvaluationSpeed" : {
        "totalBytes" : 1204,
        "totalCpuTime" : 81872
      }
    }, {
      "indexId" : "xmlProperties",
      "partOfTotalIndexingTime" : {
        "part" : 74750,
        "total" : 5269714449
      },
      "totalNumberOfFiles" : 1,
      "totalNumberOfFilesIndexedByExtensions" : 0,
      "totalFilesSize" : 4930,
      "indexValueChangerEvaluationSpeed" : {
        "totalBytes" : 4930,
        "totalCpuTime" : 74750
      }
    } ],
    "statisticsOfChangedDuringIndexingFiles" : {
      "numberOfFiles" : 8,
      "retrievingTime" : 1318834
    },
    "fileProviderStatistics" : [ {
      "providerName" : "Library KotlinJavaRuntime (#5 class roots, #5 source roots)",
      "totalNumberOfIndexedFiles" : 1759,
      "totalNumberOfFilesFullyIndexedByExtensions" : 0,
      "totalNumberOfNothingToWriteFiles" : 0,
      "totalIndexingVisibleTime" : 1420998143,
      "contentLoadingVisibleTime" : 31139042,
      "numberOfTooLargeForIndexingFiles" : 0,
      "slowIndexedFiles" : [ ],
      "filesFullyIndexedByExtensions" : [ ],
      "separateApplyingIndexesVisibleTime" : 241823887
    }, {
      "providerName" : "Refreshed files",
      "totalNumberOfIndexedFiles" : 8,
      "totalNumberOfFilesFullyIndexedByExtensions" : 0,
      "totalNumberOfNothingToWriteFiles" : 6,
      "totalIndexingVisibleTime" : 4759709,
      "contentLoadingVisibleTime" : 405559,
      "numberOfTooLargeForIndexingFiles" : 0,
      "slowIndexedFiles" : [ ],
      "filesFullyIndexedByExtensions" : [ ],
      "separateApplyingIndexesVisibleTime" : 455031
    }, {
      "providerName" : "Module 'Some_New_Stuff' (all roots)",
      "totalNumberOfIndexedFiles" : 1,
      "totalNumberOfFilesFullyIndexedByExtensions" : 0,
      "totalNumberOfNothingToWriteFiles" : 0,
      "totalIndexingVisibleTime" : 281773,
      "contentLoadingVisibleTime" : 10387,
      "numberOfTooLargeForIndexingFiles" : 0,
      "slowIndexedFiles" : [ ],
      "filesFullyIndexedByExtensions" : [ ],
      "separateApplyingIndexesVisibleTime" : 34402
    } ],
    "visibleTimeToAllThreadTimeRatio" : 0.7392859117661129
  }
}