{"reason":"Push on VFS changes","startTime":"2024-02-03T02:50:14.405759+01:00[Europe/Berlin]","duration":24250,"isCancelled":false}
{"reason":"Push on VFS changes","startTime":"2024-02-03T02:50:18.733042+01:00[Europe/Berlin]","duration":39208,"isCancelled":false}
{"reason":"Push all on [com.intellij.openapi.roots.impl.JavaLanguageLevelPusher@44c41ef2]","startTime":"2024-02-03T02:50:19.358577+01:00[Europe/Berlin]","duration":44625,"isCancelled":false}
{"reason":"Push on VFS changes","startTime":"2024-02-03T02:54:26.021475+01:00[Europe/Berlin]","duration":17708,"isCancelled":false}
{"reason":"Push on VFS changes","startTime":"2024-02-03T02:55:26.397273+01:00[Europe/Berlin]","duration":45709,"isCancelled":false}
{"reason":"Push on VFS changes","startTime":"2024-02-03T02:55:57.589518+01:00[Europe/Berlin]","duration":44500,"isCancelled":false}
{"reason":"Push on VFS changes","startTime":"2024-02-03T02:56:25.032714+01:00[Europe/Berlin]","duration":81208,"isCancelled":false}
{"reason":"Push on VFS changes","startTime":"2024-02-03T14:37:02.665364+01:00[Europe/Berlin]","duration":23709,"isCancelled":false}
{"reason":"Push on VFS changes","startTime":"2024-02-03T21:09:51.634933+01:00[Europe/Berlin]","duration":200208,"isCancelled":false}
{"reason":"Push on VFS changes","startTime":"2024-02-03T21:12:45.661489+01:00[Europe/Berlin]","duration":1383333,"isCancelled":false}
{"reason":"Push on VFS changes","startTime":"2024-02-03T21:29:45.222271+01:00[Europe/Berlin]","duration":416375,"isCancelled":false}
{"reason":"Push on VFS changes","startTime":"2024-02-03T21:32:53.277327+01:00[Europe/Berlin]","duration":506625,"isCancelled":false}
{"reason":"Push on VFS changes","startTime":"2024-02-03T21:41:09.22619+01:00[Europe/Berlin]","duration":495625,"isCancelled":false}
{"reason":"Push on VFS changes","startTime":"2024-02-03T23:21:58.811732+01:00[Europe/Berlin]","duration":308083,"isCancelled":false}
{"reason":"Push on VFS changes","startTime":"2024-02-03T23:24:13.473211+01:00[Europe/Berlin]","duration":325000,"isCancelled":false}
{"reason":"Push on VFS changes","startTime":"2024-02-03T23:24:40.388016+01:00[Europe/Berlin]","duration":478000,"isCancelled":false}
{"reason":"Push on VFS changes","startTime":"2024-02-03T23:41:11.875668+01:00[Europe/Berlin]","duration":317125,"isCancelled":false}
{"reason":"Push on VFS changes","startTime":"2024-02-04T02:05:30.906191+01:00[Europe/Berlin]","duration":397208,"isCancelled":false}
{"reason":"Push on VFS changes","startTime":"2024-02-04T02:06:19.06263+01:00[Europe/Berlin]","duration":339042,"isCancelled":false}
{"reason":"Push on VFS changes","startTime":"2024-02-04T15:14:00.679148+01:00[Europe/Berlin]","duration":305541,"isCancelled":false}
{"reason":"Push on VFS changes","startTime":"2024-02-04T15:14:09.155617+01:00[Europe/Berlin]","duration":245459,"isCancelled":false}
{"reason":"Push on VFS changes","startTime":"2024-02-04T15:17:05.8409+01:00[Europe/Berlin]","duration":12383709,"isCancelled":false}
{"reason":"Push on VFS changes","startTime":"2024-02-04T15:29:27.275491+01:00[Europe/Berlin]","duration":183291,"isCancelled":false}
{"reason":"Push on VFS changes","startTime":"2024-02-04T15:29:39.149447+01:00[Europe/Berlin]","duration":355500,"isCancelled":false}
{"reason":"Push on VFS changes","startTime":"2024-02-04T15:53:34.61941+01:00[Europe/Berlin]","duration":1392750,"isCancelled":false}
{"reason":"Push on VFS changes","startTime":"2024-02-04T16:03:59.955831+01:00[Europe/Berlin]","duration":154792,"isCancelled":false}
{"reason":"Push on VFS changes","startTime":"2024-02-04T16:10:08.794423+01:00[Europe/Berlin]","duration":243875,"isCancelled":false}
{"reason":"Push on VFS changes","startTime":"2024-02-04T16:14:53.039774+01:00[Europe/Berlin]","duration":109417,"isCancelled":false}
{"reason":"Push all on [com.intellij.openapi.roots.impl.JavaLanguageLevelPusher@4b818182]","startTime":"2024-02-04T16:14:58.742324+01:00[Europe/Berlin]","duration":323792,"isCancelled":false}
{"reason":"Push on VFS changes","startTime":"2024-02-04T16:15:31.606241+01:00[Europe/Berlin]","duration":1524042,"isCancelled":false}
{"reason":"Push on VFS changes","startTime":"2024-02-04T16:18:32.416527+01:00[Europe/Berlin]","duration":42875,"isCancelled":false}
{"reason":"Push on VFS changes","startTime":"2024-02-04T17:47:12.881153+01:00[Europe/Berlin]","duration":163250,"isCancelled":false}
{"reason":"Push on VFS changes","startTime":"2024-02-05T03:10:44.911471+01:00[Europe/Berlin]","duration":197500,"isCancelled":false}
{"reason":"Push on VFS changes","startTime":"2024-02-05T22:27:01.723198+01:00[Europe/Berlin]","duration":156667,"isCancelled":false}
