{
  "appInfo" : {
    "build" : "233.13135.103",
    "buildDate" : "2023-12-20T05:05:00Z[UTC]",
    "productCode" : "IU",
    "generated" : "2024-02-04T15:15:00.660224Z",
    "os" : "macOS 14.3",
    "runtime" : "JetBrains s.r.o. 17.0.9 17.0.9+7-b1087.9"
  },
  "runtimeInfo" : {
    "maxMemory" : 2147483648,
    "numberOfProcessors" : 10,
    "maxNumberOfIndexingThreads" : 9,
    "maxSizeOfFileForIntelliSense" : 2560000,
    "maxSizeOfFileForContentLoading" : 20971520
  },
  "type" : "Scanning",
  "projectIndexingActivityHistory" : {
    "projectName" : "Steganography and Cryptography",
    "times" : {
      "scanningReason" : "changes in: \"Module 'Steganography_and_Cryptography' (all roots)\", \"Module 'Steganography_and_Cryptography.Steganography_and_Cryptography-task' (all roots)\", \"Module 'Steganography_and_Cryptography.util' (all roots)\", \"Module 'Steganography_and_Cryptography.Steganography_and_Cryptography-task.main' (all roots)\", \"Module 'Steganography_and_Cryptography.Steganography_and_Cryptography-task.test' (all roots)\", \"Module 'Steganography_and_Cryptography.util.main' (all roots)\", \"Module 'Steganography_and_Cryptography.util.test' (all roots)\", \"JDK temurin-21 /Library/Java/JavaVirtualMachines/temurin-21.jdk/Contents/Home\", \"Library Gradle: com.github.hyperskill:hs-test:release-SNAPSHOT (#1 class roots, #0 source roots)\", \"Library Gradle: com.google.code.gson:gson:2.8.9 (#1 class roots, #1 source roots)\" and 16 iterators more",
      "scanningType" : "PARTIAL",
      "scanningId" : 2,
      "creatingIteratorsTime" : 1000,
      "concurrentHandlingWallTimeWithoutPauses" : 1728342000,
      "concurrentHandlingWallTimeWithPauses" : 1728342000,
      "concurrentHandlingSumOfThreadTimesWithPauses" : 5359368917,
      "concurrentIterationAndScannersApplicationSumOfThreadTimesWithPauses" : 462208375,
      "concurrentFileCheckSumOfThreadTimesWithPauses" : 4890492247,
      "delayedPushPropertiesStageTime" : 4000,
      "indexExtensionsTime" : 2995702,
      "dumbModeStart" : "2024-02-04T15:14:58.930489Z",
      "dumbWallTimeWithPauses" : 1728874000,
      "dumbWallTimeWithoutPauses" : 1728874000,
      "updatingStart" : "2024-02-04T15:14:58.930255Z",
      "updatingEnd" : "2024-02-04T15:15:00.659363Z",
      "totalWallTimeWithPauses" : 1729108875,
      "wallTimeOnPause" : 16000,
      "wasInterrupted" : false,
      "totalWallTimeWithoutPauses" : 1729092875
    },
    "fileCount" : {
      "numberOfFileProviders" : 26,
      "numberOfScannedFiles" : 54393,
      "numberOfFilesIndexedByInfrastructureExtensionsDuringScan" : 0,
      "numberOfFilesScheduledForIndexingAfterScan" : 20
    },
    "scanningStatistics" : [ {
      "providerName" : "JDK temurin-21 /Library/Java/JavaVirtualMachines/temurin-21.jdk/Contents/Home",
      "numberOfScannedFiles" : 44380,
      "numberOfSkippedFiles" : 0,
      "numberOfFilesForIndexing" : 0,
      "numberOfFilesFullyIndexedByInfrastructureExtensions" : 0,
      "filesFullyIndexedByInfrastructureExtensions" : [ ],
      "statusTime" : 1361736994,
      "totalOneThreadTimeWithPauses" : 1727055500,
      "iterationAndScannersApplicationTime" : 320896458,
      "filesCheckTime" : 1406008375,
      "timeProcessingUpToDateFiles" : 586561661,
      "timeUpdatingContentLessIndexes" : 0,
      "timeIndexingWithoutContentViaInfrastructureExtension" : 0,
      "roots" : [ ]
    }, {
      "providerName" : "Library Gradle: commons-codec:commons-codec:1.11 (#1 class roots, #1 source roots)",
      "numberOfScannedFiles" : 432,
      "numberOfSkippedFiles" : 0,
      "numberOfFilesForIndexing" : 0,
      "numberOfFilesFullyIndexedByInfrastructureExtensions" : 0,
      "filesFullyIndexedByInfrastructureExtensions" : [ ],
      "statusTime" : 477422156,
      "totalOneThreadTimeWithPauses" : 490108791,
      "iterationAndScannersApplicationTime" : 7807250,
      "filesCheckTime" : 482274792,
      "timeProcessingUpToDateFiles" : 7811915,
      "timeUpdatingContentLessIndexes" : 0,
      "timeIndexingWithoutContentViaInfrastructureExtension" : 0,
      "roots" : [ ]
    }, {
      "providerName" : "Module 'Steganography_and_Cryptography' (all roots)",
      "numberOfScannedFiles" : 23,
      "numberOfSkippedFiles" : 0,
      "numberOfFilesForIndexing" : 18,
      "numberOfFilesFullyIndexedByInfrastructureExtensions" : 0,
      "filesFullyIndexedByInfrastructureExtensions" : [ ],
      "statusTime" : 418110418,
      "totalOneThreadTimeWithPauses" : 438347416,
      "iterationAndScannersApplicationTime" : 4307000,
      "filesCheckTime" : 432970583,
      "timeProcessingUpToDateFiles" : 0,
      "timeUpdatingContentLessIndexes" : 4521916,
      "timeIndexingWithoutContentViaInfrastructureExtension" : 2039330,
      "roots" : [ ]
    }, {
      "providerName" : "Library Gradle: commons-logging:commons-logging:1.2 (#1 class roots, #1 source roots)",
      "numberOfScannedFiles" : 53,
      "numberOfSkippedFiles" : 0,
      "numberOfFilesForIndexing" : 0,
      "numberOfFilesFullyIndexedByInfrastructureExtensions" : 0,
      "filesFullyIndexedByInfrastructureExtensions" : [ ],
      "statusTime" : 431032084,
      "totalOneThreadTimeWithPauses" : 436006750,
      "iterationAndScannersApplicationTime" : 1214458,
      "filesCheckTime" : 433097625,
      "timeProcessingUpToDateFiles" : 5141842,
      "timeUpdatingContentLessIndexes" : 0,
      "timeIndexingWithoutContentViaInfrastructureExtension" : 0,
      "roots" : [ ]
    }, {
      "providerName" : "Library Gradle: org.assertj:assertj-swing-junit:3.17.1 (#1 class roots, #1 source roots)",
      "numberOfScannedFiles" : 223,
      "numberOfSkippedFiles" : 0,
      "numberOfFilesForIndexing" : 0,
      "numberOfFilesFullyIndexedByInfrastructureExtensions" : 0,
      "filesFullyIndexedByInfrastructureExtensions" : [ ],
      "statusTime" : 351693633,
      "totalOneThreadTimeWithPauses" : 357609708,
      "iterationAndScannersApplicationTime" : 4868458,
      "filesCheckTime" : 352712458,
      "timeProcessingUpToDateFiles" : 3155209,
      "timeUpdatingContentLessIndexes" : 0,
      "timeIndexingWithoutContentViaInfrastructureExtension" : 0,
      "roots" : [ ]
    }, {
      "providerName" : "Library Gradle: org.assertj:assertj-core:3.17.2 (#1 class roots, #1 source roots)",
      "numberOfScannedFiles" : 3875,
      "numberOfSkippedFiles" : 0,
      "numberOfFilesForIndexing" : 0,
      "numberOfFilesFullyIndexedByInfrastructureExtensions" : 0,
      "filesFullyIndexedByInfrastructureExtensions" : [ ],
      "statusTime" : 242535869,
      "totalOneThreadTimeWithPauses" : 310099792,
      "iterationAndScannersApplicationTime" : 59734500,
      "filesCheckTime" : 250279459,
      "timeProcessingUpToDateFiles" : 72937664,
      "timeUpdatingContentLessIndexes" : 0,
      "timeIndexingWithoutContentViaInfrastructureExtension" : 0,
      "roots" : [ ]
    }, {
      "providerName" : "Library Gradle: org.apache.httpcomponents:httpclient:4.5.13 (#1 class roots, #1 source roots)",
      "numberOfScannedFiles" : 911,
      "numberOfSkippedFiles" : 0,
      "numberOfFilesForIndexing" : 0,
      "numberOfFilesFullyIndexedByInfrastructureExtensions" : 0,
      "filesFullyIndexedByInfrastructureExtensions" : [ ],
      "statusTime" : 241668952,
      "totalOneThreadTimeWithPauses" : 261369416,
      "iterationAndScannersApplicationTime" : 10497916,
      "filesCheckTime" : 250778250,
      "timeProcessingUpToDateFiles" : 13062056,
      "timeUpdatingContentLessIndexes" : 0,
      "timeIndexingWithoutContentViaInfrastructureExtension" : 0,
      "roots" : [ ]
    }, {
      "providerName" : "Library Gradle: junit:junit:4.13.2 (#1 class roots, #1 source roots)",
      "numberOfScannedFiles" : 578,
      "numberOfSkippedFiles" : 0,
      "numberOfFilesForIndexing" : 0,
      "numberOfFilesFullyIndexedByInfrastructureExtensions" : 0,
      "filesFullyIndexedByInfrastructureExtensions" : [ ],
      "statusTime" : 242131760,
      "totalOneThreadTimeWithPauses" : 257903417,
      "iterationAndScannersApplicationTime" : 8139875,
      "filesCheckTime" : 249430458,
      "timeProcessingUpToDateFiles" : 44678307,
      "timeUpdatingContentLessIndexes" : 0,
      "timeIndexingWithoutContentViaInfrastructureExtension" : 0,
      "roots" : [ ]
    }, {
      "providerName" : "Library Gradle: org.apache.httpcomponents:httpcore:4.4.13 (#1 class roots, #1 source roots)",
      "numberOfScannedFiles" : 523,
      "numberOfSkippedFiles" : 0,
      "numberOfFilesForIndexing" : 0,
      "numberOfFilesFullyIndexedByInfrastructureExtensions" : 0,
      "filesFullyIndexedByInfrastructureExtensions" : [ ],
      "statusTime" : 237908722,
      "totalOneThreadTimeWithPauses" : 253352292,
      "iterationAndScannersApplicationTime" : 5781167,
      "filesCheckTime" : 247427541,
      "timeProcessingUpToDateFiles" : 10554622,
      "timeUpdatingContentLessIndexes" : 0,
      "timeIndexingWithoutContentViaInfrastructureExtension" : 0,
      "roots" : [ ]
    }, {
      "providerName" : "Library Gradle: org.easytesting:fest-reflect:1.4.1 (#1 class roots, #1 source roots)",
      "numberOfScannedFiles" : 89,
      "numberOfSkippedFiles" : 0,
      "numberOfFilesForIndexing" : 0,
      "numberOfFilesFullyIndexedByInfrastructureExtensions" : 0,
      "filesFullyIndexedByInfrastructureExtensions" : [ ],
      "statusTime" : 155897206,
      "totalOneThreadTimeWithPauses" : 158096917,
      "iterationAndScannersApplicationTime" : 1378334,
      "filesCheckTime" : 156673375,
      "timeProcessingUpToDateFiles" : 2401262,
      "timeUpdatingContentLessIndexes" : 0,
      "timeIndexingWithoutContentViaInfrastructureExtension" : 0,
      "roots" : [ ]
    }, {
      "providerName" : "Library Gradle: org.easytesting:fest-util:1.2.5 (#1 class roots, #1 source roots)",
      "numberOfScannedFiles" : 59,
      "numberOfSkippedFiles" : 0,
      "numberOfFilesForIndexing" : 0,
      "numberOfFilesFullyIndexedByInfrastructureExtensions" : 0,
      "filesFullyIndexedByInfrastructureExtensions" : [ ],
      "statusTime" : 143852752,
      "totalOneThreadTimeWithPauses" : 144540959,
      "iterationAndScannersApplicationTime" : 365708,
      "filesCheckTime" : 144132833,
      "timeProcessingUpToDateFiles" : 728080,
      "timeUpdatingContentLessIndexes" : 0,
      "timeIndexingWithoutContentViaInfrastructureExtension" : 0,
      "roots" : [ ]
    }, {
      "providerName" : "Library Gradle: org.jetbrains.kotlin:kotlin-stdlib:1.6.10 (#1 class roots, #1 source roots)",
      "numberOfScannedFiles" : 1061,
      "numberOfSkippedFiles" : 0,
      "numberOfFilesForIndexing" : 0,
      "numberOfFilesFullyIndexedByInfrastructureExtensions" : 0,
      "filesFullyIndexedByInfrastructureExtensions" : [ ],
      "statusTime" : 89125581,
      "totalOneThreadTimeWithPauses" : 101587750,
      "iterationAndScannersApplicationTime" : 4614084,
      "filesCheckTime" : 96923625,
      "timeProcessingUpToDateFiles" : 11121775,
      "timeUpdatingContentLessIndexes" : 0,
      "timeIndexingWithoutContentViaInfrastructureExtension" : 0,
      "roots" : [ ]
    }, {
      "providerName" : "Library Gradle: org.hamcrest:hamcrest-core:1.3 (#1 class roots, #1 source roots)",
      "numberOfScannedFiles" : 88,
      "numberOfSkippedFiles" : 0,
      "numberOfFilesForIndexing" : 0,
      "numberOfFilesFullyIndexedByInfrastructureExtensions" : 0,
      "filesFullyIndexedByInfrastructureExtensions" : [ ],
      "statusTime" : 45679754,
      "totalOneThreadTimeWithPauses" : 84119917,
      "iterationAndScannersApplicationTime" : 456917,
      "filesCheckTime" : 83578250,
      "timeProcessingUpToDateFiles" : 686906,
      "timeUpdatingContentLessIndexes" : 0,
      "timeIndexingWithoutContentViaInfrastructureExtension" : 0,
      "roots" : [ ]
    }, {
      "providerName" : "Library Gradle: org.assertj:assertj-swing:3.17.1 (#1 class roots, #1 source roots)",
      "numberOfScannedFiles" : 1101,
      "numberOfSkippedFiles" : 0,
      "numberOfFilesForIndexing" : 0,
      "numberOfFilesFullyIndexedByInfrastructureExtensions" : 0,
      "filesFullyIndexedByInfrastructureExtensions" : [ ],
      "statusTime" : 59706064,
      "totalOneThreadTimeWithPauses" : 73869375,
      "iterationAndScannersApplicationTime" : 8981541,
      "filesCheckTime" : 64805167,
      "timeProcessingUpToDateFiles" : 14061638,
      "timeUpdatingContentLessIndexes" : 0,
      "timeIndexingWithoutContentViaInfrastructureExtension" : 0,
      "roots" : [ ]
    }, {
      "providerName" : "Library Gradle: com.google.code.gson:gson:2.8.9 (#1 class roots, #1 source roots)",
      "numberOfScannedFiles" : 279,
      "numberOfSkippedFiles" : 0,
      "numberOfFilesForIndexing" : 0,
      "numberOfFilesFullyIndexedByInfrastructureExtensions" : 0,
      "filesFullyIndexedByInfrastructureExtensions" : [ ],
      "statusTime" : 44419083,
      "totalOneThreadTimeWithPauses" : 70939000,
      "iterationAndScannersApplicationTime" : 4677709,
      "filesCheckTime" : 66222750,
      "timeProcessingUpToDateFiles" : 7123146,
      "timeUpdatingContentLessIndexes" : 0,
      "timeIndexingWithoutContentViaInfrastructureExtension" : 0,
      "roots" : [ ]
    }, {
      "providerName" : "Library Gradle: org.jetbrains.kotlin:kotlin-stdlib-common:1.6.10 (#1 class roots, #1 source roots)",
      "numberOfScannedFiles" : 462,
      "numberOfSkippedFiles" : 0,
      "numberOfFilesForIndexing" : 0,
      "numberOfFilesFullyIndexedByInfrastructureExtensions" : 0,
      "filesFullyIndexedByInfrastructureExtensions" : [ ],
      "statusTime" : 28909200,
      "totalOneThreadTimeWithPauses" : 68617542,
      "iterationAndScannersApplicationTime" : 1351417,
      "filesCheckTime" : 67181625,
      "timeProcessingUpToDateFiles" : 4274301,
      "timeUpdatingContentLessIndexes" : 0,
      "timeIndexingWithoutContentViaInfrastructureExtension" : 0,
      "roots" : [ ]
    }, {
      "providerName" : "Library Gradle: com.github.hyperskill:hs-test:release-SNAPSHOT (#1 class roots, #0 source roots)",
      "numberOfScannedFiles" : 163,
      "numberOfSkippedFiles" : 0,
      "numberOfFilesForIndexing" : 0,
      "numberOfFilesFullyIndexedByInfrastructureExtensions" : 0,
      "filesFullyIndexedByInfrastructureExtensions" : [ ],
      "statusTime" : 29934421,
      "totalOneThreadTimeWithPauses" : 37167209,
      "iterationAndScannersApplicationTime" : 3975792,
      "filesCheckTime" : 33146083,
      "timeProcessingUpToDateFiles" : 5202557,
      "timeUpdatingContentLessIndexes" : 0,
      "timeIndexingWithoutContentViaInfrastructureExtension" : 0,
      "roots" : [ ]
    }, {
      "providerName" : "Module 'Steganography_and_Cryptography.Steganography_and_Cryptography-task.test' (all roots)",
      "numberOfScannedFiles" : 2,
      "numberOfSkippedFiles" : 0,
      "numberOfFilesForIndexing" : 1,
      "numberOfFilesFullyIndexedByInfrastructureExtensions" : 0,
      "filesFullyIndexedByInfrastructureExtensions" : [ ],
      "statusTime" : 11151125,
      "totalOneThreadTimeWithPauses" : 26677416,
      "iterationAndScannersApplicationTime" : 2368458,
      "filesCheckTime" : 23267583,
      "timeProcessingUpToDateFiles" : 0,
      "timeUpdatingContentLessIndexes" : 2300543,
      "timeIndexingWithoutContentViaInfrastructureExtension" : 446790,
      "roots" : [ ]
    }, {
      "providerName" : "Module 'Steganography_and_Cryptography.Steganography_and_Cryptography-task.main' (all roots)",
      "numberOfScannedFiles" : 1,
      "numberOfSkippedFiles" : 0,
      "numberOfFilesForIndexing" : 1,
      "numberOfFilesFullyIndexedByInfrastructureExtensions" : 0,
      "filesFullyIndexedByInfrastructureExtensions" : [ ],
      "statusTime" : 10520583,
      "totalOneThreadTimeWithPauses" : 26379416,
      "iterationAndScannersApplicationTime" : 2213250,
      "filesCheckTime" : 23121292,
      "timeProcessingUpToDateFiles" : 0,
      "timeUpdatingContentLessIndexes" : 124791,
      "timeIndexingWithoutContentViaInfrastructureExtension" : 509582,
      "roots" : [ ]
    }, {
      "providerName" : "Module 'Steganography_and_Cryptography.Steganography_and_Cryptography-task' (all roots)",
      "numberOfScannedFiles" : 0,
      "numberOfSkippedFiles" : 0,
      "numberOfFilesForIndexing" : 0,
      "numberOfFilesFullyIndexedByInfrastructureExtensions" : 0,
      "filesFullyIndexedByInfrastructureExtensions" : [ ],
      "statusTime" : 0,
      "totalOneThreadTimeWithPauses" : 15091167,
      "iterationAndScannersApplicationTime" : 2480042,
      "filesCheckTime" : 12435583,
      "timeProcessingUpToDateFiles" : 0,
      "timeUpdatingContentLessIndexes" : 0,
      "timeIndexingWithoutContentViaInfrastructureExtension" : 0,
      "roots" : [ ]
    }, {
      "providerName" : "Library Gradle: org.jetbrains:annotations:13.0 (#1 class roots, #1 source roots)",
      "numberOfScannedFiles" : 52,
      "numberOfSkippedFiles" : 0,
      "numberOfFilesForIndexing" : 0,
      "numberOfFilesFullyIndexedByInfrastructureExtensions" : 0,
      "filesFullyIndexedByInfrastructureExtensions" : [ ],
      "statusTime" : 7835376,
      "totalOneThreadTimeWithPauses" : 8586208,
      "iterationAndScannersApplicationTime" : 286750,
      "filesCheckTime" : 8246916,
      "timeProcessingUpToDateFiles" : 1388580,
      "timeUpdatingContentLessIndexes" : 0,
      "timeIndexingWithoutContentViaInfrastructureExtension" : 0,
      "roots" : [ ]
    }, {
      "providerName" : "Module 'Steganography_and_Cryptography.util.main' (all roots)",
      "numberOfScannedFiles" : 0,
      "numberOfSkippedFiles" : 0,
      "numberOfFilesForIndexing" : 0,
      "numberOfFilesFullyIndexedByInfrastructureExtensions" : 0,
      "filesFullyIndexedByInfrastructureExtensions" : [ ],
      "statusTime" : 0,
      "totalOneThreadTimeWithPauses" : 3262792,
      "iterationAndScannersApplicationTime" : 2057750,
      "filesCheckTime" : 1159125,
      "timeProcessingUpToDateFiles" : 0,
      "timeUpdatingContentLessIndexes" : 0,
      "timeIndexingWithoutContentViaInfrastructureExtension" : 0,
      "roots" : [ ]
    }, {
      "providerName" : "Module 'Steganography_and_Cryptography.util' (all roots)",
      "numberOfScannedFiles" : 0,
      "numberOfSkippedFiles" : 0,
      "numberOfFilesForIndexing" : 0,
      "numberOfFilesFullyIndexedByInfrastructureExtensions" : 0,
      "filesFullyIndexedByInfrastructureExtensions" : [ ],
      "statusTime" : 0,
      "totalOneThreadTimeWithPauses" : 2970500,
      "iterationAndScannersApplicationTime" : 1758750,
      "filesCheckTime" : 1111416,
      "timeProcessingUpToDateFiles" : 0,
      "timeUpdatingContentLessIndexes" : 0,
      "timeIndexingWithoutContentViaInfrastructureExtension" : 0,
      "roots" : [ ]
    }, {
      "providerName" : "Module 'Steganography_and_Cryptography.util.test' (all roots)",
      "numberOfScannedFiles" : 0,
      "numberOfSkippedFiles" : 0,
      "numberOfFilesForIndexing" : 0,
      "numberOfFilesFullyIndexedByInfrastructureExtensions" : 0,
      "filesFullyIndexedByInfrastructureExtensions" : [ ],
      "statusTime" : 0,
      "totalOneThreadTimeWithPauses" : 2785958,
      "iterationAndScannersApplicationTime" : 1520208,
      "filesCheckTime" : 1241000,
      "timeProcessingUpToDateFiles" : 0,
      "timeUpdatingContentLessIndexes" : 0,
      "timeIndexingWithoutContentViaInfrastructureExtension" : 0,
      "roots" : [ ]
    }, {
      "providerName" : "Library Gradle: org.jetbrains.kotlin:kotlin-stdlib-jdk7:1.6.10 (#1 class roots, #1 source roots)",
      "numberOfScannedFiles" : 16,
      "numberOfSkippedFiles" : 0,
      "numberOfFilesForIndexing" : 0,
      "numberOfFilesFullyIndexedByInfrastructureExtensions" : 0,
      "filesFullyIndexedByInfrastructureExtensions" : [ ],
      "statusTime" : 839208,
      "totalOneThreadTimeWithPauses" : 1486125,
      "iterationAndScannersApplicationTime" : 215833,
      "filesCheckTime" : 1222125,
      "timeProcessingUpToDateFiles" : 161834,
      "timeUpdatingContentLessIndexes" : 0,
      "timeIndexingWithoutContentViaInfrastructureExtension" : 0,
      "roots" : [ ]
    }, {
      "providerName" : "Library Gradle: org.jetbrains.kotlin:kotlin-stdlib-jdk8:1.6.10 (#1 class roots, #1 source roots)",
      "numberOfScannedFiles" : 22,
      "numberOfSkippedFiles" : 0,
      "numberOfFilesForIndexing" : 0,
      "numberOfFilesFullyIndexedByInfrastructureExtensions" : 0,
      "filesFullyIndexedByInfrastructureExtensions" : [ ],
      "statusTime" : 709747,
      "totalOneThreadTimeWithPauses" : 1337584,
      "iterationAndScannersApplicationTime" : 258750,
      "filesCheckTime" : 1043958,
      "timeProcessingUpToDateFiles" : 176245,
      "timeUpdatingContentLessIndexes" : 0,
      "timeIndexingWithoutContentViaInfrastructureExtension" : 0,
      "roots" : [ ]
    } ]
  }
}