{
  "appInfo" : {
    "build" : "233.13135.103",
    "buildDate" : "2023-12-20T05:05:00Z[UTC]",
    "productCode" : "IU",
    "generated" : "2024-02-04T14:14:00.721839Z",
    "os" : "macOS 14.3",
    "runtime" : "JetBrains s.r.o. 17.0.9 17.0.9+7-b1087.9"
  },
  "runtimeInfo" : {
    "maxMemory" : 2147483648,
    "numberOfProcessors" : 10,
    "maxNumberOfIndexingThreads" : 9,
    "maxSizeOfFileForIntelliSense" : 2560000,
    "maxSizeOfFileForContentLoading" : 20971520
  },
  "type" : "DumbIndexing",
  "projectIndexingActivityHistory" : {
    "projectName" : "Steganography and Cryptography",
    "times" : {
      "scanningIds" : [ ],
      "contentLoadingVisibleTime" : 872341,
      "retrievingChangedDuringIndexingFilesTime" : 573125,
      "separateApplyingIndexesVisibleTime" : 1180043,
      "updatingStart" : "2024-02-04T14:14:00.681855Z",
      "updatingEnd" : "2024-02-04T14:14:00.714604Z",
      "totalWallTimeWithPauses" : 32749166,
      "wallTimeOnPause" : 0,
      "wasInterrupted" : false,
      "dumbModeStart" : "2024-02-04T14:14:00.681855Z",
      "dumbWallTimeWithPauses" : 32749166,
      "dumbWallTimeWithoutPauses" : 32749166,
      "totalWallTimeWithoutPauses" : 32749166
    },
    "fileCount" : {
      "numberOfChangedDuringIndexingFiles" : 147,
      "numberOfFilesIndexedByInfrastructureExtensionsDuringIndexingStage" : 0,
      "numberOfFilesIndexedWithLoadingContent" : 147,
      "numberOfNothingToWriteFiles" : 0
    },
    "totalStatsPerFileType" : [ {
      "fileType" : "UNKNOWN",
      "partOfTotalProcessingTime" : {
        "part" : 14782953,
        "total" : 25602246
      },
      "partOfTotalContentLoadingTime" : {
        "part" : 2200121,
        "total" : 3009622
      },
      "totalNumberOfFiles" : 141,
      "totalFilesSize" : 0,
      "totalProcessingSpeed" : {
        "totalBytes" : 0,
        "totalCpuTime" : 14782953
      },
      "biggestContributors" : [ {
        "providerName" : "Refreshed files",
        "numberOfFiles" : 141,
        "totalFilesSize" : 0,
        "partOfTotalProcessingTimeOfThisFileType" : {
          "part" : 14782953,
          "total" : 14782953
        }
      } ]
    }, {
      "fileType" : "CLASS",
      "partOfTotalProcessingTime" : {
        "part" : 7778210,
        "total" : 25602246
      },
      "partOfTotalContentLoadingTime" : {
        "part" : 455875,
        "total" : 3009622
      },
      "totalNumberOfFiles" : 4,
      "totalFilesSize" : 14195,
      "totalProcessingSpeed" : {
        "totalBytes" : 14195,
        "totalCpuTime" : 7778210
      },
      "biggestContributors" : [ {
        "providerName" : "Refreshed files",
        "numberOfFiles" : 4,
        "totalFilesSize" : 14195,
        "partOfTotalProcessingTimeOfThisFileType" : {
          "part" : 7778210,
          "total" : 7778210
        }
      } ]
    }, {
      "fileType" : "kotlin_module",
      "partOfTotalProcessingTime" : {
        "part" : 3041083,
        "total" : 25602246
      },
      "partOfTotalContentLoadingTime" : {
        "part" : 353626,
        "total" : 3009622
      },
      "totalNumberOfFiles" : 2,
      "totalFilesSize" : 72,
      "totalProcessingSpeed" : {
        "totalBytes" : 72,
        "totalCpuTime" : 3041083
      },
      "biggestContributors" : [ {
        "providerName" : "Refreshed files",
        "numberOfFiles" : 2,
        "totalFilesSize" : 72,
        "partOfTotalProcessingTimeOfThisFileType" : {
          "part" : 3041083,
          "total" : 3041083
        }
      } ]
    } ],
    "totalStatsPerBaseLanguage" : [ ],
    "totalStatsPerIndexer" : [ {
      "indexId" : "Stubs",
      "partOfTotalIndexingTime" : {
        "part" : 2854792,
        "total" : 5876457
      },
      "totalNumberOfFiles" : 4,
      "totalNumberOfFilesIndexedByExtensions" : 0,
      "totalFilesSize" : 14195,
      "indexValueChangerEvaluationSpeed" : {
        "totalBytes" : 14195,
        "totalCpuTime" : 2854792
      }
    }, {
      "indexId" : "org.jetbrains.kotlin.idea.vfilefinder.KotlinClassFileIndex",
      "partOfTotalIndexingTime" : {
        "part" : 1065332,
        "total" : 5876457
      },
      "totalNumberOfFiles" : 4,
      "totalNumberOfFilesIndexedByExtensions" : 0,
      "totalFilesSize" : 14195,
      "indexValueChangerEvaluationSpeed" : {
        "totalBytes" : 14195,
        "totalCpuTime" : 1065332
      }
    }, {
      "indexId" : "bytecodeAnalysis",
      "partOfTotalIndexingTime" : {
        "part" : 609000,
        "total" : 5876457
      },
      "totalNumberOfFiles" : 4,
      "totalNumberOfFilesIndexedByExtensions" : 0,
      "totalFilesSize" : 14195,
      "indexValueChangerEvaluationSpeed" : {
        "totalBytes" : 14195,
        "totalCpuTime" : 609000
      }
    }, {
      "indexId" : "org.jetbrains.kotlin.idea.vfilefinder.KotlinModuleMappingIndex",
      "partOfTotalIndexingTime" : {
        "part" : 376708,
        "total" : 5876457
      },
      "totalNumberOfFiles" : 2,
      "totalNumberOfFilesIndexedByExtensions" : 0,
      "totalFilesSize" : 72,
      "indexValueChangerEvaluationSpeed" : {
        "totalBytes" : 72,
        "totalCpuTime" : 376708
      }
    }, {
      "indexId" : "org.jetbrains.kotlin.idea.base.indices.names.KotlinTopLevelCallableByPackageShortNameIndex",
      "partOfTotalIndexingTime" : {
        "part" : 318083,
        "total" : 5876457
      },
      "totalNumberOfFiles" : 4,
      "totalNumberOfFilesIndexedByExtensions" : 0,
      "totalFilesSize" : 14195,
      "indexValueChangerEvaluationSpeed" : {
        "totalBytes" : 14195,
        "totalCpuTime" : 318083
      }
    }, {
      "indexId" : "org.jetbrains.kotlin.idea.versions.KotlinJvmMetadataVersionIndex",
      "partOfTotalIndexingTime" : {
        "part" : 268292,
        "total" : 5876457
      },
      "totalNumberOfFiles" : 4,
      "totalNumberOfFilesIndexedByExtensions" : 0,
      "totalFilesSize" : 14195,
      "indexValueChangerEvaluationSpeed" : {
        "totalBytes" : 14195,
        "totalCpuTime" : 268292
      }
    }, {
      "indexId" : "org.jetbrains.kotlin.idea.vfilefinder.KotlinPartialPackageNamesIndex",
      "partOfTotalIndexingTime" : {
        "part" : 120125,
        "total" : 5876457
      },
      "totalNumberOfFiles" : 4,
      "totalNumberOfFilesIndexedByExtensions" : 0,
      "totalFilesSize" : 14195,
      "indexValueChangerEvaluationSpeed" : {
        "totalBytes" : 14195,
        "totalCpuTime" : 120125
      }
    }, {
      "indexId" : "org.jetbrains.kotlin.idea.vfilefinder.KotlinShortClassNameFileIndex",
      "partOfTotalIndexingTime" : {
        "part" : 105124,
        "total" : 5876457
      },
      "totalNumberOfFiles" : 4,
      "totalNumberOfFilesIndexedByExtensions" : 0,
      "totalFilesSize" : 14195,
      "indexValueChangerEvaluationSpeed" : {
        "totalBytes" : 14195,
        "totalCpuTime" : 105124
      }
    }, {
      "indexId" : "org.jetbrains.kotlin.idea.base.indices.names.KotlinTopLevelClassLikeDeclarationByPackageShortNameIndex",
      "partOfTotalIndexingTime" : {
        "part" : 86625,
        "total" : 5876457
      },
      "totalNumberOfFiles" : 4,
      "totalNumberOfFilesIndexedByExtensions" : 0,
      "totalFilesSize" : 14195,
      "indexValueChangerEvaluationSpeed" : {
        "totalBytes" : 14195,
        "totalCpuTime" : 86625
      }
    }, {
      "indexId" : "org.jetbrains.kotlin.idea.vfilefinder.KotlinJvmModuleAnnotationsIndex",
      "partOfTotalIndexingTime" : {
        "part" : 72376,
        "total" : 5876457
      },
      "totalNumberOfFiles" : 2,
      "totalNumberOfFilesIndexedByExtensions" : 0,
      "totalFilesSize" : 72,
      "indexValueChangerEvaluationSpeed" : {
        "totalBytes" : 72,
        "totalCpuTime" : 72376
      }
    } ],
    "statisticsOfChangedDuringIndexingFiles" : {
      "numberOfFiles" : 147,
      "retrievingTime" : 573125
    },
    "fileProviderStatistics" : [ {
      "providerName" : "Refreshed files",
      "totalNumberOfIndexedFiles" : 147,
      "totalNumberOfFilesFullyIndexedByExtensions" : 0,
      "totalNumberOfNothingToWriteFiles" : 0,
      "totalIndexingVisibleTime" : 7420833,
      "contentLoadingVisibleTime" : 872341,
      "numberOfTooLargeForIndexingFiles" : 0,
      "slowIndexedFiles" : [ ],
      "filesFullyIndexedByExtensions" : [ ],
      "separateApplyingIndexesVisibleTime" : 1180043
    } ],
    "visibleTimeToAllThreadTimeRatio" : 0.28985085917852677
  }
}