{
  "appInfo" : {
    "build" : "233.13135.103",
    "buildDate" : "2023-12-20T05:05:00Z[UTC]",
    "productCode" : "IU",
    "generated" : "2024-02-04T15:15:00.924408Z",
    "os" : "macOS 14.3",
    "runtime" : "JetBrains s.r.o. 17.0.9 17.0.9+7-b1087.9"
  },
  "runtimeInfo" : {
    "maxMemory" : 2147483648,
    "numberOfProcessors" : 10,
    "maxNumberOfIndexingThreads" : 9,
    "maxSizeOfFileForIntelliSense" : 2560000,
    "maxSizeOfFileForContentLoading" : 20971520
  },
  "type" : "DumbIndexing",
  "projectIndexingActivityHistory" : {
    "projectName" : "Steganography and Cryptography",
    "times" : {
      "scanningIds" : [ 2 ],
      "contentLoadingVisibleTime" : 2035409,
      "retrievingChangedDuringIndexingFilesTime" : 130250,
      "separateApplyingIndexesVisibleTime" : 6927209,
      "updatingStart" : "2024-02-04T15:15:00.662336Z",
      "updatingEnd" : "2024-02-04T15:15:00.924015Z",
      "totalWallTimeWithPauses" : 261683334,
      "wallTimeOnPause" : 0,
      "wasInterrupted" : false,
      "dumbModeStart" : "2024-02-04T15:15:00.662336Z",
      "dumbWallTimeWithPauses" : 261683334,
      "dumbWallTimeWithoutPauses" : 261683334,
      "totalWallTimeWithoutPauses" : 261683334
    },
    "fileCount" : {
      "numberOfChangedDuringIndexingFiles" : 29,
      "numberOfFilesIndexedByInfrastructureExtensionsDuringIndexingStage" : 0,
      "numberOfFilesIndexedWithLoadingContent" : 49,
      "numberOfNothingToWriteFiles" : 29
    },
    "totalStatsPerFileType" : [ {
      "fileType" : "HTML",
      "partOfTotalProcessingTime" : {
        "part" : 554273205,
        "total" : 803502658
      },
      "partOfTotalContentLoadingTime" : {
        "part" : 245168,
        "total" : 8458414
      },
      "totalNumberOfFiles" : 4,
      "totalFilesSize" : 22986,
      "totalProcessingSpeed" : {
        "totalBytes" : 22986,
        "totalCpuTime" : 554273205
      },
      "biggestContributors" : [ {
        "providerName" : "Module 'Steganography_and_Cryptography' (all roots)",
        "numberOfFiles" : 4,
        "totalFilesSize" : 22986,
        "partOfTotalProcessingTimeOfThisFileType" : {
          "part" : 554273205,
          "total" : 554273205
        }
      } ]
    }, {
      "fileType" : "Gradle",
      "partOfTotalProcessingTime" : {
        "part" : 108907960,
        "total" : 803502658
      },
      "partOfTotalContentLoadingTime" : {
        "part" : 741125,
        "total" : 8458414
      },
      "totalNumberOfFiles" : 2,
      "totalFilesSize" : 2980,
      "totalProcessingSpeed" : {
        "totalBytes" : 2980,
        "totalCpuTime" : 108907960
      },
      "biggestContributors" : [ {
        "providerName" : "Module 'Steganography_and_Cryptography' (all roots)",
        "numberOfFiles" : 2,
        "totalFilesSize" : 2980,
        "partOfTotalProcessingTimeOfThisFileType" : {
          "part" : 108907960,
          "total" : 108907960
        }
      } ]
    }, {
      "fileType" : "YAML",
      "partOfTotalProcessingTime" : {
        "part" : 87147330,
        "total" : 803502658
      },
      "partOfTotalContentLoadingTime" : {
        "part" : 1673959,
        "total" : 8458414
      },
      "totalNumberOfFiles" : 11,
      "totalFilesSize" : 37818,
      "totalProcessingSpeed" : {
        "totalBytes" : 37818,
        "totalCpuTime" : 87147330
      },
      "biggestContributors" : [ {
        "providerName" : "Module 'Steganography_and_Cryptography' (all roots)",
        "numberOfFiles" : 11,
        "totalFilesSize" : 37818,
        "partOfTotalProcessingTimeOfThisFileType" : {
          "part" : 87147330,
          "total" : 87147330
        }
      } ]
    }, {
      "fileType" : "Kotlin",
      "partOfTotalProcessingTime" : {
        "part" : 25642874,
        "total" : 803502658
      },
      "partOfTotalContentLoadingTime" : {
        "part" : 190208,
        "total" : 8458414
      },
      "totalNumberOfFiles" : 2,
      "totalFilesSize" : 7482,
      "totalProcessingSpeed" : {
        "totalBytes" : 7482,
        "totalCpuTime" : 25642874
      },
      "biggestContributors" : [ {
        "providerName" : "Module 'Steganography_and_Cryptography.Steganography_and_Cryptography-task.main' (all roots)",
        "numberOfFiles" : 1,
        "totalFilesSize" : 2146,
        "partOfTotalProcessingTimeOfThisFileType" : {
          "part" : 14934208,
          "total" : 25642874
        }
      }, {
        "providerName" : "Module 'Steganography_and_Cryptography.Steganography_and_Cryptography-task.test' (all roots)",
        "numberOfFiles" : 1,
        "totalFilesSize" : 5336,
        "partOfTotalProcessingTimeOfThisFileType" : {
          "part" : 10708666,
          "total" : 25642874
        }
      } ]
    }, {
      "fileType" : "Properties",
      "partOfTotalProcessingTime" : {
        "part" : 18022542,
        "total" : 803502658
      },
      "partOfTotalContentLoadingTime" : {
        "part" : 423125,
        "total" : 8458414
      },
      "totalNumberOfFiles" : 1,
      "totalFilesSize" : 252,
      "totalProcessingSpeed" : {
        "totalBytes" : 252,
        "totalCpuTime" : 18022542
      },
      "biggestContributors" : [ {
        "providerName" : "Module 'Steganography_and_Cryptography' (all roots)",
        "numberOfFiles" : 1,
        "totalFilesSize" : 252,
        "partOfTotalProcessingTimeOfThisFileType" : {
          "part" : 18022542,
          "total" : 18022542
        }
      } ]
    }, {
      "fileType" : "XML",
      "partOfTotalProcessingTime" : {
        "part" : 7474581,
        "total" : 803502658
      },
      "partOfTotalContentLoadingTime" : {
        "part" : 4606330,
        "total" : 8458414
      },
      "totalNumberOfFiles" : 25,
      "totalFilesSize" : 17251,
      "totalProcessingSpeed" : {
        "totalBytes" : 17251,
        "totalCpuTime" : 7474581
      },
      "biggestContributors" : [ {
        "providerName" : "Refreshed files",
        "numberOfFiles" : 25,
        "totalFilesSize" : 17251,
        "partOfTotalProcessingTimeOfThisFileType" : {
          "part" : 7474581,
          "total" : 7474581
        }
      } ]
    }, {
      "fileType" : "IDEA_MODULE",
      "partOfTotalProcessingTime" : {
        "part" : 2034166,
        "total" : 803502658
      },
      "partOfTotalContentLoadingTime" : {
        "part" : 578499,
        "total" : 8458414
      },
      "totalNumberOfFiles" : 4,
      "totalFilesSize" : 11949,
      "totalProcessingSpeed" : {
        "totalBytes" : 11949,
        "totalCpuTime" : 2034166
      },
      "biggestContributors" : [ {
        "providerName" : "Refreshed files",
        "numberOfFiles" : 4,
        "totalFilesSize" : 11949,
        "partOfTotalProcessingTimeOfThisFileType" : {
          "part" : 2034166,
          "total" : 2034166
        }
      } ]
    } ],
    "totalStatsPerBaseLanguage" : [ {
      "language" : "XML",
      "partOfTotalProcessingTime" : {
        "part" : 561747786,
        "total" : 803502658
      },
      "partOfTotalContentLoadingTime" : {
        "part" : 8703582,
        "total" : 8458414
      },
      "totalNumberOfFiles" : 29,
      "totalFilesSize" : 40237,
      "totalProcessingSpeed" : {
        "totalBytes" : 40237,
        "totalCpuTime" : 561747786
      }
    }, {
      "language" : "HTML",
      "partOfTotalProcessingTime" : {
        "part" : 554273205,
        "total" : 803502658
      },
      "partOfTotalContentLoadingTime" : {
        "part" : 8703582,
        "total" : 8458414
      },
      "totalNumberOfFiles" : 4,
      "totalFilesSize" : 22986,
      "totalProcessingSpeed" : {
        "totalBytes" : 22986,
        "totalCpuTime" : 554273205
      }
    }, {
      "language" : "Groovy",
      "partOfTotalProcessingTime" : {
        "part" : 108907960,
        "total" : 803502658
      },
      "partOfTotalContentLoadingTime" : {
        "part" : 9199539,
        "total" : 8458414
      },
      "totalNumberOfFiles" : 2,
      "totalFilesSize" : 2980,
      "totalProcessingSpeed" : {
        "totalBytes" : 2980,
        "totalCpuTime" : 108907960
      }
    }, {
      "language" : "yaml",
      "partOfTotalProcessingTime" : {
        "part" : 87147330,
        "total" : 803502658
      },
      "partOfTotalContentLoadingTime" : {
        "part" : 10132373,
        "total" : 8458414
      },
      "totalNumberOfFiles" : 11,
      "totalFilesSize" : 37818,
      "totalProcessingSpeed" : {
        "totalBytes" : 37818,
        "totalCpuTime" : 87147330
      }
    }, {
      "language" : "kotlin",
      "partOfTotalProcessingTime" : {
        "part" : 25642874,
        "total" : 803502658
      },
      "partOfTotalContentLoadingTime" : {
        "part" : 8648622,
        "total" : 8458414
      },
      "totalNumberOfFiles" : 2,
      "totalFilesSize" : 7482,
      "totalProcessingSpeed" : {
        "totalBytes" : 7482,
        "totalCpuTime" : 25642874
      }
    }, {
      "language" : "Properties",
      "partOfTotalProcessingTime" : {
        "part" : 18022542,
        "total" : 803502658
      },
      "partOfTotalContentLoadingTime" : {
        "part" : 8881539,
        "total" : 8458414
      },
      "totalNumberOfFiles" : 1,
      "totalFilesSize" : 252,
      "totalProcessingSpeed" : {
        "totalBytes" : 252,
        "totalCpuTime" : 18022542
      }
    } ],
    "totalStatsPerIndexer" : [ {
      "indexId" : "IdIndex",
      "partOfTotalIndexingTime" : {
        "part" : 284679539,
        "total" : 753489790
      },
      "totalNumberOfFiles" : 20,
      "totalNumberOfFilesIndexedByExtensions" : 0,
      "totalFilesSize" : 71518,
      "indexValueChangerEvaluationSpeed" : {
        "totalBytes" : 71518,
        "totalCpuTime" : 284679539
      }
    }, {
      "indexId" : "js.implicit.elements.index",
      "partOfTotalIndexingTime" : {
        "part" : 243440167,
        "total" : 753489790
      },
      "totalNumberOfFiles" : 4,
      "totalNumberOfFilesIndexedByExtensions" : 0,
      "totalFilesSize" : 22986,
      "indexValueChangerEvaluationSpeed" : {
        "totalBytes" : 22986,
        "totalCpuTime" : 243440167
      }
    }, {
      "indexId" : "Stubs",
      "partOfTotalIndexingTime" : {
        "part" : 97744001,
        "total" : 753489790
      },
      "totalNumberOfFiles" : 9,
      "totalNumberOfFilesIndexedByExtensions" : 0,
      "totalFilesSize" : 33700,
      "indexValueChangerEvaluationSpeed" : {
        "totalBytes" : 33700,
        "totalCpuTime" : 97744001
      }
    }, {
      "indexId" : "OpenapiSpecificationContentIndexer",
      "partOfTotalIndexingTime" : {
        "part" : 29914085,
        "total" : 753489790
      },
      "totalNumberOfFiles" : 11,
      "totalNumberOfFilesIndexedByExtensions" : 0,
      "totalFilesSize" : 37818,
      "indexValueChangerEvaluationSpeed" : {
        "totalBytes" : 37818,
        "totalCpuTime" : 29914085
      }
    }, {
      "indexId" : "Trigram.Index",
      "partOfTotalIndexingTime" : {
        "part" : 26203251,
        "total" : 753489790
      },
      "totalNumberOfFiles" : 20,
      "totalNumberOfFilesIndexedByExtensions" : 0,
      "totalFilesSize" : 71518,
      "indexValueChangerEvaluationSpeed" : {
        "totalBytes" : 71518,
        "totalCpuTime" : 26203251
      }
    }, {
      "indexId" : "yaml.keys.name",
      "partOfTotalIndexingTime" : {
        "part" : 20822876,
        "total" : 753489790
      },
      "totalNumberOfFiles" : 11,
      "totalNumberOfFilesIndexedByExtensions" : 0,
      "totalFilesSize" : 37818,
      "indexValueChangerEvaluationSpeed" : {
        "totalBytes" : 37818,
        "totalCpuTime" : 20822876
      }
    }, {
      "indexId" : "CssIndex",
      "partOfTotalIndexingTime" : {
        "part" : 9430999,
        "total" : 753489790
      },
      "totalNumberOfFiles" : 4,
      "totalNumberOfFilesIndexedByExtensions" : 0,
      "totalFilesSize" : 22986,
      "indexValueChangerEvaluationSpeed" : {
        "totalBytes" : 22986,
        "totalCpuTime" : 9430999
      }
    }, {
      "indexId" : "html5.custom.attributes.index",
      "partOfTotalIndexingTime" : {
        "part" : 9020833,
        "total" : 753489790
      },
      "totalNumberOfFiles" : 4,
      "totalNumberOfFilesIndexedByExtensions" : 0,
      "totalFilesSize" : 22986,
      "indexValueChangerEvaluationSpeed" : {
        "totalBytes" : 22986,
        "totalCpuTime" : 9020833
      }
    }, {
      "indexId" : "org.jetbrains.kotlin.idea.vfilefinder.KotlinShortClassNameFileIndex",
      "partOfTotalIndexingTime" : {
        "part" : 7351375,
        "total" : 753489790
      },
      "totalNumberOfFiles" : 2,
      "totalNumberOfFilesIndexedByExtensions" : 0,
      "totalFilesSize" : 7482,
      "indexValueChangerEvaluationSpeed" : {
        "totalBytes" : 7482,
        "totalCpuTime" : 7351375
      }
    }, {
      "indexId" : "HashFragmentIndex",
      "partOfTotalIndexingTime" : {
        "part" : 5270291,
        "total" : 753489790
      },
      "totalNumberOfFiles" : 1,
      "totalNumberOfFilesIndexedByExtensions" : 0,
      "totalFilesSize" : 2146,
      "indexValueChangerEvaluationSpeed" : {
        "totalBytes" : 2146,
        "totalCpuTime" : 5270291
      }
    }, {
      "indexId" : "fileIncludes",
      "partOfTotalIndexingTime" : {
        "part" : 3611707,
        "total" : 753489790
      },
      "totalNumberOfFiles" : 4,
      "totalNumberOfFilesIndexedByExtensions" : 0,
      "totalFilesSize" : 22986,
      "indexValueChangerEvaluationSpeed" : {
        "totalBytes" : 22986,
        "totalCpuTime" : 3611707
      }
    }, {
      "indexId" : "css.template.selectors",
      "partOfTotalIndexingTime" : {
        "part" : 3406291,
        "total" : 753489790
      },
      "totalNumberOfFiles" : 4,
      "totalNumberOfFilesIndexedByExtensions" : 0,
      "totalFilesSize" : 22986,
      "indexValueChangerEvaluationSpeed" : {
        "totalBytes" : 22986,
        "totalCpuTime" : 3406291
      }
    }, {
      "indexId" : "WebComponentsIndex",
      "partOfTotalIndexingTime" : {
        "part" : 2104542,
        "total" : 753489790
      },
      "totalNumberOfFiles" : 4,
      "totalNumberOfFilesIndexedByExtensions" : 0,
      "totalFilesSize" : 22986,
      "indexValueChangerEvaluationSpeed" : {
        "totalBytes" : 22986,
        "totalCpuTime" : 2104542
      }
    }, {
      "indexId" : "docker.compose.services",
      "partOfTotalIndexingTime" : {
        "part" : 2049044,
        "total" : 753489790
      },
      "totalNumberOfFiles" : 11,
      "totalNumberOfFilesIndexedByExtensions" : 0,
      "totalFilesSize" : 37818,
      "indexValueChangerEvaluationSpeed" : {
        "totalBytes" : 37818,
        "totalCpuTime" : 2049044
      }
    }, {
      "indexId" : "SwReferencesIndex",
      "partOfTotalIndexingTime" : {
        "part" : 1818040,
        "total" : 753489790
      },
      "totalNumberOfFiles" : 11,
      "totalNumberOfFilesIndexedByExtensions" : 0,
      "totalFilesSize" : 37818,
      "indexValueChangerEvaluationSpeed" : {
        "totalBytes" : 37818,
        "totalCpuTime" : 1818040
      }
    }, {
      "indexId" : "org.jetbrains.kotlin.idea.vfilefinder.KotlinPartialPackageNamesIndex",
      "partOfTotalIndexingTime" : {
        "part" : 1440625,
        "total" : 753489790
      },
      "totalNumberOfFiles" : 2,
      "totalNumberOfFilesIndexedByExtensions" : 0,
      "totalFilesSize" : 7482,
      "indexValueChangerEvaluationSpeed" : {
        "totalBytes" : 7482,
        "totalCpuTime" : 1440625
      }
    }, {
      "indexId" : "HtmlTagIdIndex",
      "partOfTotalIndexingTime" : {
        "part" : 1219625,
        "total" : 753489790
      },
      "totalNumberOfFiles" : 4,
      "totalNumberOfFilesIndexedByExtensions" : 0,
      "totalFilesSize" : 22986,
      "indexValueChangerEvaluationSpeed" : {
        "totalBytes" : 22986,
        "totalCpuTime" : 1219625
      }
    }, {
      "indexId" : "angularjs.template.cache",
      "partOfTotalIndexingTime" : {
        "part" : 1132581,
        "total" : 753489790
      },
      "totalNumberOfFiles" : 4,
      "totalNumberOfFilesIndexedByExtensions" : 0,
      "totalFilesSize" : 22986,
      "indexValueChangerEvaluationSpeed" : {
        "totalBytes" : 22986,
        "totalCpuTime" : 1132581
      }
    }, {
      "indexId" : "angularjs.app.index",
      "partOfTotalIndexingTime" : {
        "part" : 951709,
        "total" : 753489790
      },
      "totalNumberOfFiles" : 4,
      "totalNumberOfFilesIndexedByExtensions" : 0,
      "totalFilesSize" : 22986,
      "indexValueChangerEvaluationSpeed" : {
        "totalBytes" : 22986,
        "totalCpuTime" : 951709
      }
    }, {
      "indexId" : "HtmlScriptSrcIndex",
      "partOfTotalIndexingTime" : {
        "part" : 800749,
        "total" : 753489790
      },
      "totalNumberOfFiles" : 4,
      "totalNumberOfFilesIndexedByExtensions" : 0,
      "totalFilesSize" : 22986,
      "indexValueChangerEvaluationSpeed" : {
        "totalBytes" : 22986,
        "totalCpuTime" : 800749
      }
    }, {
      "indexId" : "angularjs.ui.router.views.index",
      "partOfTotalIndexingTime" : {
        "part" : 747876,
        "total" : 753489790
      },
      "totalNumberOfFiles" : 4,
      "totalNumberOfFilesIndexedByExtensions" : 0,
      "totalFilesSize" : 22986,
      "indexValueChangerEvaluationSpeed" : {
        "totalBytes" : 22986,
        "totalCpuTime" : 747876
      }
    }, {
      "indexId" : "org.jetbrains.kotlin.idea.base.indices.names.KotlinTopLevelClassLikeDeclarationByPackageShortNameIndex",
      "partOfTotalIndexingTime" : {
        "part" : 114666,
        "total" : 753489790
      },
      "totalNumberOfFiles" : 2,
      "totalNumberOfFilesIndexedByExtensions" : 0,
      "totalFilesSize" : 7482,
      "indexValueChangerEvaluationSpeed" : {
        "totalBytes" : 7482,
        "totalCpuTime" : 114666
      }
    }, {
      "indexId" : "org.jetbrains.kotlin.idea.base.indices.names.KotlinTopLevelCallableByPackageShortNameIndex",
      "partOfTotalIndexingTime" : {
        "part" : 100750,
        "total" : 753489790
      },
      "totalNumberOfFiles" : 2,
      "totalNumberOfFilesIndexedByExtensions" : 0,
      "totalFilesSize" : 7482,
      "indexValueChangerEvaluationSpeed" : {
        "totalBytes" : 7482,
        "totalCpuTime" : 100750
      }
    }, {
      "indexId" : "org.jetbrains.kotlin.idea.vfilefinder.KotlinPackageSourcesMemberNamesIndex",
      "partOfTotalIndexingTime" : {
        "part" : 80542,
        "total" : 753489790
      },
      "totalNumberOfFiles" : 2,
      "totalNumberOfFilesIndexedByExtensions" : 0,
      "totalFilesSize" : 7482,
      "indexValueChangerEvaluationSpeed" : {
        "totalBytes" : 7482,
        "totalCpuTime" : 80542
      }
    }, {
      "indexId" : "js.custom.single.entry.index",
      "partOfTotalIndexingTime" : {
        "part" : 33626,
        "total" : 753489790
      },
      "totalNumberOfFiles" : 4,
      "totalNumberOfFilesIndexedByExtensions" : 0,
      "totalFilesSize" : 22986,
      "indexValueChangerEvaluationSpeed" : {
        "totalBytes" : 22986,
        "totalCpuTime" : 33626
      }
    } ],
    "statisticsOfChangedDuringIndexingFiles" : {
      "numberOfFiles" : 29,
      "retrievingTime" : 130250
    },
    "fileProviderStatistics" : [ {
      "providerName" : "Module 'Steganography_and_Cryptography' (all roots)",
      "totalNumberOfIndexedFiles" : 18,
      "totalNumberOfFilesFullyIndexedByExtensions" : 0,
      "totalNumberOfNothingToWriteFiles" : 0,
      "totalIndexingVisibleTime" : 197286206,
      "contentLoadingVisibleTime" : 791705,
      "numberOfTooLargeForIndexingFiles" : 0,
      "slowIndexedFiles" : [ ],
      "filesFullyIndexedByExtensions" : [ ],
      "separateApplyingIndexesVisibleTime" : 6128739
    }, {
      "providerName" : "Module 'Steganography_and_Cryptography.Steganography_and_Cryptography-task.main' (all roots)",
      "totalNumberOfIndexedFiles" : 1,
      "totalNumberOfFilesFullyIndexedByExtensions" : 0,
      "totalNumberOfNothingToWriteFiles" : 0,
      "totalIndexingVisibleTime" : 3834592,
      "contentLoadingVisibleTime" : 22284,
      "numberOfTooLargeForIndexingFiles" : 0,
      "slowIndexedFiles" : [ ],
      "filesFullyIndexedByExtensions" : [ ],
      "separateApplyingIndexesVisibleTime" : 566253
    }, {
      "providerName" : "Module 'Steganography_and_Cryptography.Steganography_and_Cryptography-task.test' (all roots)",
      "totalNumberOfIndexedFiles" : 1,
      "totalNumberOfFilesFullyIndexedByExtensions" : 0,
      "totalNumberOfNothingToWriteFiles" : 0,
      "totalIndexingVisibleTime" : 2749618,
      "contentLoadingVisibleTime" : 26553,
      "numberOfTooLargeForIndexingFiles" : 0,
      "slowIndexedFiles" : [ ],
      "filesFullyIndexedByExtensions" : [ ],
      "separateApplyingIndexesVisibleTime" : 214281
    }, {
      "providerName" : "Refreshed files",
      "totalNumberOfIndexedFiles" : 29,
      "totalNumberOfFilesFullyIndexedByExtensions" : 0,
      "totalNumberOfNothingToWriteFiles" : 29,
      "totalIndexingVisibleTime" : 2191334,
      "contentLoadingVisibleTime" : 1194867,
      "numberOfTooLargeForIndexingFiles" : 0,
      "slowIndexedFiles" : [ ],
      "filesFullyIndexedByExtensions" : [ ],
      "separateApplyingIndexesVisibleTime" : 17936
    } ],
    "visibleTimeToAllThreadTimeRatio" : 0.23045454884854966
  }
}