{
  "appInfo" : {
    "build" : "233.13135.103",
    "buildDate" : "2023-12-20T05:05:00Z[UTC]",
    "productCode" : "IU",
    "generated" : "2024-02-04T14:37:45.20564Z",
    "os" : "macOS 14.3",
    "runtime" : "JetBrains s.r.o. 17.0.9 17.0.9+7-b1087.9"
  },
  "runtimeInfo" : {
    "maxMemory" : 2147483648,
    "numberOfProcessors" : 10,
    "maxNumberOfIndexingThreads" : 9,
    "maxSizeOfFileForIntelliSense" : 2560000,
    "maxSizeOfFileForContentLoading" : 20971520
  },
  "type" : "DumbIndexing",
  "projectIndexingActivityHistory" : {
    "projectName" : "Steganography and Cryptography",
    "times" : {
      "scanningIds" : [ ],
      "contentLoadingVisibleTime" : 507230,
      "retrievingChangedDuringIndexingFilesTime" : 82000,
      "separateApplyingIndexesVisibleTime" : 12572397,
      "updatingStart" : "2024-02-04T14:37:44.858234Z",
      "updatingEnd" : "2024-02-04T14:37:45.205418Z",
      "totalWallTimeWithPauses" : 347190791,
      "wallTimeOnPause" : 0,
      "wasInterrupted" : false,
      "dumbModeStart" : "2024-02-04T14:37:44.858234Z",
      "dumbWallTimeWithPauses" : 347190791,
      "dumbWallTimeWithoutPauses" : 347190791,
      "totalWallTimeWithoutPauses" : 347190791
    },
    "fileCount" : {
      "numberOfChangedDuringIndexingFiles" : 73,
      "numberOfFilesIndexedByInfrastructureExtensionsDuringIndexingStage" : 0,
      "numberOfFilesIndexedWithLoadingContent" : 73,
      "numberOfNothingToWriteFiles" : 0
    },
    "totalStatsPerFileType" : [ {
      "fileType" : "HTML",
      "partOfTotalProcessingTime" : {
        "part" : 1481726554,
        "total" : 1643643028
      },
      "partOfTotalContentLoadingTime" : {
        "part" : 1248790,
        "total" : 2585417
      },
      "totalNumberOfFiles" : 23,
      "totalFilesSize" : 75883,
      "totalProcessingSpeed" : {
        "totalBytes" : 75883,
        "totalCpuTime" : 1481726554
      },
      "biggestContributors" : [ {
        "providerName" : "Refreshed files",
        "numberOfFiles" : 23,
        "totalFilesSize" : 75883,
        "partOfTotalProcessingTimeOfThisFileType" : {
          "part" : 1481726554,
          "total" : 1481726554
        }
      } ]
    }, {
      "fileType" : "YAML",
      "partOfTotalProcessingTime" : {
        "part" : 89722388,
        "total" : 1643643028
      },
      "partOfTotalContentLoadingTime" : {
        "part" : 1228002,
        "total" : 2585417
      },
      "totalNumberOfFiles" : 47,
      "totalFilesSize" : 41915,
      "totalProcessingSpeed" : {
        "totalBytes" : 41915,
        "totalCpuTime" : 89722388
      },
      "biggestContributors" : [ {
        "providerName" : "Refreshed files",
        "numberOfFiles" : 47,
        "totalFilesSize" : 41915,
        "partOfTotalProcessingTimeOfThisFileType" : {
          "part" : 89722388,
          "total" : 89722388
        }
      } ]
    }, {
      "fileType" : "Gradle",
      "partOfTotalProcessingTime" : {
        "part" : 62160586,
        "total" : 1643643028
      },
      "partOfTotalContentLoadingTime" : {
        "part" : 78167,
        "total" : 2585417
      },
      "totalNumberOfFiles" : 2,
      "totalFilesSize" : 2980,
      "totalProcessingSpeed" : {
        "totalBytes" : 2980,
        "totalCpuTime" : 62160586
      },
      "biggestContributors" : [ {
        "providerName" : "Refreshed files",
        "numberOfFiles" : 2,
        "totalFilesSize" : 2980,
        "partOfTotalProcessingTimeOfThisFileType" : {
          "part" : 62160586,
          "total" : 62160586
        }
      } ]
    }, {
      "fileType" : "Kotlin",
      "partOfTotalProcessingTime" : {
        "part" : 10033500,
        "total" : 1643643028
      },
      "partOfTotalContentLoadingTime" : {
        "part" : 30458,
        "total" : 2585417
      },
      "totalNumberOfFiles" : 1,
      "totalFilesSize" : 5336,
      "totalProcessingSpeed" : {
        "totalBytes" : 5336,
        "totalCpuTime" : 10033500
      },
      "biggestContributors" : [ {
        "providerName" : "Refreshed files",
        "numberOfFiles" : 1,
        "totalFilesSize" : 5336,
        "partOfTotalProcessingTimeOfThisFileType" : {
          "part" : 10033500,
          "total" : 10033500
        }
      } ]
    } ],
    "totalStatsPerBaseLanguage" : [ {
      "language" : "HTML",
      "partOfTotalProcessingTime" : {
        "part" : 1481726554,
        "total" : 1643643028
      },
      "partOfTotalContentLoadingTime" : {
        "part" : 3834207,
        "total" : 2585417
      },
      "totalNumberOfFiles" : 23,
      "totalFilesSize" : 75883,
      "totalProcessingSpeed" : {
        "totalBytes" : 75883,
        "totalCpuTime" : 1481726554
      }
    }, {
      "language" : "XML",
      "partOfTotalProcessingTime" : {
        "part" : 1481726554,
        "total" : 1643643028
      },
      "partOfTotalContentLoadingTime" : {
        "part" : 3834207,
        "total" : 2585417
      },
      "totalNumberOfFiles" : 23,
      "totalFilesSize" : 75883,
      "totalProcessingSpeed" : {
        "totalBytes" : 75883,
        "totalCpuTime" : 1481726554
      }
    }, {
      "language" : "yaml",
      "partOfTotalProcessingTime" : {
        "part" : 89722388,
        "total" : 1643643028
      },
      "partOfTotalContentLoadingTime" : {
        "part" : 3813419,
        "total" : 2585417
      },
      "totalNumberOfFiles" : 47,
      "totalFilesSize" : 41915,
      "totalProcessingSpeed" : {
        "totalBytes" : 41915,
        "totalCpuTime" : 89722388
      }
    }, {
      "language" : "Groovy",
      "partOfTotalProcessingTime" : {
        "part" : 62160586,
        "total" : 1643643028
      },
      "partOfTotalContentLoadingTime" : {
        "part" : 2663584,
        "total" : 2585417
      },
      "totalNumberOfFiles" : 2,
      "totalFilesSize" : 2980,
      "totalProcessingSpeed" : {
        "totalBytes" : 2980,
        "totalCpuTime" : 62160586
      }
    }, {
      "language" : "kotlin",
      "partOfTotalProcessingTime" : {
        "part" : 10033500,
        "total" : 1643643028
      },
      "partOfTotalContentLoadingTime" : {
        "part" : 2615875,
        "total" : 2585417
      },
      "totalNumberOfFiles" : 1,
      "totalFilesSize" : 5336,
      "totalProcessingSpeed" : {
        "totalBytes" : 5336,
        "totalCpuTime" : 10033500
      }
    } ],
    "totalStatsPerIndexer" : [ {
      "indexId" : "IdIndex",
      "partOfTotalIndexingTime" : {
        "part" : 652741582,
        "total" : 1547277662
      },
      "totalNumberOfFiles" : 73,
      "totalNumberOfFilesIndexedByExtensions" : 0,
      "totalFilesSize" : 126114,
      "indexValueChangerEvaluationSpeed" : {
        "totalBytes" : 126114,
        "totalCpuTime" : 652741582
      }
    }, {
      "indexId" : "js.implicit.elements.index",
      "partOfTotalIndexingTime" : {
        "part" : 556373376,
        "total" : 1547277662
      },
      "totalNumberOfFiles" : 23,
      "totalNumberOfFilesIndexedByExtensions" : 0,
      "totalFilesSize" : 75883,
      "indexValueChangerEvaluationSpeed" : {
        "totalBytes" : 75883,
        "totalCpuTime" : 556373376
      }
    }, {
      "indexId" : "Stubs",
      "partOfTotalIndexingTime" : {
        "part" : 111126540,
        "total" : 1547277662
      },
      "totalNumberOfFiles" : 26,
      "totalNumberOfFilesIndexedByExtensions" : 0,
      "totalFilesSize" : 84199,
      "indexValueChangerEvaluationSpeed" : {
        "totalBytes" : 84199,
        "totalCpuTime" : 111126540
      }
    }, {
      "indexId" : "html5.custom.attributes.index",
      "partOfTotalIndexingTime" : {
        "part" : 47177962,
        "total" : 1547277662
      },
      "totalNumberOfFiles" : 23,
      "totalNumberOfFilesIndexedByExtensions" : 0,
      "totalFilesSize" : 75883,
      "indexValueChangerEvaluationSpeed" : {
        "totalBytes" : 75883,
        "totalCpuTime" : 47177962
      }
    }, {
      "indexId" : "CssIndex",
      "partOfTotalIndexingTime" : {
        "part" : 40951290,
        "total" : 1547277662
      },
      "totalNumberOfFiles" : 23,
      "totalNumberOfFilesIndexedByExtensions" : 0,
      "totalFilesSize" : 75883,
      "indexValueChangerEvaluationSpeed" : {
        "totalBytes" : 75883,
        "totalCpuTime" : 40951290
      }
    }, {
      "indexId" : "css.template.selectors",
      "partOfTotalIndexingTime" : {
        "part" : 21267293,
        "total" : 1547277662
      },
      "totalNumberOfFiles" : 23,
      "totalNumberOfFilesIndexedByExtensions" : 0,
      "totalFilesSize" : 75883,
      "indexValueChangerEvaluationSpeed" : {
        "totalBytes" : 75883,
        "totalCpuTime" : 21267293
      }
    }, {
      "indexId" : "HtmlScriptSrcIndex",
      "partOfTotalIndexingTime" : {
        "part" : 19186543,
        "total" : 1547277662
      },
      "totalNumberOfFiles" : 23,
      "totalNumberOfFilesIndexedByExtensions" : 0,
      "totalFilesSize" : 75883,
      "indexValueChangerEvaluationSpeed" : {
        "totalBytes" : 75883,
        "totalCpuTime" : 19186543
      }
    }, {
      "indexId" : "yaml.keys.name",
      "partOfTotalIndexingTime" : {
        "part" : 17176540,
        "total" : 1547277662
      },
      "totalNumberOfFiles" : 47,
      "totalNumberOfFilesIndexedByExtensions" : 0,
      "totalFilesSize" : 41915,
      "indexValueChangerEvaluationSpeed" : {
        "totalBytes" : 41915,
        "totalCpuTime" : 17176540
      }
    }, {
      "indexId" : "fileIncludes",
      "partOfTotalIndexingTime" : {
        "part" : 16703165,
        "total" : 1547277662
      },
      "totalNumberOfFiles" : 23,
      "totalNumberOfFilesIndexedByExtensions" : 0,
      "totalFilesSize" : 75883,
      "indexValueChangerEvaluationSpeed" : {
        "totalBytes" : 75883,
        "totalCpuTime" : 16703165
      }
    }, {
      "indexId" : "WebComponentsIndex",
      "partOfTotalIndexingTime" : {
        "part" : 13379538,
        "total" : 1547277662
      },
      "totalNumberOfFiles" : 23,
      "totalNumberOfFilesIndexedByExtensions" : 0,
      "totalFilesSize" : 75883,
      "indexValueChangerEvaluationSpeed" : {
        "totalBytes" : 75883,
        "totalCpuTime" : 13379538
      }
    }, {
      "indexId" : "Trigram.Index",
      "partOfTotalIndexingTime" : {
        "part" : 8564545,
        "total" : 1547277662
      },
      "totalNumberOfFiles" : 73,
      "totalNumberOfFilesIndexedByExtensions" : 0,
      "totalFilesSize" : 126114,
      "indexValueChangerEvaluationSpeed" : {
        "totalBytes" : 126114,
        "totalCpuTime" : 8564545
      }
    }, {
      "indexId" : "HtmlTagIdIndex",
      "partOfTotalIndexingTime" : {
        "part" : 8050084,
        "total" : 1547277662
      },
      "totalNumberOfFiles" : 23,
      "totalNumberOfFilesIndexedByExtensions" : 0,
      "totalFilesSize" : 75883,
      "indexValueChangerEvaluationSpeed" : {
        "totalBytes" : 75883,
        "totalCpuTime" : 8050084
      }
    }, {
      "indexId" : "angularjs.app.index",
      "partOfTotalIndexingTime" : {
        "part" : 7844916,
        "total" : 1547277662
      },
      "totalNumberOfFiles" : 23,
      "totalNumberOfFilesIndexedByExtensions" : 0,
      "totalFilesSize" : 75883,
      "indexValueChangerEvaluationSpeed" : {
        "totalBytes" : 75883,
        "totalCpuTime" : 7844916
      }
    }, {
      "indexId" : "angularjs.template.cache",
      "partOfTotalIndexingTime" : {
        "part" : 7719541,
        "total" : 1547277662
      },
      "totalNumberOfFiles" : 23,
      "totalNumberOfFilesIndexedByExtensions" : 0,
      "totalFilesSize" : 75883,
      "indexValueChangerEvaluationSpeed" : {
        "totalBytes" : 75883,
        "totalCpuTime" : 7719541
      }
    }, {
      "indexId" : "angularjs.ui.router.views.index",
      "partOfTotalIndexingTime" : {
        "part" : 6539247,
        "total" : 1547277662
      },
      "totalNumberOfFiles" : 23,
      "totalNumberOfFilesIndexedByExtensions" : 0,
      "totalFilesSize" : 75883,
      "indexValueChangerEvaluationSpeed" : {
        "totalBytes" : 75883,
        "totalCpuTime" : 6539247
      }
    }, {
      "indexId" : "OpenapiSpecificationContentIndexer",
      "partOfTotalIndexingTime" : {
        "part" : 4097752,
        "total" : 1547277662
      },
      "totalNumberOfFiles" : 47,
      "totalNumberOfFilesIndexedByExtensions" : 0,
      "totalFilesSize" : 41915,
      "indexValueChangerEvaluationSpeed" : {
        "totalBytes" : 41915,
        "totalCpuTime" : 4097752
      }
    }, {
      "indexId" : "org.jetbrains.kotlin.idea.vfilefinder.KotlinShortClassNameFileIndex",
      "partOfTotalIndexingTime" : {
        "part" : 2953458,
        "total" : 1547277662
      },
      "totalNumberOfFiles" : 1,
      "totalNumberOfFilesIndexedByExtensions" : 0,
      "totalFilesSize" : 5336,
      "indexValueChangerEvaluationSpeed" : {
        "totalBytes" : 5336,
        "totalCpuTime" : 2953458
      }
    }, {
      "indexId" : "SwReferencesIndex",
      "partOfTotalIndexingTime" : {
        "part" : 2840789,
        "total" : 1547277662
      },
      "totalNumberOfFiles" : 47,
      "totalNumberOfFilesIndexedByExtensions" : 0,
      "totalFilesSize" : 41915,
      "indexValueChangerEvaluationSpeed" : {
        "totalBytes" : 41915,
        "totalCpuTime" : 2840789
      }
    }, {
      "indexId" : "docker.compose.services",
      "partOfTotalIndexingTime" : {
        "part" : 1206122,
        "total" : 1547277662
      },
      "totalNumberOfFiles" : 47,
      "totalNumberOfFilesIndexedByExtensions" : 0,
      "totalFilesSize" : 41915,
      "indexValueChangerEvaluationSpeed" : {
        "totalBytes" : 41915,
        "totalCpuTime" : 1206122
      }
    }, {
      "indexId" : "org.jetbrains.kotlin.idea.vfilefinder.KotlinPartialPackageNamesIndex",
      "partOfTotalIndexingTime" : {
        "part" : 852667,
        "total" : 1547277662
      },
      "totalNumberOfFiles" : 1,
      "totalNumberOfFilesIndexedByExtensions" : 0,
      "totalFilesSize" : 5336,
      "indexValueChangerEvaluationSpeed" : {
        "totalBytes" : 5336,
        "totalCpuTime" : 852667
      }
    }, {
      "indexId" : "js.custom.single.entry.index",
      "partOfTotalIndexingTime" : {
        "part" : 378754,
        "total" : 1547277662
      },
      "totalNumberOfFiles" : 23,
      "totalNumberOfFilesIndexedByExtensions" : 0,
      "totalFilesSize" : 75883,
      "indexValueChangerEvaluationSpeed" : {
        "totalBytes" : 75883,
        "totalCpuTime" : 378754
      }
    }, {
      "indexId" : "org.jetbrains.kotlin.idea.base.indices.names.KotlinTopLevelCallableByPackageShortNameIndex",
      "partOfTotalIndexingTime" : {
        "part" : 66666,
        "total" : 1547277662
      },
      "totalNumberOfFiles" : 1,
      "totalNumberOfFilesIndexedByExtensions" : 0,
      "totalFilesSize" : 5336,
      "indexValueChangerEvaluationSpeed" : {
        "totalBytes" : 5336,
        "totalCpuTime" : 66666
      }
    }, {
      "indexId" : "org.jetbrains.kotlin.idea.vfilefinder.KotlinPackageSourcesMemberNamesIndex",
      "partOfTotalIndexingTime" : {
        "part" : 46792,
        "total" : 1547277662
      },
      "totalNumberOfFiles" : 1,
      "totalNumberOfFilesIndexedByExtensions" : 0,
      "totalFilesSize" : 5336,
      "indexValueChangerEvaluationSpeed" : {
        "totalBytes" : 5336,
        "totalCpuTime" : 46792
      }
    }, {
      "indexId" : "org.jetbrains.kotlin.idea.base.indices.names.KotlinTopLevelClassLikeDeclarationByPackageShortNameIndex",
      "partOfTotalIndexingTime" : {
        "part" : 32500,
        "total" : 1547277662
      },
      "totalNumberOfFiles" : 1,
      "totalNumberOfFilesIndexedByExtensions" : 0,
      "totalFilesSize" : 5336,
      "indexValueChangerEvaluationSpeed" : {
        "totalBytes" : 5336,
        "totalCpuTime" : 32500
      }
    } ],
    "statisticsOfChangedDuringIndexingFiles" : {
      "numberOfFiles" : 73,
      "retrievingTime" : 82000
    },
    "fileProviderStatistics" : [ {
      "providerName" : "Refreshed files",
      "totalNumberOfIndexedFiles" : 73,
      "totalNumberOfFilesFullyIndexedByExtensions" : 0,
      "totalNumberOfNothingToWriteFiles" : 0,
      "totalIndexingVisibleTime" : 322465000,
      "contentLoadingVisibleTime" : 507230,
      "numberOfTooLargeForIndexingFiles" : 0,
      "slowIndexedFiles" : [ ],
      "filesFullyIndexedByExtensions" : [ ],
      "separateApplyingIndexesVisibleTime" : 12572397
    } ],
    "visibleTimeToAllThreadTimeRatio" : 0.19618919346032113
  }
}