{
  "appInfo" : {
    "build" : "233.13135.103",
    "buildDate" : "2023-12-20T05:05:00Z[UTC]",
    "productCode" : "IU",
    "generated" : "2024-02-04T14:37:42.522048Z",
    "os" : "macOS 14.3",
    "runtime" : "JetBrains s.r.o. 17.0.9 17.0.9+7-b1087.9"
  },
  "runtimeInfo" : {
    "maxMemory" : 2147483648,
    "numberOfProcessors" : 10,
    "maxNumberOfIndexingThreads" : 9,
    "maxSizeOfFileForIntelliSense" : 2560000,
    "maxSizeOfFileForContentLoading" : 20971520
  },
  "type" : "Scanning",
  "projectIndexingActivityHistory" : {
    "projectName" : "Steganography and Cryptography",
    "times" : {
      "scanningReason" : "changes in: \"Library Gradle: com.google.code.gson:gson:2.8.9 (#1 class roots, #1 source roots)\", \"Library Gradle: commons-codec:commons-codec:1.11 (#1 class roots, #1 source roots)\", \"Library Gradle: commons-logging:commons-logging:1.2 (#1 class roots, #1 source roots)\", \"Library Gradle: junit:junit:4.13.2 (#1 class roots, #1 source roots)\", \"Library Gradle: org.apache.httpcomponents:httpclient:4.5.13 (#1 class roots, #1 source roots)\", \"Library Gradle: org.apache.httpcomponents:httpcore:4.4.13 (#1 class roots, #1 source roots)\", \"Library Gradle: org.assertj:assertj-core:3.17.2 (#1 class roots, #1 source roots)\", \"Library Gradle: org.assertj:assertj-swing-junit:3.17.1 (#1 class roots, #1 source roots)\", \"Library Gradle: org.assertj:assertj-swing:3.17.1 (#1 class roots, #1 source roots)\", \"Library Gradle: org.easytesting:fest-reflect:1.4.1 (#1 class roots, #1 source roots)\" and 7 iterators more",
      "scanningType" : "PARTIAL",
      "scanningId" : 2,
      "creatingIteratorsTime" : 2000,
      "concurrentHandlingWallTimeWithoutPauses" : 226145000,
      "concurrentHandlingWallTimeWithPauses" : 226145000,
      "concurrentHandlingSumOfThreadTimesWithPauses" : 1731666624,
      "concurrentIterationAndScannersApplicationSumOfThreadTimesWithPauses" : 47241129,
      "concurrentFileCheckSumOfThreadTimesWithPauses" : 1682859750,
      "delayedPushPropertiesStageTime" : 7000,
      "indexExtensionsTime" : 0,
      "dumbWallTimeWithPauses" : 0,
      "dumbWallTimeWithoutPauses" : 0,
      "updatingStart" : "2024-02-04T14:37:42.292969Z",
      "updatingEnd" : "2024-02-04T14:37:42.520828Z",
      "totalWallTimeWithPauses" : 227867167,
      "wallTimeOnPause" : 47000,
      "wasInterrupted" : false,
      "totalWallTimeWithoutPauses" : 227820167
    },
    "fileCount" : {
      "numberOfFileProviders" : 17,
      "numberOfScannedFiles" : 9824,
      "numberOfFilesIndexedByInfrastructureExtensionsDuringScan" : 0,
      "numberOfFilesScheduledForIndexingAfterScan" : 0
    },
    "scanningStatistics" : [ {
      "providerName" : "Library Gradle: org.assertj:assertj-core:3.17.2 (#1 class roots, #1 source roots)",
      "numberOfScannedFiles" : 3875,
      "numberOfSkippedFiles" : 0,
      "numberOfFilesForIndexing" : 0,
      "numberOfFilesFullyIndexedByInfrastructureExtensions" : 0,
      "filesFullyIndexedByInfrastructureExtensions" : [ ],
      "statusTime" : 196725099,
      "totalOneThreadTimeWithPauses" : 220500375,
      "iterationAndScannersApplicationTime" : 10036584,
      "filesCheckTime" : 210368250,
      "timeProcessingUpToDateFiles" : 63982618,
      "timeUpdatingContentLessIndexes" : 0,
      "timeIndexingWithoutContentViaInfrastructureExtension" : 0,
      "roots" : [ ]
    }, {
      "providerName" : "Library Gradle: commons-codec:commons-codec:1.11 (#1 class roots, #1 source roots)",
      "numberOfScannedFiles" : 432,
      "numberOfSkippedFiles" : 0,
      "numberOfFilesForIndexing" : 0,
      "numberOfFilesFullyIndexedByInfrastructureExtensions" : 0,
      "filesFullyIndexedByInfrastructureExtensions" : [ ],
      "statusTime" : 189703856,
      "totalOneThreadTimeWithPauses" : 199876541,
      "iterationAndScannersApplicationTime" : 4732000,
      "filesCheckTime" : 195061417,
      "timeProcessingUpToDateFiles" : 4179041,
      "timeUpdatingContentLessIndexes" : 0,
      "timeIndexingWithoutContentViaInfrastructureExtension" : 0,
      "roots" : [ ]
    }, {
      "providerName" : "Library Gradle: commons-logging:commons-logging:1.2 (#1 class roots, #1 source roots)",
      "numberOfScannedFiles" : 53,
      "numberOfSkippedFiles" : 0,
      "numberOfFilesForIndexing" : 0,
      "numberOfFilesFullyIndexedByInfrastructureExtensions" : 0,
      "filesFullyIndexedByInfrastructureExtensions" : [ ],
      "statusTime" : 190147916,
      "totalOneThreadTimeWithPauses" : 196666500,
      "iterationAndScannersApplicationTime" : 1625417,
      "filesCheckTime" : 194928916,
      "timeProcessingUpToDateFiles" : 3844058,
      "timeUpdatingContentLessIndexes" : 0,
      "timeIndexingWithoutContentViaInfrastructureExtension" : 0,
      "roots" : [ ]
    }, {
      "providerName" : "Library Gradle: org.assertj:assertj-swing-junit:3.17.1 (#1 class roots, #1 source roots)",
      "numberOfScannedFiles" : 223,
      "numberOfSkippedFiles" : 0,
      "numberOfFilesForIndexing" : 0,
      "numberOfFilesFullyIndexedByInfrastructureExtensions" : 0,
      "filesFullyIndexedByInfrastructureExtensions" : [ ],
      "statusTime" : 185442289,
      "totalOneThreadTimeWithPauses" : 194018833,
      "iterationAndScannersApplicationTime" : 1396417,
      "filesCheckTime" : 192590541,
      "timeProcessingUpToDateFiles" : 2572793,
      "timeUpdatingContentLessIndexes" : 0,
      "timeIndexingWithoutContentViaInfrastructureExtension" : 0,
      "roots" : [ ]
    }, {
      "providerName" : "Library Gradle: org.easytesting:fest-reflect:1.4.1 (#1 class roots, #1 source roots)",
      "numberOfScannedFiles" : 89,
      "numberOfSkippedFiles" : 0,
      "numberOfFilesForIndexing" : 0,
      "numberOfFilesFullyIndexedByInfrastructureExtensions" : 0,
      "filesFullyIndexedByInfrastructureExtensions" : [ ],
      "statusTime" : 151487207,
      "totalOneThreadTimeWithPauses" : 154585000,
      "iterationAndScannersApplicationTime" : 291917,
      "filesCheckTime" : 154237000,
      "timeProcessingUpToDateFiles" : 1372432,
      "timeUpdatingContentLessIndexes" : 0,
      "timeIndexingWithoutContentViaInfrastructureExtension" : 0,
      "roots" : [ ]
    }, {
      "providerName" : "Library Gradle: org.easytesting:fest-util:1.2.5 (#1 class roots, #1 source roots)",
      "numberOfScannedFiles" : 59,
      "numberOfSkippedFiles" : 0,
      "numberOfFilesForIndexing" : 0,
      "numberOfFilesFullyIndexedByInfrastructureExtensions" : 0,
      "filesFullyIndexedByInfrastructureExtensions" : [ ],
      "statusTime" : 132602792,
      "totalOneThreadTimeWithPauses" : 133090583,
      "iterationAndScannersApplicationTime" : 123959,
      "filesCheckTime" : 132894125,
      "timeProcessingUpToDateFiles" : 719423,
      "timeUpdatingContentLessIndexes" : 0,
      "timeIndexingWithoutContentViaInfrastructureExtension" : 0,
      "roots" : [ ]
    }, {
      "providerName" : "Library Gradle: org.hamcrest:hamcrest-core:1.3 (#1 class roots, #1 source roots)",
      "numberOfScannedFiles" : 88,
      "numberOfSkippedFiles" : 0,
      "numberOfFilesForIndexing" : 0,
      "numberOfFilesFullyIndexedByInfrastructureExtensions" : 0,
      "filesFullyIndexedByInfrastructureExtensions" : [ ],
      "statusTime" : 123904961,
      "totalOneThreadTimeWithPauses" : 124337334,
      "iterationAndScannersApplicationTime" : 146209,
      "filesCheckTime" : 124165000,
      "timeProcessingUpToDateFiles" : 1414118,
      "timeUpdatingContentLessIndexes" : 0,
      "timeIndexingWithoutContentViaInfrastructureExtension" : 0,
      "roots" : [ ]
    }, {
      "providerName" : "Library Gradle: org.apache.httpcomponents:httpclient:4.5.13 (#1 class roots, #1 source roots)",
      "numberOfScannedFiles" : 911,
      "numberOfSkippedFiles" : 0,
      "numberOfFilesForIndexing" : 0,
      "numberOfFilesFullyIndexedByInfrastructureExtensions" : 0,
      "filesFullyIndexedByInfrastructureExtensions" : [ ],
      "statusTime" : 90455512,
      "totalOneThreadTimeWithPauses" : 106080417,
      "iterationAndScannersApplicationTime" : 8002250,
      "filesCheckTime" : 97904500,
      "timeProcessingUpToDateFiles" : 16201735,
      "timeUpdatingContentLessIndexes" : 0,
      "timeIndexingWithoutContentViaInfrastructureExtension" : 0,
      "roots" : [ ]
    }, {
      "providerName" : "Library Gradle: org.assertj:assertj-swing:3.17.1 (#1 class roots, #1 source roots)",
      "numberOfScannedFiles" : 1101,
      "numberOfSkippedFiles" : 0,
      "numberOfFilesForIndexing" : 0,
      "numberOfFilesFullyIndexedByInfrastructureExtensions" : 0,
      "filesFullyIndexedByInfrastructureExtensions" : [ ],
      "statusTime" : 84059459,
      "totalOneThreadTimeWithPauses" : 99148125,
      "iterationAndScannersApplicationTime" : 7826208,
      "filesCheckTime" : 91171292,
      "timeProcessingUpToDateFiles" : 20674405,
      "timeUpdatingContentLessIndexes" : 0,
      "timeIndexingWithoutContentViaInfrastructureExtension" : 0,
      "roots" : [ ]
    }, {
      "providerName" : "Library Gradle: junit:junit:4.13.2 (#1 class roots, #1 source roots)",
      "numberOfScannedFiles" : 578,
      "numberOfSkippedFiles" : 0,
      "numberOfFilesForIndexing" : 0,
      "numberOfFilesFullyIndexedByInfrastructureExtensions" : 0,
      "filesFullyIndexedByInfrastructureExtensions" : [ ],
      "statusTime" : 57367044,
      "totalOneThreadTimeWithPauses" : 71059083,
      "iterationAndScannersApplicationTime" : 4003750,
      "filesCheckTime" : 67000041,
      "timeProcessingUpToDateFiles" : 14900246,
      "timeUpdatingContentLessIndexes" : 0,
      "timeIndexingWithoutContentViaInfrastructureExtension" : 0,
      "roots" : [ ]
    }, {
      "providerName" : "Library Gradle: org.jetbrains.kotlin:kotlin-stdlib:1.6.10 (#1 class roots, #1 source roots)",
      "numberOfScannedFiles" : 1061,
      "numberOfSkippedFiles" : 0,
      "numberOfFilesForIndexing" : 0,
      "numberOfFilesFullyIndexedByInfrastructureExtensions" : 0,
      "filesFullyIndexedByInfrastructureExtensions" : [ ],
      "statusTime" : 60773863,
      "totalOneThreadTimeWithPauses" : 70654792,
      "iterationAndScannersApplicationTime" : 1223000,
      "filesCheckTime" : 69391709,
      "timeProcessingUpToDateFiles" : 16855579,
      "timeUpdatingContentLessIndexes" : 0,
      "timeIndexingWithoutContentViaInfrastructureExtension" : 0,
      "roots" : [ ]
    }, {
      "providerName" : "Library Gradle: org.apache.httpcomponents:httpcore:4.4.13 (#1 class roots, #1 source roots)",
      "numberOfScannedFiles" : 523,
      "numberOfSkippedFiles" : 0,
      "numberOfFilesForIndexing" : 0,
      "numberOfFilesFullyIndexedByInfrastructureExtensions" : 0,
      "filesFullyIndexedByInfrastructureExtensions" : [ ],
      "statusTime" : 47336890,
      "totalOneThreadTimeWithPauses" : 61813541,
      "iterationAndScannersApplicationTime" : 4329667,
      "filesCheckTime" : 57449042,
      "timeProcessingUpToDateFiles" : 9052391,
      "timeUpdatingContentLessIndexes" : 0,
      "timeIndexingWithoutContentViaInfrastructureExtension" : 0,
      "roots" : [ ]
    }, {
      "providerName" : "Library Gradle: org.jetbrains.kotlin:kotlin-stdlib-common:1.6.10 (#1 class roots, #1 source roots)",
      "numberOfScannedFiles" : 462,
      "numberOfSkippedFiles" : 0,
      "numberOfFilesForIndexing" : 0,
      "numberOfFilesFullyIndexedByInfrastructureExtensions" : 0,
      "filesFullyIndexedByInfrastructureExtensions" : [ ],
      "statusTime" : 39045875,
      "totalOneThreadTimeWithPauses" : 48032166,
      "iterationAndScannersApplicationTime" : 1384000,
      "filesCheckTime" : 46447000,
      "timeProcessingUpToDateFiles" : 8409414,
      "timeUpdatingContentLessIndexes" : 0,
      "timeIndexingWithoutContentViaInfrastructureExtension" : 0,
      "roots" : [ ]
    }, {
      "providerName" : "Library Gradle: com.google.code.gson:gson:2.8.9 (#1 class roots, #1 source roots)",
      "numberOfScannedFiles" : 279,
      "numberOfSkippedFiles" : 0,
      "numberOfFilesForIndexing" : 0,
      "numberOfFilesFullyIndexedByInfrastructureExtensions" : 0,
      "filesFullyIndexedByInfrastructureExtensions" : [ ],
      "statusTime" : 32813631,
      "totalOneThreadTimeWithPauses" : 43052084,
      "iterationAndScannersApplicationTime" : 1572125,
      "filesCheckTime" : 41426750,
      "timeProcessingUpToDateFiles" : 4879380,
      "timeUpdatingContentLessIndexes" : 0,
      "timeIndexingWithoutContentViaInfrastructureExtension" : 0,
      "roots" : [ ]
    }, {
      "providerName" : "Library Gradle: org.jetbrains.kotlin:kotlin-stdlib-jdk8:1.6.10 (#1 class roots, #1 source roots)",
      "numberOfScannedFiles" : 22,
      "numberOfSkippedFiles" : 0,
      "numberOfFilesForIndexing" : 0,
      "numberOfFilesFullyIndexedByInfrastructureExtensions" : 0,
      "filesFullyIndexedByInfrastructureExtensions" : [ ],
      "statusTime" : 2862209,
      "totalOneThreadTimeWithPauses" : 3951583,
      "iterationAndScannersApplicationTime" : 89084,
      "filesCheckTime" : 3771042,
      "timeProcessingUpToDateFiles" : 530415,
      "timeUpdatingContentLessIndexes" : 0,
      "timeIndexingWithoutContentViaInfrastructureExtension" : 0,
      "roots" : [ ]
    }, {
      "providerName" : "Library Gradle: org.jetbrains:annotations:13.0 (#1 class roots, #1 source roots)",
      "numberOfScannedFiles" : 52,
      "numberOfSkippedFiles" : 0,
      "numberOfFilesForIndexing" : 0,
      "numberOfFilesFullyIndexedByInfrastructureExtensions" : 0,
      "filesFullyIndexedByInfrastructureExtensions" : [ ],
      "statusTime" : 2001705,
      "totalOneThreadTimeWithPauses" : 2611917,
      "iterationAndScannersApplicationTime" : 125417,
      "filesCheckTime" : 2289292,
      "timeProcessingUpToDateFiles" : 598045,
      "timeUpdatingContentLessIndexes" : 0,
      "timeIndexingWithoutContentViaInfrastructureExtension" : 0,
      "roots" : [ ]
    }, {
      "providerName" : "Library Gradle: org.jetbrains.kotlin:kotlin-stdlib-jdk7:1.6.10 (#1 class roots, #1 source roots)",
      "numberOfScannedFiles" : 16,
      "numberOfSkippedFiles" : 0,
      "numberOfFilesForIndexing" : 0,
      "numberOfFilesFullyIndexedByInfrastructureExtensions" : 0,
      "filesFullyIndexedByInfrastructureExtensions" : [ ],
      "statusTime" : 1246374,
      "totalOneThreadTimeWithPauses" : 2187750,
      "iterationAndScannersApplicationTime" : 333125,
      "filesCheckTime" : 1763833,
      "timeProcessingUpToDateFiles" : 277833,
      "timeUpdatingContentLessIndexes" : 0,
      "timeIndexingWithoutContentViaInfrastructureExtension" : 0,
      "roots" : [ ]
    } ]
  }
}