{
  "appInfo" : {
    "build" : "233.13135.103",
    "buildDate" : "2023-12-20T05:05:00Z[UTC]",
    "productCode" : "IU",
    "generated" : "2024-02-03T01:56:25.07889Z",
    "os" : "macOS 14.3",
    "runtime" : "JetBrains s.r.o. 17.0.9 17.0.9+7-b1087.9"
  },
  "runtimeInfo" : {
    "maxMemory" : 2147483648,
    "numberOfProcessors" : 10,
    "maxNumberOfIndexingThreads" : 9,
    "maxSizeOfFileForIntelliSense" : 2560000,
    "maxSizeOfFileForContentLoading" : 20971520
  },
  "type" : "DumbIndexing",
  "projectIndexingActivityHistory" : {
    "projectName" : "Steganography and Cryptography",
    "times" : {
      "scanningIds" : [ ],
      "contentLoadingVisibleTime" : 517478,
      "retrievingChangedDuringIndexingFilesTime" : 18834,
      "separateApplyingIndexesVisibleTime" : 811706,
      "updatingStart" : "2024-02-03T01:56:25.039652Z",
      "updatingEnd" : "2024-02-03T01:56:25.06734Z",
      "totalWallTimeWithPauses" : 27687875,
      "wallTimeOnPause" : 0,
      "wasInterrupted" : false,
      "dumbModeStart" : "2024-02-03T01:56:25.039652Z",
      "dumbWallTimeWithPauses" : 27687875,
      "dumbWallTimeWithoutPauses" : 27687875,
      "totalWallTimeWithoutPauses" : 27687875
    },
    "fileCount" : {
      "numberOfChangedDuringIndexingFiles" : 40,
      "numberOfFilesIndexedByInfrastructureExtensionsDuringIndexingStage" : 0,
      "numberOfFilesIndexedWithLoadingContent" : 40,
      "numberOfNothingToWriteFiles" : 0
    },
    "totalStatsPerFileType" : [ {
      "fileType" : "UNKNOWN",
      "partOfTotalProcessingTime" : {
        "part" : 3135752,
        "total" : 5611085
      },
      "partOfTotalContentLoadingTime" : {
        "part" : 586917,
        "total" : 786542
      },
      "totalNumberOfFiles" : 39,
      "totalFilesSize" : 0,
      "totalProcessingSpeed" : {
        "totalBytes" : 0,
        "totalCpuTime" : 3135752
      },
      "biggestContributors" : [ {
        "providerName" : "Refreshed files",
        "numberOfFiles" : 39,
        "totalFilesSize" : 0,
        "partOfTotalProcessingTimeOfThisFileType" : {
          "part" : 3135752,
          "total" : 3135752
        }
      } ]
    }, {
      "fileType" : "YAML",
      "partOfTotalProcessingTime" : {
        "part" : 2475333,
        "total" : 5611085
      },
      "partOfTotalContentLoadingTime" : {
        "part" : 199625,
        "total" : 786542
      },
      "totalNumberOfFiles" : 1,
      "totalFilesSize" : 2339,
      "totalProcessingSpeed" : {
        "totalBytes" : 2339,
        "totalCpuTime" : 2475333
      },
      "biggestContributors" : [ {
        "providerName" : "Refreshed files",
        "numberOfFiles" : 1,
        "totalFilesSize" : 2339,
        "partOfTotalProcessingTimeOfThisFileType" : {
          "part" : 2475333,
          "total" : 2475333
        }
      } ]
    } ],
    "totalStatsPerBaseLanguage" : [ {
      "language" : "yaml",
      "partOfTotalProcessingTime" : {
        "part" : 2475333,
        "total" : 5611085
      },
      "partOfTotalContentLoadingTime" : {
        "part" : 986167,
        "total" : 786542
      },
      "totalNumberOfFiles" : 1,
      "totalFilesSize" : 2339,
      "totalProcessingSpeed" : {
        "totalBytes" : 2339,
        "totalCpuTime" : 2475333
      }
    } ],
    "totalStatsPerIndexer" : [ {
      "indexId" : "yaml.keys.name",
      "partOfTotalIndexingTime" : {
        "part" : 559750,
        "total" : 1032916
      },
      "totalNumberOfFiles" : 1,
      "totalNumberOfFilesIndexedByExtensions" : 0,
      "totalFilesSize" : 2339,
      "indexValueChangerEvaluationSpeed" : {
        "totalBytes" : 2339,
        "totalCpuTime" : 559750
      }
    }, {
      "indexId" : "IdIndex",
      "partOfTotalIndexingTime" : {
        "part" : 241083,
        "total" : 1032916
      },
      "totalNumberOfFiles" : 1,
      "totalNumberOfFilesIndexedByExtensions" : 0,
      "totalFilesSize" : 2339,
      "indexValueChangerEvaluationSpeed" : {
        "totalBytes" : 2339,
        "totalCpuTime" : 241083
      }
    }, {
      "indexId" : "OpenapiSpecificationContentIndexer",
      "partOfTotalIndexingTime" : {
        "part" : 98083,
        "total" : 1032916
      },
      "totalNumberOfFiles" : 1,
      "totalNumberOfFilesIndexedByExtensions" : 0,
      "totalFilesSize" : 2339,
      "indexValueChangerEvaluationSpeed" : {
        "totalBytes" : 2339,
        "totalCpuTime" : 98083
      }
    }, {
      "indexId" : "docker.compose.services",
      "partOfTotalIndexingTime" : {
        "part" : 45917,
        "total" : 1032916
      },
      "totalNumberOfFiles" : 1,
      "totalNumberOfFilesIndexedByExtensions" : 0,
      "totalFilesSize" : 2339,
      "indexValueChangerEvaluationSpeed" : {
        "totalBytes" : 2339,
        "totalCpuTime" : 45917
      }
    }, {
      "indexId" : "Trigram.Index",
      "partOfTotalIndexingTime" : {
        "part" : 45375,
        "total" : 1032916
      },
      "totalNumberOfFiles" : 1,
      "totalNumberOfFilesIndexedByExtensions" : 0,
      "totalFilesSize" : 2339,
      "indexValueChangerEvaluationSpeed" : {
        "totalBytes" : 2339,
        "totalCpuTime" : 45375
      }
    }, {
      "indexId" : "SwReferencesIndex",
      "partOfTotalIndexingTime" : {
        "part" : 42708,
        "total" : 1032916
      },
      "totalNumberOfFiles" : 1,
      "totalNumberOfFilesIndexedByExtensions" : 0,
      "totalFilesSize" : 2339,
      "indexValueChangerEvaluationSpeed" : {
        "totalBytes" : 2339,
        "totalCpuTime" : 42708
      }
    } ],
    "statisticsOfChangedDuringIndexingFiles" : {
      "numberOfFiles" : 40,
      "retrievingTime" : 18834
    },
    "fileProviderStatistics" : [ {
      "providerName" : "Refreshed files",
      "totalNumberOfIndexedFiles" : 40,
      "totalNumberOfFilesFullyIndexedByExtensions" : 0,
      "totalNumberOfNothingToWriteFiles" : 0,
      "totalIndexingVisibleTime" : 3691625,
      "contentLoadingVisibleTime" : 517478,
      "numberOfTooLargeForIndexingFiles" : 0,
      "slowIndexedFiles" : [ ],
      "filesFullyIndexedByExtensions" : [ ],
      "separateApplyingIndexesVisibleTime" : 811706
    } ],
    "visibleTimeToAllThreadTimeRatio" : 0.6579164279279319
  }
}