{
  "appInfo" : {
    "build" : "233.13135.103",
    "buildDate" : "2023-12-20T05:05:00Z[UTC]",
    "productCode" : "IU",
    "generated" : "2024-02-04T15:30:55.705468Z",
    "os" : "macOS 14.3",
    "runtime" : "JetBrains s.r.o. 17.0.9 17.0.9+7-b1087.9"
  },
  "runtimeInfo" : {
    "maxMemory" : 2147483648,
    "numberOfProcessors" : 10,
    "maxNumberOfIndexingThreads" : 9,
    "maxSizeOfFileForIntelliSense" : 2560000,
    "maxSizeOfFileForContentLoading" : 20971520
  },
  "type" : "Scanning",
  "projectIndexingActivityHistory" : {
    "projectName" : "Steganography and Cryptography",
    "times" : {
      "scanningReason" : "changes in: \"Module 'Steganography_and_Cryptography.Steganography_and_Cryptography-task-build-classes-kotlin' (all roots)\", \"Module 'Steganography_and_Cryptography.Steganography_and_Cryptography-task-build-reports-tests' (all roots)\", \"Module 'Steganography_and_Cryptography.Steganography_and_Cryptography-task-build-test-results' (all roots)\", \"Module 'Steganography_and_Cryptography.Steganography_and_Cryptography-task-build-tmp' (all roots)\", \"Module 'Steganography_and_Cryptography.Steganography_and_Cryptography-task-build-classes-kotlin.main' (all roots)\", \"Module 'Steganography_and_Cryptography.Steganography_and_Cryptography-task-build-classes-kotlin.test' (all roots)\", \"Module 'Steganography_and_Cryptography.Steganography_and_Cryptography-task-build-reports-tests.main' (all roots)\", \"Module 'Steganography_and_Cryptography.Steganography_and_Cryptography-task-build-reports-tests.test' (all roots)\", \"Module 'Steganography_and_Cryptography.Steganography_and_Cryptography-task-build-test-results.main' (all roots)\", \"Module 'Steganography_and_Cryptography.Steganography_and_Cryptography-task-build-test-results.test' (all roots)\" and 21 iterators more",
      "scanningType" : "PARTIAL",
      "scanningId" : 6,
      "creatingIteratorsTime" : 1000,
      "concurrentHandlingWallTimeWithoutPauses" : 669563000,
      "concurrentHandlingWallTimeWithPauses" : 669563000,
      "concurrentHandlingSumOfThreadTimesWithPauses" : 1187796916,
      "concurrentIterationAndScannersApplicationSumOfThreadTimesWithPauses" : 72636413,
      "concurrentFileCheckSumOfThreadTimesWithPauses" : 1113644120,
      "delayedPushPropertiesStageTime" : 3000,
      "indexExtensionsTime" : 122663,
      "dumbWallTimeWithPauses" : 0,
      "dumbWallTimeWithoutPauses" : 0,
      "updatingStart" : "2024-02-04T15:30:55.034942Z",
      "updatingEnd" : "2024-02-04T15:30:55.705118Z",
      "totalWallTimeWithPauses" : 670178333,
      "wallTimeOnPause" : 23000,
      "wasInterrupted" : false,
      "totalWallTimeWithoutPauses" : 670155333
    },
    "fileCount" : {
      "numberOfFileProviders" : 31,
      "numberOfScannedFiles" : 54385,
      "numberOfFilesIndexedByInfrastructureExtensionsDuringScan" : 0,
      "numberOfFilesScheduledForIndexingAfterScan" : 13
    },
    "scanningStatistics" : [ {
      "providerName" : "JDK temurin-21 /Library/Java/JavaVirtualMachines/temurin-21.jdk/Contents/Home",
      "numberOfScannedFiles" : 44380,
      "numberOfSkippedFiles" : 0,
      "numberOfFilesForIndexing" : 0,
      "numberOfFilesFullyIndexedByInfrastructureExtensions" : 0,
      "filesFullyIndexedByInfrastructureExtensions" : [ ],
      "statusTime" : 614500835,
      "totalOneThreadTimeWithPauses" : 659852542,
      "iterationAndScannersApplicationTime" : 30337125,
      "filesCheckTime" : 629444708,
      "timeProcessingUpToDateFiles" : 275024695,
      "timeUpdatingContentLessIndexes" : 0,
      "timeIndexingWithoutContentViaInfrastructureExtension" : 0,
      "roots" : [ ]
    }, {
      "providerName" : "Library Gradle: org.assertj:assertj-core:3.17.2 (#1 class roots, #1 source roots)",
      "numberOfScannedFiles" : 3875,
      "numberOfSkippedFiles" : 0,
      "numberOfFilesForIndexing" : 0,
      "numberOfFilesFullyIndexedByInfrastructureExtensions" : 0,
      "filesFullyIndexedByInfrastructureExtensions" : [ ],
      "statusTime" : 83571343,
      "totalOneThreadTimeWithPauses" : 92041041,
      "iterationAndScannersApplicationTime" : 6271458,
      "filesCheckTime" : 85709958,
      "timeProcessingUpToDateFiles" : 29088481,
      "timeUpdatingContentLessIndexes" : 0,
      "timeIndexingWithoutContentViaInfrastructureExtension" : 0,
      "roots" : [ ]
    }, {
      "providerName" : "Library Gradle: org.apache.httpcomponents:httpclient:4.5.13 (#1 class roots, #1 source roots)",
      "numberOfScannedFiles" : 911,
      "numberOfSkippedFiles" : 0,
      "numberOfFilesForIndexing" : 0,
      "numberOfFilesFullyIndexedByInfrastructureExtensions" : 0,
      "filesFullyIndexedByInfrastructureExtensions" : [ ],
      "statusTime" : 55850549,
      "totalOneThreadTimeWithPauses" : 62294875,
      "iterationAndScannersApplicationTime" : 2273458,
      "filesCheckTime" : 59905583,
      "timeProcessingUpToDateFiles" : 10163776,
      "timeUpdatingContentLessIndexes" : 0,
      "timeIndexingWithoutContentViaInfrastructureExtension" : 0,
      "roots" : [ ]
    }, {
      "providerName" : "Library Gradle: org.assertj:assertj-swing:3.17.1 (#1 class roots, #1 source roots)",
      "numberOfScannedFiles" : 1101,
      "numberOfSkippedFiles" : 0,
      "numberOfFilesForIndexing" : 0,
      "numberOfFilesFullyIndexedByInfrastructureExtensions" : 0,
      "filesFullyIndexedByInfrastructureExtensions" : [ ],
      "statusTime" : 44957465,
      "totalOneThreadTimeWithPauses" : 53471208,
      "iterationAndScannersApplicationTime" : 6367875,
      "filesCheckTime" : 47039959,
      "timeProcessingUpToDateFiles" : 10965935,
      "timeUpdatingContentLessIndexes" : 0,
      "timeIndexingWithoutContentViaInfrastructureExtension" : 0,
      "roots" : [ ]
    }, {
      "providerName" : "Library Gradle: junit:junit:4.13.2 (#1 class roots, #1 source roots)",
      "numberOfScannedFiles" : 578,
      "numberOfSkippedFiles" : 0,
      "numberOfFilesForIndexing" : 0,
      "numberOfFilesFullyIndexedByInfrastructureExtensions" : 0,
      "filesFullyIndexedByInfrastructureExtensions" : [ ],
      "statusTime" : 42720829,
      "totalOneThreadTimeWithPauses" : 44203041,
      "iterationAndScannersApplicationTime" : 462666,
      "filesCheckTime" : 43727416,
      "timeProcessingUpToDateFiles" : 6086878,
      "timeUpdatingContentLessIndexes" : 0,
      "timeIndexingWithoutContentViaInfrastructureExtension" : 0,
      "roots" : [ ]
    }, {
      "providerName" : "Library Gradle: org.apache.httpcomponents:httpcore:4.4.13 (#1 class roots, #1 source roots)",
      "numberOfScannedFiles" : 523,
      "numberOfSkippedFiles" : 0,
      "numberOfFilesForIndexing" : 0,
      "numberOfFilesFullyIndexedByInfrastructureExtensions" : 0,
      "filesFullyIndexedByInfrastructureExtensions" : [ ],
      "statusTime" : 30731601,
      "totalOneThreadTimeWithPauses" : 42218584,
      "iterationAndScannersApplicationTime" : 507250,
      "filesCheckTime" : 41539583,
      "timeProcessingUpToDateFiles" : 4254835,
      "timeUpdatingContentLessIndexes" : 0,
      "timeIndexingWithoutContentViaInfrastructureExtension" : 0,
      "roots" : [ ]
    }, {
      "providerName" : "Library Gradle: org.jetbrains.kotlin:kotlin-stdlib:1.6.10 (#1 class roots, #1 source roots)",
      "numberOfScannedFiles" : 1061,
      "numberOfSkippedFiles" : 0,
      "numberOfFilesForIndexing" : 0,
      "numberOfFilesFullyIndexedByInfrastructureExtensions" : 0,
      "filesFullyIndexedByInfrastructureExtensions" : [ ],
      "statusTime" : 39916692,
      "totalOneThreadTimeWithPauses" : 41519791,
      "iterationAndScannersApplicationTime" : 363709,
      "filesCheckTime" : 41129041,
      "timeProcessingUpToDateFiles" : 14211394,
      "timeUpdatingContentLessIndexes" : 0,
      "timeIndexingWithoutContentViaInfrastructureExtension" : 0,
      "roots" : [ ]
    }, {
      "providerName" : "Library Gradle: commons-codec:commons-codec:1.11 (#1 class roots, #1 source roots)",
      "numberOfScannedFiles" : 432,
      "numberOfSkippedFiles" : 0,
      "numberOfFilesForIndexing" : 0,
      "numberOfFilesFullyIndexedByInfrastructureExtensions" : 0,
      "filesFullyIndexedByInfrastructureExtensions" : [ ],
      "statusTime" : 33923249,
      "totalOneThreadTimeWithPauses" : 34796917,
      "iterationAndScannersApplicationTime" : 249916,
      "filesCheckTime" : 34512125,
      "timeProcessingUpToDateFiles" : 13937037,
      "timeUpdatingContentLessIndexes" : 0,
      "timeIndexingWithoutContentViaInfrastructureExtension" : 0,
      "roots" : [ ]
    }, {
      "providerName" : "Library Gradle: com.google.code.gson:gson:2.8.9 (#1 class roots, #1 source roots)",
      "numberOfScannedFiles" : 279,
      "numberOfSkippedFiles" : 0,
      "numberOfFilesForIndexing" : 0,
      "numberOfFilesFullyIndexedByInfrastructureExtensions" : 0,
      "filesFullyIndexedByInfrastructureExtensions" : [ ],
      "statusTime" : 21961911,
      "totalOneThreadTimeWithPauses" : 23846625,
      "iterationAndScannersApplicationTime" : 199250,
      "filesCheckTime" : 23614541,
      "timeProcessingUpToDateFiles" : 12379565,
      "timeUpdatingContentLessIndexes" : 0,
      "timeIndexingWithoutContentViaInfrastructureExtension" : 0,
      "roots" : [ ]
    }, {
      "providerName" : "Library Gradle: org.jetbrains.kotlin:kotlin-stdlib-common:1.6.10 (#1 class roots, #1 source roots)",
      "numberOfScannedFiles" : 462,
      "numberOfSkippedFiles" : 0,
      "numberOfFilesForIndexing" : 0,
      "numberOfFilesFullyIndexedByInfrastructureExtensions" : 0,
      "filesFullyIndexedByInfrastructureExtensions" : [ ],
      "statusTime" : 21201738,
      "totalOneThreadTimeWithPauses" : 22340916,
      "iterationAndScannersApplicationTime" : 157625,
      "filesCheckTime" : 22095000,
      "timeProcessingUpToDateFiles" : 7146506,
      "timeUpdatingContentLessIndexes" : 0,
      "timeIndexingWithoutContentViaInfrastructureExtension" : 0,
      "roots" : [ ]
    }, {
      "providerName" : "Module 'Steganography_and_Cryptography.Steganography_and_Cryptography-task-build-reports-tests.test' (all roots)",
      "numberOfScannedFiles" : 6,
      "numberOfSkippedFiles" : 0,
      "numberOfFilesForIndexing" : 6,
      "numberOfFilesFullyIndexedByInfrastructureExtensions" : 0,
      "filesFullyIndexedByInfrastructureExtensions" : [ ],
      "statusTime" : 14300001,
      "totalOneThreadTimeWithPauses" : 20433417,
      "iterationAndScannersApplicationTime" : 3506416,
      "filesCheckTime" : 16902292,
      "timeProcessingUpToDateFiles" : 0,
      "timeUpdatingContentLessIndexes" : 894958,
      "timeIndexingWithoutContentViaInfrastructureExtension" : 65082,
      "roots" : [ ]
    }, {
      "providerName" : "Library Gradle: com.github.hyperskill:hs-test:release-SNAPSHOT (#1 class roots, #0 source roots)",
      "numberOfScannedFiles" : 163,
      "numberOfSkippedFiles" : 0,
      "numberOfFilesForIndexing" : 0,
      "numberOfFilesFullyIndexedByInfrastructureExtensions" : 0,
      "filesFullyIndexedByInfrastructureExtensions" : [ ],
      "statusTime" : 17182000,
      "totalOneThreadTimeWithPauses" : 19441791,
      "iterationAndScannersApplicationTime" : 419916,
      "filesCheckTime" : 19006208,
      "timeProcessingUpToDateFiles" : 12288260,
      "timeUpdatingContentLessIndexes" : 0,
      "timeIndexingWithoutContentViaInfrastructureExtension" : 0,
      "roots" : [ ]
    }, {
      "providerName" : "Library Gradle: commons-logging:commons-logging:1.2 (#1 class roots, #1 source roots)",
      "numberOfScannedFiles" : 53,
      "numberOfSkippedFiles" : 0,
      "numberOfFilesForIndexing" : 0,
      "numberOfFilesFullyIndexedByInfrastructureExtensions" : 0,
      "filesFullyIndexedByInfrastructureExtensions" : [ ],
      "statusTime" : 16003502,
      "totalOneThreadTimeWithPauses" : 16537709,
      "iterationAndScannersApplicationTime" : 46083,
      "filesCheckTime" : 16444667,
      "timeProcessingUpToDateFiles" : 1290759,
      "timeUpdatingContentLessIndexes" : 0,
      "timeIndexingWithoutContentViaInfrastructureExtension" : 0,
      "roots" : [ ]
    }, {
      "providerName" : "Library Gradle: org.assertj:assertj-swing-junit:3.17.1 (#1 class roots, #1 source roots)",
      "numberOfScannedFiles" : 223,
      "numberOfSkippedFiles" : 0,
      "numberOfFilesForIndexing" : 0,
      "numberOfFilesFullyIndexedByInfrastructureExtensions" : 0,
      "filesFullyIndexedByInfrastructureExtensions" : [ ],
      "statusTime" : 4399249,
      "totalOneThreadTimeWithPauses" : 8981500,
      "iterationAndScannersApplicationTime" : 3907333,
      "filesCheckTime" : 5027625,
      "timeProcessingUpToDateFiles" : 691577,
      "timeUpdatingContentLessIndexes" : 0,
      "timeIndexingWithoutContentViaInfrastructureExtension" : 0,
      "roots" : [ ]
    }, {
      "providerName" : "Library Gradle: org.easytesting:fest-reflect:1.4.1 (#1 class roots, #1 source roots)",
      "numberOfScannedFiles" : 89,
      "numberOfSkippedFiles" : 0,
      "numberOfFilesForIndexing" : 0,
      "numberOfFilesFullyIndexedByInfrastructureExtensions" : 0,
      "filesFullyIndexedByInfrastructureExtensions" : [ ],
      "statusTime" : 6188536,
      "totalOneThreadTimeWithPauses" : 6838583,
      "iterationAndScannersApplicationTime" : 138666,
      "filesCheckTime" : 6671000,
      "timeProcessingUpToDateFiles" : 690708,
      "timeUpdatingContentLessIndexes" : 0,
      "timeIndexingWithoutContentViaInfrastructureExtension" : 0,
      "roots" : [ ]
    }, {
      "providerName" : "Module 'Steganography_and_Cryptography.Steganography_and_Cryptography-task-build-classes-kotlin' (all roots)",
      "numberOfScannedFiles" : 3,
      "numberOfSkippedFiles" : 0,
      "numberOfFilesForIndexing" : 3,
      "numberOfFilesFullyIndexedByInfrastructureExtensions" : 0,
      "filesFullyIndexedByInfrastructureExtensions" : [ ],
      "statusTime" : 336999,
      "totalOneThreadTimeWithPauses" : 5896917,
      "iterationAndScannersApplicationTime" : 4474459,
      "filesCheckTime" : 1381541,
      "timeProcessingUpToDateFiles" : 0,
      "timeUpdatingContentLessIndexes" : 42751,
      "timeIndexingWithoutContentViaInfrastructureExtension" : 13539,
      "roots" : [ ]
    }, {
      "providerName" : "Module 'Steganography_and_Cryptography.Steganography_and_Cryptography-task-build-test-results.test' (all roots)",
      "numberOfScannedFiles" : 4,
      "numberOfSkippedFiles" : 0,
      "numberOfFilesForIndexing" : 1,
      "numberOfFilesFullyIndexedByInfrastructureExtensions" : 0,
      "filesFullyIndexedByInfrastructureExtensions" : [ ],
      "statusTime" : 887500,
      "totalOneThreadTimeWithPauses" : 5627292,
      "iterationAndScannersApplicationTime" : 816084,
      "filesCheckTime" : 4740750,
      "timeProcessingUpToDateFiles" : 0,
      "timeUpdatingContentLessIndexes" : 305456,
      "timeIndexingWithoutContentViaInfrastructureExtension" : 6043,
      "roots" : [ ]
    }, {
      "providerName" : "Module 'Steganography_and_Cryptography.Steganography_and_Cryptography-task-build-reports-tests' (all roots)",
      "numberOfScannedFiles" : 0,
      "numberOfSkippedFiles" : 0,
      "numberOfFilesForIndexing" : 0,
      "numberOfFilesFullyIndexedByInfrastructureExtensions" : 0,
      "filesFullyIndexedByInfrastructureExtensions" : [ ],
      "statusTime" : 0,
      "totalOneThreadTimeWithPauses" : 5233208,
      "iterationAndScannersApplicationTime" : 5108375,
      "filesCheckTime" : 111875,
      "timeProcessingUpToDateFiles" : 0,
      "timeUpdatingContentLessIndexes" : 0,
      "timeIndexingWithoutContentViaInfrastructureExtension" : 0,
      "roots" : [ ]
    }, {
      "providerName" : "Module 'Steganography_and_Cryptography.Steganography_and_Cryptography-task-build-tmp.test' (all roots)",
      "numberOfScannedFiles" : 2,
      "numberOfSkippedFiles" : 0,
      "numberOfFilesForIndexing" : 0,
      "numberOfFilesFullyIndexedByInfrastructureExtensions" : 0,
      "filesFullyIndexedByInfrastructureExtensions" : [ ],
      "statusTime" : 520166,
      "totalOneThreadTimeWithPauses" : 3379458,
      "iterationAndScannersApplicationTime" : 106125,
      "filesCheckTime" : 3261083,
      "timeProcessingUpToDateFiles" : 0,
      "timeUpdatingContentLessIndexes" : 99210,
      "timeIndexingWithoutContentViaInfrastructureExtension" : 0,
      "roots" : [ ]
    }, {
      "providerName" : "Module 'Steganography_and_Cryptography.Steganography_and_Cryptography-task-build-test-results' (all roots)",
      "numberOfScannedFiles" : 0,
      "numberOfSkippedFiles" : 0,
      "numberOfFilesForIndexing" : 0,
      "numberOfFilesFullyIndexedByInfrastructureExtensions" : 0,
      "filesFullyIndexedByInfrastructureExtensions" : [ ],
      "statusTime" : 0,
      "totalOneThreadTimeWithPauses" : 3277167,
      "iterationAndScannersApplicationTime" : 2466750,
      "filesCheckTime" : 725500,
      "timeProcessingUpToDateFiles" : 0,
      "timeUpdatingContentLessIndexes" : 0,
      "timeIndexingWithoutContentViaInfrastructureExtension" : 0,
      "roots" : [ ]
    }, {
      "providerName" : "Module 'Steganography_and_Cryptography.Steganography_and_Cryptography-task-build-classes-kotlin.test' (all roots)",
      "numberOfScannedFiles" : 3,
      "numberOfSkippedFiles" : 0,
      "numberOfFilesForIndexing" : 3,
      "numberOfFilesFullyIndexedByInfrastructureExtensions" : 0,
      "filesFullyIndexedByInfrastructureExtensions" : [ ],
      "statusTime" : 746083,
      "totalOneThreadTimeWithPauses" : 3204917,
      "iterationAndScannersApplicationTime" : 1438750,
      "filesCheckTime" : 1734417,
      "timeProcessingUpToDateFiles" : 0,
      "timeUpdatingContentLessIndexes" : 479166,
      "timeIndexingWithoutContentViaInfrastructureExtension" : 37999,
      "roots" : [ ]
    }, {
      "providerName" : "Library Gradle: org.hamcrest:hamcrest-core:1.3 (#1 class roots, #1 source roots)",
      "numberOfScannedFiles" : 88,
      "numberOfSkippedFiles" : 0,
      "numberOfFilesForIndexing" : 0,
      "numberOfFilesFullyIndexedByInfrastructureExtensions" : 0,
      "filesFullyIndexedByInfrastructureExtensions" : [ ],
      "statusTime" : 2872577,
      "totalOneThreadTimeWithPauses" : 3093000,
      "iterationAndScannersApplicationTime" : 43792,
      "filesCheckTime" : 3023083,
      "timeProcessingUpToDateFiles" : 667424,
      "timeUpdatingContentLessIndexes" : 0,
      "timeIndexingWithoutContentViaInfrastructureExtension" : 0,
      "roots" : [ ]
    }, {
      "providerName" : "Module 'Steganography_and_Cryptography.Steganography_and_Cryptography-task-build-tmp' (all roots)",
      "numberOfScannedFiles" : 0,
      "numberOfSkippedFiles" : 0,
      "numberOfFilesForIndexing" : 0,
      "numberOfFilesFullyIndexedByInfrastructureExtensions" : 0,
      "filesFullyIndexedByInfrastructureExtensions" : [ ],
      "statusTime" : 0,
      "totalOneThreadTimeWithPauses" : 2324834,
      "iterationAndScannersApplicationTime" : 2058667,
      "filesCheckTime" : 249541,
      "timeProcessingUpToDateFiles" : 0,
      "timeUpdatingContentLessIndexes" : 0,
      "timeIndexingWithoutContentViaInfrastructureExtension" : 0,
      "roots" : [ ]
    }, {
      "providerName" : "Library Gradle: org.jetbrains:annotations:13.0 (#1 class roots, #1 source roots)",
      "numberOfScannedFiles" : 52,
      "numberOfSkippedFiles" : 0,
      "numberOfFilesForIndexing" : 0,
      "numberOfFilesFullyIndexedByInfrastructureExtensions" : 0,
      "filesFullyIndexedByInfrastructureExtensions" : [ ],
      "statusTime" : 1725960,
      "totalOneThreadTimeWithPauses" : 2284083,
      "iterationAndScannersApplicationTime" : 43292,
      "filesCheckTime" : 2140750,
      "timeProcessingUpToDateFiles" : 436161,
      "timeUpdatingContentLessIndexes" : 0,
      "timeIndexingWithoutContentViaInfrastructureExtension" : 0,
      "roots" : [ ]
    }, {
      "providerName" : "Library Gradle: org.easytesting:fest-util:1.2.5 (#1 class roots, #1 source roots)",
      "numberOfScannedFiles" : 59,
      "numberOfSkippedFiles" : 0,
      "numberOfFilesForIndexing" : 0,
      "numberOfFilesFullyIndexedByInfrastructureExtensions" : 0,
      "filesFullyIndexedByInfrastructureExtensions" : [ ],
      "statusTime" : 1083292,
      "totalOneThreadTimeWithPauses" : 1269125,
      "iterationAndScannersApplicationTime" : 40875,
      "filesCheckTime" : 1211250,
      "timeProcessingUpToDateFiles" : 260454,
      "timeUpdatingContentLessIndexes" : 0,
      "timeIndexingWithoutContentViaInfrastructureExtension" : 0,
      "roots" : [ ]
    }, {
      "providerName" : "Library Gradle: org.jetbrains.kotlin:kotlin-stdlib-jdk7:1.6.10 (#1 class roots, #1 source roots)",
      "numberOfScannedFiles" : 16,
      "numberOfSkippedFiles" : 0,
      "numberOfFilesForIndexing" : 0,
      "numberOfFilesFullyIndexedByInfrastructureExtensions" : 0,
      "filesFullyIndexedByInfrastructureExtensions" : [ ],
      "statusTime" : 858959,
      "totalOneThreadTimeWithPauses" : 1131250,
      "iterationAndScannersApplicationTime" : 25791,
      "filesCheckTime" : 997625,
      "timeProcessingUpToDateFiles" : 327170,
      "timeUpdatingContentLessIndexes" : 0,
      "timeIndexingWithoutContentViaInfrastructureExtension" : 0,
      "roots" : [ ]
    }, {
      "providerName" : "Library Gradle: org.jetbrains.kotlin:kotlin-stdlib-jdk8:1.6.10 (#1 class roots, #1 source roots)",
      "numberOfScannedFiles" : 22,
      "numberOfSkippedFiles" : 0,
      "numberOfFilesForIndexing" : 0,
      "numberOfFilesFullyIndexedByInfrastructureExtensions" : 0,
      "filesFullyIndexedByInfrastructureExtensions" : [ ],
      "statusTime" : 607333,
      "totalOneThreadTimeWithPauses" : 907041,
      "iterationAndScannersApplicationTime" : 28791,
      "filesCheckTime" : 852208,
      "timeProcessingUpToDateFiles" : 234908,
      "timeUpdatingContentLessIndexes" : 0,
      "timeIndexingWithoutContentViaInfrastructureExtension" : 0,
      "roots" : [ ]
    }, {
      "providerName" : "Module 'Steganography_and_Cryptography.Steganography_and_Cryptography-task-build-classes-kotlin.main' (all roots)",
      "numberOfScannedFiles" : 0,
      "numberOfSkippedFiles" : 0,
      "numberOfFilesForIndexing" : 0,
      "numberOfFilesFullyIndexedByInfrastructureExtensions" : 0,
      "filesFullyIndexedByInfrastructureExtensions" : [ ],
      "statusTime" : 0,
      "totalOneThreadTimeWithPauses" : 585000,
      "iterationAndScannersApplicationTime" : 202666,
      "filesCheckTime" : 349500,
      "timeProcessingUpToDateFiles" : 0,
      "timeUpdatingContentLessIndexes" : 0,
      "timeIndexingWithoutContentViaInfrastructureExtension" : 0,
      "roots" : [ ]
    }, {
      "providerName" : "Module 'Steganography_and_Cryptography.Steganography_and_Cryptography-task-build-tmp.main' (all roots)",
      "numberOfScannedFiles" : 0,
      "numberOfSkippedFiles" : 0,
      "numberOfFilesForIndexing" : 0,
      "numberOfFilesFullyIndexedByInfrastructureExtensions" : 0,
      "filesFullyIndexedByInfrastructureExtensions" : [ ],
      "statusTime" : 0,
      "totalOneThreadTimeWithPauses" : 349792,
      "iterationAndScannersApplicationTime" : 276792,
      "filesCheckTime" : 30541,
      "timeProcessingUpToDateFiles" : 0,
      "timeUpdatingContentLessIndexes" : 0,
      "timeIndexingWithoutContentViaInfrastructureExtension" : 0,
      "roots" : [ ]
    }, {
      "providerName" : "Module 'Steganography_and_Cryptography.Steganography_and_Cryptography-task-build-reports-tests.main' (all roots)",
      "numberOfScannedFiles" : 0,
      "numberOfSkippedFiles" : 0,
      "numberOfFilesForIndexing" : 0,
      "numberOfFilesFullyIndexedByInfrastructureExtensions" : 0,
      "filesFullyIndexedByInfrastructureExtensions" : [ ],
      "statusTime" : 0,
      "totalOneThreadTimeWithPauses" : 290875,
      "iterationAndScannersApplicationTime" : 206416,
      "filesCheckTime" : 42417,
      "timeProcessingUpToDateFiles" : 0,
      "timeUpdatingContentLessIndexes" : 0,
      "timeIndexingWithoutContentViaInfrastructureExtension" : 0,
      "roots" : [ ]
    }, {
      "providerName" : "Module 'Steganography_and_Cryptography.Steganography_and_Cryptography-task-build-test-results.main' (all roots)",
      "numberOfScannedFiles" : 0,
      "numberOfSkippedFiles" : 0,
      "numberOfFilesForIndexing" : 0,
      "numberOfFilesFullyIndexedByInfrastructureExtensions" : 0,
      "filesFullyIndexedByInfrastructureExtensions" : [ ],
      "statusTime" : 0,
      "totalOneThreadTimeWithPauses" : 124417,
      "iterationAndScannersApplicationTime" : 90042,
      "filesCheckTime" : 22333,
      "timeProcessingUpToDateFiles" : 0,
      "timeUpdatingContentLessIndexes" : 0,
      "timeIndexingWithoutContentViaInfrastructureExtension" : 0,
      "roots" : [ ]
    } ]
  }
}