{
  "appInfo" : {
    "build" : "233.13135.103",
    "buildDate" : "2023-12-20T05:05:00Z[UTC]",
    "productCode" : "IU",
    "generated" : "2024-02-03T01:50:20.144167Z",
    "os" : "macOS 14.3",
    "runtime" : "JetBrains s.r.o. 17.0.9 17.0.9+7-b1087.9"
  },
  "runtimeInfo" : {
    "maxMemory" : 2147483648,
    "numberOfProcessors" : 10,
    "maxNumberOfIndexingThreads" : 9,
    "maxSizeOfFileForIntelliSense" : 2560000,
    "maxSizeOfFileForContentLoading" : 20971520
  },
  "type" : "DumbIndexing",
  "projectIndexingActivityHistory" : {
    "projectName" : "Steganography and Cryptography",
    "times" : {
      "scanningIds" : [ 9 ],
      "contentLoadingVisibleTime" : 525333,
      "retrievingChangedDuringIndexingFilesTime" : 32916,
      "separateApplyingIndexesVisibleTime" : 5767723,
      "updatingStart" : "2024-02-03T01:50:20.017793Z",
      "updatingEnd" : "2024-02-03T01:50:20.14397Z",
      "totalWallTimeWithPauses" : 126182375,
      "wallTimeOnPause" : 0,
      "wasInterrupted" : false,
      "dumbModeStart" : "2024-02-03T01:50:20.017793Z",
      "dumbWallTimeWithPauses" : 126182375,
      "dumbWallTimeWithoutPauses" : 126182375,
      "totalWallTimeWithoutPauses" : 126182375
    },
    "fileCount" : {
      "numberOfChangedDuringIndexingFiles" : 28,
      "numberOfFilesIndexedByInfrastructureExtensionsDuringIndexingStage" : 0,
      "numberOfFilesIndexedWithLoadingContent" : 50,
      "numberOfNothingToWriteFiles" : 28
    },
    "totalStatsPerFileType" : [ {
      "fileType" : "HTML",
      "partOfTotalProcessingTime" : {
        "part" : 179205211,
        "total" : 288681800
      },
      "partOfTotalContentLoadingTime" : {
        "part" : 227459,
        "total" : 1908922
      },
      "totalNumberOfFiles" : 4,
      "totalFilesSize" : 22986,
      "totalProcessingSpeed" : {
        "totalBytes" : 22986,
        "totalCpuTime" : 179205211
      },
      "biggestContributors" : [ {
        "providerName" : "Module 'Steganography_and_Cryptography' (all roots)",
        "numberOfFiles" : 4,
        "totalFilesSize" : 22986,
        "partOfTotalProcessingTimeOfThisFileType" : {
          "part" : 179205211,
          "total" : 179205211
        }
      } ]
    }, {
      "fileType" : "YAML",
      "partOfTotalProcessingTime" : {
        "part" : 22250713,
        "total" : 288681800
      },
      "partOfTotalContentLoadingTime" : {
        "part" : 265667,
        "total" : 1908922
      },
      "totalNumberOfFiles" : 11,
      "totalFilesSize" : 32540,
      "totalProcessingSpeed" : {
        "totalBytes" : 32540,
        "totalCpuTime" : 22250713
      },
      "biggestContributors" : [ {
        "providerName" : "Module 'Steganography_and_Cryptography' (all roots)",
        "numberOfFiles" : 11,
        "totalFilesSize" : 32540,
        "partOfTotalProcessingTimeOfThisFileType" : {
          "part" : 22250713,
          "total" : 22250713
        }
      } ]
    }, {
      "fileType" : "Shell Script",
      "partOfTotalProcessingTime" : {
        "part" : 21322292,
        "total" : 288681800
      },
      "partOfTotalContentLoadingTime" : {
        "part" : 49792,
        "total" : 1908922
      },
      "totalNumberOfFiles" : 1,
      "totalFilesSize" : 8692,
      "totalProcessingSpeed" : {
        "totalBytes" : 8692,
        "totalCpuTime" : 21322292
      },
      "biggestContributors" : [ {
        "providerName" : "Module 'Steganography_and_Cryptography' (all roots)",
        "numberOfFiles" : 1,
        "totalFilesSize" : 8692,
        "partOfTotalProcessingTimeOfThisFileType" : {
          "part" : 21322292,
          "total" : 21322292
        }
      } ]
    }, {
      "fileType" : "Properties",
      "partOfTotalProcessingTime" : {
        "part" : 21095584,
        "total" : 288681800
      },
      "partOfTotalContentLoadingTime" : {
        "part" : 458792,
        "total" : 1908922
      },
      "totalNumberOfFiles" : 1,
      "totalFilesSize" : 252,
      "totalProcessingSpeed" : {
        "totalBytes" : 252,
        "totalCpuTime" : 21095584
      },
      "biggestContributors" : [ {
        "providerName" : "Module 'Steganography_and_Cryptography' (all roots)",
        "numberOfFiles" : 1,
        "totalFilesSize" : 252,
        "partOfTotalProcessingTimeOfThisFileType" : {
          "part" : 21095584,
          "total" : 21095584
        }
      } ]
    }, {
      "fileType" : "Gradle",
      "partOfTotalProcessingTime" : {
        "part" : 19128832,
        "total" : 288681800
      },
      "partOfTotalContentLoadingTime" : {
        "part" : 71917,
        "total" : 1908922
      },
      "totalNumberOfFiles" : 2,
      "totalFilesSize" : 2980,
      "totalProcessingSpeed" : {
        "totalBytes" : 2980,
        "totalCpuTime" : 19128832
      },
      "biggestContributors" : [ {
        "providerName" : "Module 'Steganography_and_Cryptography' (all roots)",
        "numberOfFiles" : 2,
        "totalFilesSize" : 2980,
        "partOfTotalProcessingTimeOfThisFileType" : {
          "part" : 19128832,
          "total" : 19128832
        }
      } ]
    }, {
      "fileType" : "textmate",
      "partOfTotalProcessingTime" : {
        "part" : 14652167,
        "total" : 288681800
      },
      "partOfTotalContentLoadingTime" : {
        "part" : 112209,
        "total" : 1908922
      },
      "totalNumberOfFiles" : 1,
      "totalFilesSize" : 2868,
      "totalProcessingSpeed" : {
        "totalBytes" : 2868,
        "totalCpuTime" : 14652167
      },
      "biggestContributors" : [ {
        "providerName" : "Module 'Steganography_and_Cryptography' (all roots)",
        "numberOfFiles" : 1,
        "totalFilesSize" : 2868,
        "partOfTotalProcessingTimeOfThisFileType" : {
          "part" : 14652167,
          "total" : 14652167
        }
      } ]
    }, {
      "fileType" : "Kotlin",
      "partOfTotalProcessingTime" : {
        "part" : 8221707,
        "total" : 288681800
      },
      "partOfTotalContentLoadingTime" : {
        "part" : 117083,
        "total" : 1908922
      },
      "totalNumberOfFiles" : 2,
      "totalFilesSize" : 1666,
      "totalProcessingSpeed" : {
        "totalBytes" : 1666,
        "totalCpuTime" : 8221707
      },
      "biggestContributors" : [ {
        "providerName" : "Module 'Steganography_and_Cryptography.Steganography_and_Cryptography-task.test' (all roots)",
        "numberOfFiles" : 1,
        "totalFilesSize" : 1600,
        "partOfTotalProcessingTimeOfThisFileType" : {
          "part" : 4394917,
          "total" : 8221707
        }
      }, {
        "providerName" : "Module 'Steganography_and_Cryptography.Steganography_and_Cryptography-task.main' (all roots)",
        "numberOfFiles" : 1,
        "totalFilesSize" : 66,
        "partOfTotalProcessingTimeOfThisFileType" : {
          "part" : 3826790,
          "total" : 8221707
        }
      } ]
    }, {
      "fileType" : "XML",
      "partOfTotalProcessingTime" : {
        "part" : 1581252,
        "total" : 288681800
      },
      "partOfTotalContentLoadingTime" : {
        "part" : 379461,
        "total" : 1908922
      },
      "totalNumberOfFiles" : 24,
      "totalFilesSize" : 16798,
      "totalProcessingSpeed" : {
        "totalBytes" : 16798,
        "totalCpuTime" : 1581252
      },
      "biggestContributors" : [ {
        "providerName" : "Refreshed files",
        "numberOfFiles" : 24,
        "totalFilesSize" : 16798,
        "partOfTotalProcessingTimeOfThisFileType" : {
          "part" : 1581252,
          "total" : 1581252
        }
      } ]
    }, {
      "fileType" : "IDEA_MODULE",
      "partOfTotalProcessingTime" : {
        "part" : 1224042,
        "total" : 288681800
      },
      "partOfTotalContentLoadingTime" : {
        "part" : 226542,
        "total" : 1908922
      },
      "totalNumberOfFiles" : 4,
      "totalFilesSize" : 11949,
      "totalProcessingSpeed" : {
        "totalBytes" : 11949,
        "totalCpuTime" : 1224042
      },
      "biggestContributors" : [ {
        "providerName" : "Refreshed files",
        "numberOfFiles" : 4,
        "totalFilesSize" : 11949,
        "partOfTotalProcessingTimeOfThisFileType" : {
          "part" : 1224042,
          "total" : 1224042
        }
      } ]
    } ],
    "totalStatsPerBaseLanguage" : [ {
      "language" : "XML",
      "partOfTotalProcessingTime" : {
        "part" : 180786463,
        "total" : 288681800
      },
      "partOfTotalContentLoadingTime" : {
        "part" : 2136381,
        "total" : 1908922
      },
      "totalNumberOfFiles" : 28,
      "totalFilesSize" : 39784,
      "totalProcessingSpeed" : {
        "totalBytes" : 39784,
        "totalCpuTime" : 180786463
      }
    }, {
      "language" : "HTML",
      "partOfTotalProcessingTime" : {
        "part" : 179205211,
        "total" : 288681800
      },
      "partOfTotalContentLoadingTime" : {
        "part" : 2136381,
        "total" : 1908922
      },
      "totalNumberOfFiles" : 4,
      "totalFilesSize" : 22986,
      "totalProcessingSpeed" : {
        "totalBytes" : 22986,
        "totalCpuTime" : 179205211
      }
    }, {
      "language" : "yaml",
      "partOfTotalProcessingTime" : {
        "part" : 22250713,
        "total" : 288681800
      },
      "partOfTotalContentLoadingTime" : {
        "part" : 2174589,
        "total" : 1908922
      },
      "totalNumberOfFiles" : 11,
      "totalFilesSize" : 32540,
      "totalProcessingSpeed" : {
        "totalBytes" : 32540,
        "totalCpuTime" : 22250713
      }
    }, {
      "language" : "Shell Script",
      "partOfTotalProcessingTime" : {
        "part" : 21322292,
        "total" : 288681800
      },
      "partOfTotalContentLoadingTime" : {
        "part" : 1958714,
        "total" : 1908922
      },
      "totalNumberOfFiles" : 1,
      "totalFilesSize" : 8692,
      "totalProcessingSpeed" : {
        "totalBytes" : 8692,
        "totalCpuTime" : 21322292
      }
    }, {
      "language" : "Properties",
      "partOfTotalProcessingTime" : {
        "part" : 21095584,
        "total" : 288681800
      },
      "partOfTotalContentLoadingTime" : {
        "part" : 2367714,
        "total" : 1908922
      },
      "totalNumberOfFiles" : 1,
      "totalFilesSize" : 252,
      "totalProcessingSpeed" : {
        "totalBytes" : 252,
        "totalCpuTime" : 21095584
      }
    }, {
      "language" : "Groovy",
      "partOfTotalProcessingTime" : {
        "part" : 19128832,
        "total" : 288681800
      },
      "partOfTotalContentLoadingTime" : {
        "part" : 1980839,
        "total" : 1908922
      },
      "totalNumberOfFiles" : 2,
      "totalFilesSize" : 2980,
      "totalProcessingSpeed" : {
        "totalBytes" : 2980,
        "totalCpuTime" : 19128832
      }
    }, {
      "language" : "textmate",
      "partOfTotalProcessingTime" : {
        "part" : 14652167,
        "total" : 288681800
      },
      "partOfTotalContentLoadingTime" : {
        "part" : 2021131,
        "total" : 1908922
      },
      "totalNumberOfFiles" : 1,
      "totalFilesSize" : 2868,
      "totalProcessingSpeed" : {
        "totalBytes" : 2868,
        "totalCpuTime" : 14652167
      }
    }, {
      "language" : "kotlin",
      "partOfTotalProcessingTime" : {
        "part" : 8221707,
        "total" : 288681800
      },
      "partOfTotalContentLoadingTime" : {
        "part" : 2026005,
        "total" : 1908922
      },
      "totalNumberOfFiles" : 2,
      "totalFilesSize" : 1666,
      "totalProcessingSpeed" : {
        "totalBytes" : 1666,
        "totalCpuTime" : 8221707
      }
    } ],
    "totalStatsPerIndexer" : [ {
      "indexId" : "IdIndex",
      "partOfTotalIndexingTime" : {
        "part" : 192522290,
        "total" : 256056575
      },
      "totalNumberOfFiles" : 22,
      "totalNumberOfFilesIndexedByExtensions" : 0,
      "totalFilesSize" : 71984,
      "indexValueChangerEvaluationSpeed" : {
        "totalBytes" : 71984,
        "totalCpuTime" : 192522290
      }
    }, {
      "indexId" : "Stubs",
      "partOfTotalIndexingTime" : {
        "part" : 21762083,
        "total" : 256056575
      },
      "totalNumberOfFiles" : 9,
      "totalNumberOfFilesIndexedByExtensions" : 0,
      "totalFilesSize" : 27884,
      "indexValueChangerEvaluationSpeed" : {
        "totalBytes" : 27884,
        "totalCpuTime" : 21762083
      }
    }, {
      "indexId" : "js.implicit.elements.index",
      "partOfTotalIndexingTime" : {
        "part" : 10344374,
        "total" : 256056575
      },
      "totalNumberOfFiles" : 4,
      "totalNumberOfFilesIndexedByExtensions" : 0,
      "totalFilesSize" : 22986,
      "indexValueChangerEvaluationSpeed" : {
        "totalBytes" : 22986,
        "totalCpuTime" : 10344374
      }
    }, {
      "indexId" : "html5.custom.attributes.index",
      "partOfTotalIndexingTime" : {
        "part" : 6053083,
        "total" : 256056575
      },
      "totalNumberOfFiles" : 4,
      "totalNumberOfFilesIndexedByExtensions" : 0,
      "totalFilesSize" : 22986,
      "indexValueChangerEvaluationSpeed" : {
        "totalBytes" : 22986,
        "totalCpuTime" : 6053083
      }
    }, {
      "indexId" : "yaml.keys.name",
      "partOfTotalIndexingTime" : {
        "part" : 5461499,
        "total" : 256056575
      },
      "totalNumberOfFiles" : 11,
      "totalNumberOfFilesIndexedByExtensions" : 0,
      "totalFilesSize" : 32540,
      "indexValueChangerEvaluationSpeed" : {
        "totalBytes" : 32540,
        "totalCpuTime" : 5461499
      }
    }, {
      "indexId" : "CssIndex",
      "partOfTotalIndexingTime" : {
        "part" : 5146875,
        "total" : 256056575
      },
      "totalNumberOfFiles" : 4,
      "totalNumberOfFilesIndexedByExtensions" : 0,
      "totalFilesSize" : 22986,
      "indexValueChangerEvaluationSpeed" : {
        "totalBytes" : 22986,
        "totalCpuTime" : 5146875
      }
    }, {
      "indexId" : "Trigram.Index",
      "partOfTotalIndexingTime" : {
        "part" : 2354582,
        "total" : 256056575
      },
      "totalNumberOfFiles" : 22,
      "totalNumberOfFilesIndexedByExtensions" : 0,
      "totalFilesSize" : 71984,
      "indexValueChangerEvaluationSpeed" : {
        "totalBytes" : 71984,
        "totalCpuTime" : 2354582
      }
    }, {
      "indexId" : "SwReferencesIndex",
      "partOfTotalIndexingTime" : {
        "part" : 1824126,
        "total" : 256056575
      },
      "totalNumberOfFiles" : 11,
      "totalNumberOfFilesIndexedByExtensions" : 0,
      "totalFilesSize" : 32540,
      "indexValueChangerEvaluationSpeed" : {
        "totalBytes" : 32540,
        "totalCpuTime" : 1824126
      }
    }, {
      "indexId" : "OpenapiSpecificationContentIndexer",
      "partOfTotalIndexingTime" : {
        "part" : 1762958,
        "total" : 256056575
      },
      "totalNumberOfFiles" : 11,
      "totalNumberOfFilesIndexedByExtensions" : 0,
      "totalFilesSize" : 32540,
      "indexValueChangerEvaluationSpeed" : {
        "totalBytes" : 32540,
        "totalCpuTime" : 1762958
      }
    }, {
      "indexId" : "org.jetbrains.kotlin.idea.vfilefinder.KotlinShortClassNameFileIndex",
      "partOfTotalIndexingTime" : {
        "part" : 1442874,
        "total" : 256056575
      },
      "totalNumberOfFiles" : 2,
      "totalNumberOfFilesIndexedByExtensions" : 0,
      "totalFilesSize" : 1666,
      "indexValueChangerEvaluationSpeed" : {
        "totalBytes" : 1666,
        "totalCpuTime" : 1442874
      }
    }, {
      "indexId" : "fileIncludes",
      "partOfTotalIndexingTime" : {
        "part" : 1317917,
        "total" : 256056575
      },
      "totalNumberOfFiles" : 4,
      "totalNumberOfFilesIndexedByExtensions" : 0,
      "totalFilesSize" : 22986,
      "indexValueChangerEvaluationSpeed" : {
        "totalBytes" : 22986,
        "totalCpuTime" : 1317917
      }
    }, {
      "indexId" : "css.template.selectors",
      "partOfTotalIndexingTime" : {
        "part" : 1080291,
        "total" : 256056575
      },
      "totalNumberOfFiles" : 4,
      "totalNumberOfFilesIndexedByExtensions" : 0,
      "totalFilesSize" : 22986,
      "indexValueChangerEvaluationSpeed" : {
        "totalBytes" : 22986,
        "totalCpuTime" : 1080291
      }
    }, {
      "indexId" : "org.jetbrains.kotlin.idea.base.indices.names.KotlinTopLevelCallableByPackageShortNameIndex",
      "partOfTotalIndexingTime" : {
        "part" : 776708,
        "total" : 256056575
      },
      "totalNumberOfFiles" : 2,
      "totalNumberOfFilesIndexedByExtensions" : 0,
      "totalFilesSize" : 1666,
      "indexValueChangerEvaluationSpeed" : {
        "totalBytes" : 1666,
        "totalCpuTime" : 776708
      }
    }, {
      "indexId" : "WebComponentsIndex",
      "partOfTotalIndexingTime" : {
        "part" : 628333,
        "total" : 256056575
      },
      "totalNumberOfFiles" : 4,
      "totalNumberOfFilesIndexedByExtensions" : 0,
      "totalFilesSize" : 22986,
      "indexValueChangerEvaluationSpeed" : {
        "totalBytes" : 22986,
        "totalCpuTime" : 628333
      }
    }, {
      "indexId" : "angularjs.template.cache",
      "partOfTotalIndexingTime" : {
        "part" : 613250,
        "total" : 256056575
      },
      "totalNumberOfFiles" : 4,
      "totalNumberOfFilesIndexedByExtensions" : 0,
      "totalFilesSize" : 22986,
      "indexValueChangerEvaluationSpeed" : {
        "totalBytes" : 22986,
        "totalCpuTime" : 613250
      }
    }, {
      "indexId" : "HtmlTagIdIndex",
      "partOfTotalIndexingTime" : {
        "part" : 597084,
        "total" : 256056575
      },
      "totalNumberOfFiles" : 4,
      "totalNumberOfFilesIndexedByExtensions" : 0,
      "totalFilesSize" : 22986,
      "indexValueChangerEvaluationSpeed" : {
        "totalBytes" : 22986,
        "totalCpuTime" : 597084
      }
    }, {
      "indexId" : "angularjs.ui.router.views.index",
      "partOfTotalIndexingTime" : {
        "part" : 537126,
        "total" : 256056575
      },
      "totalNumberOfFiles" : 4,
      "totalNumberOfFilesIndexedByExtensions" : 0,
      "totalFilesSize" : 22986,
      "indexValueChangerEvaluationSpeed" : {
        "totalBytes" : 22986,
        "totalCpuTime" : 537126
      }
    }, {
      "indexId" : "angularjs.app.index",
      "partOfTotalIndexingTime" : {
        "part" : 508041,
        "total" : 256056575
      },
      "totalNumberOfFiles" : 4,
      "totalNumberOfFilesIndexedByExtensions" : 0,
      "totalFilesSize" : 22986,
      "indexValueChangerEvaluationSpeed" : {
        "totalBytes" : 22986,
        "totalCpuTime" : 508041
      }
    }, {
      "indexId" : "HtmlScriptSrcIndex",
      "partOfTotalIndexingTime" : {
        "part" : 487416,
        "total" : 256056575
      },
      "totalNumberOfFiles" : 4,
      "totalNumberOfFilesIndexedByExtensions" : 0,
      "totalFilesSize" : 22986,
      "indexValueChangerEvaluationSpeed" : {
        "totalBytes" : 22986,
        "totalCpuTime" : 487416
      }
    }, {
      "indexId" : "org.jetbrains.kotlin.idea.vfilefinder.KotlinPartialPackageNamesIndex",
      "partOfTotalIndexingTime" : {
        "part" : 325666,
        "total" : 256056575
      },
      "totalNumberOfFiles" : 2,
      "totalNumberOfFilesIndexedByExtensions" : 0,
      "totalFilesSize" : 1666,
      "indexValueChangerEvaluationSpeed" : {
        "totalBytes" : 1666,
        "totalCpuTime" : 325666
      }
    }, {
      "indexId" : "docker.compose.services",
      "partOfTotalIndexingTime" : {
        "part" : 324167,
        "total" : 256056575
      },
      "totalNumberOfFiles" : 11,
      "totalNumberOfFilesIndexedByExtensions" : 0,
      "totalFilesSize" : 32540,
      "indexValueChangerEvaluationSpeed" : {
        "totalBytes" : 32540,
        "totalCpuTime" : 324167
      }
    }, {
      "indexId" : "HashFragmentIndex",
      "partOfTotalIndexingTime" : {
        "part" : 80875,
        "total" : 256056575
      },
      "totalNumberOfFiles" : 1,
      "totalNumberOfFilesIndexedByExtensions" : 0,
      "totalFilesSize" : 66,
      "indexValueChangerEvaluationSpeed" : {
        "totalBytes" : 66,
        "totalCpuTime" : 80875
      }
    }, {
      "indexId" : "org.jetbrains.kotlin.idea.base.indices.names.KotlinTopLevelClassLikeDeclarationByPackageShortNameIndex",
      "partOfTotalIndexingTime" : {
        "part" : 57333,
        "total" : 256056575
      },
      "totalNumberOfFiles" : 2,
      "totalNumberOfFilesIndexedByExtensions" : 0,
      "totalFilesSize" : 1666,
      "indexValueChangerEvaluationSpeed" : {
        "totalBytes" : 1666,
        "totalCpuTime" : 57333
      }
    }, {
      "indexId" : "org.jetbrains.kotlin.idea.vfilefinder.KotlinPackageSourcesMemberNamesIndex",
      "partOfTotalIndexingTime" : {
        "part" : 28249,
        "total" : 256056575
      },
      "totalNumberOfFiles" : 2,
      "totalNumberOfFilesIndexedByExtensions" : 0,
      "totalFilesSize" : 1666,
      "indexValueChangerEvaluationSpeed" : {
        "totalBytes" : 1666,
        "totalCpuTime" : 28249
      }
    }, {
      "indexId" : "js.custom.single.entry.index",
      "partOfTotalIndexingTime" : {
        "part" : 19375,
        "total" : 256056575
      },
      "totalNumberOfFiles" : 4,
      "totalNumberOfFilesIndexedByExtensions" : 0,
      "totalFilesSize" : 22986,
      "indexValueChangerEvaluationSpeed" : {
        "totalBytes" : 22986,
        "totalCpuTime" : 19375
      }
    } ],
    "statisticsOfChangedDuringIndexingFiles" : {
      "numberOfFiles" : 28,
      "retrievingTime" : 32916
    },
    "fileProviderStatistics" : [ {
      "providerName" : "Module 'Steganography_and_Cryptography' (all roots)",
      "totalNumberOfIndexedFiles" : 20,
      "totalNumberOfFilesFullyIndexedByExtensions" : 0,
      "totalNumberOfNothingToWriteFiles" : 0,
      "totalIndexingVisibleTime" : 72688032,
      "contentLoadingVisibleTime" : 310443,
      "numberOfTooLargeForIndexingFiles" : 0,
      "slowIndexedFiles" : [ ],
      "filesFullyIndexedByExtensions" : [ ],
      "separateApplyingIndexesVisibleTime" : 5038095
    }, {
      "providerName" : "Module 'Steganography_and_Cryptography.Steganography_and_Cryptography-task.test' (all roots)",
      "totalNumberOfIndexedFiles" : 1,
      "totalNumberOfFilesFullyIndexedByExtensions" : 0,
      "totalNumberOfNothingToWriteFiles" : 0,
      "totalIndexingVisibleTime" : 1150557,
      "contentLoadingVisibleTime" : 13351,
      "numberOfTooLargeForIndexingFiles" : 0,
      "slowIndexedFiles" : [ ],
      "filesFullyIndexedByExtensions" : [ ],
      "separateApplyingIndexesVisibleTime" : 197522
    }, {
      "providerName" : "Module 'Steganography_and_Cryptography.Steganography_and_Cryptography-task.main' (all roots)",
      "totalNumberOfIndexedFiles" : 1,
      "totalNumberOfFilesFullyIndexedByExtensions" : 0,
      "totalNumberOfNothingToWriteFiles" : 0,
      "totalIndexingVisibleTime" : 1001826,
      "contentLoadingVisibleTime" : 17300,
      "numberOfTooLargeForIndexingFiles" : 0,
      "slowIndexedFiles" : [ ],
      "filesFullyIndexedByExtensions" : [ ],
      "separateApplyingIndexesVisibleTime" : 514018
    }, {
      "providerName" : "Refreshed files",
      "totalNumberOfIndexedFiles" : 28,
      "totalNumberOfFilesFullyIndexedByExtensions" : 0,
      "totalNumberOfNothingToWriteFiles" : 28,
      "totalIndexingVisibleTime" : 852874,
      "contentLoadingVisibleTime" : 184239,
      "numberOfTooLargeForIndexingFiles" : 0,
      "slowIndexedFiles" : [ ],
      "filesFullyIndexedByExtensions" : [ ],
      "separateApplyingIndexesVisibleTime" : 18088
    } ],
    "visibleTimeToAllThreadTimeRatio" : 0.3040233929135413
  }
}