{
  "appInfo" : {
    "build" : "233.13135.103",
    "buildDate" : "2023-12-20T05:05:00Z[UTC]",
    "productCode" : "IU",
    "generated" : "2024-02-04T15:30:55.786422Z",
    "os" : "macOS 14.3",
    "runtime" : "JetBrains s.r.o. 17.0.9 17.0.9+7-b1087.9"
  },
  "runtimeInfo" : {
    "maxMemory" : 2147483648,
    "numberOfProcessors" : 10,
    "maxNumberOfIndexingThreads" : 9,
    "maxSizeOfFileForIntelliSense" : 2560000,
    "maxSizeOfFileForContentLoading" : 20971520
  },
  "type" : "DumbIndexing",
  "projectIndexingActivityHistory" : {
    "projectName" : "Steganography and Cryptography",
    "times" : {
      "scanningIds" : [ 6 ],
      "contentLoadingVisibleTime" : 703681,
      "retrievingChangedDuringIndexingFilesTime" : 10167,
      "separateApplyingIndexesVisibleTime" : 2561299,
      "updatingStart" : "2024-02-04T15:30:55.708032Z",
      "updatingEnd" : "2024-02-04T15:30:55.786215Z",
      "totalWallTimeWithPauses" : 78184333,
      "wallTimeOnPause" : 0,
      "wasInterrupted" : false,
      "dumbModeStart" : "2024-02-04T15:30:55.708032Z",
      "dumbWallTimeWithPauses" : 78184333,
      "dumbWallTimeWithoutPauses" : 78184333,
      "totalWallTimeWithoutPauses" : 78184333
    },
    "fileCount" : {
      "numberOfChangedDuringIndexingFiles" : 0,
      "numberOfFilesIndexedByInfrastructureExtensionsDuringIndexingStage" : 0,
      "numberOfFilesIndexedWithLoadingContent" : 13,
      "numberOfNothingToWriteFiles" : 6
    },
    "totalStatsPerFileType" : [ {
      "fileType" : "CLASS",
      "partOfTotalProcessingTime" : {
        "part" : 70171334,
        "total" : 111918043
      },
      "partOfTotalContentLoadingTime" : {
        "part" : 1212625,
        "total" : 2551416
      },
      "totalNumberOfFiles" : 4,
      "totalFilesSize" : 13756,
      "totalProcessingSpeed" : {
        "totalBytes" : 13756,
        "totalCpuTime" : 70171334
      },
      "biggestContributors" : [ {
        "providerName" : "Module 'Steganography_and_Cryptography.Steganography_and_Cryptography-task-build-classes-kotlin' (all roots)",
        "numberOfFiles" : 2,
        "totalFilesSize" : 4927,
        "partOfTotalProcessingTimeOfThisFileType" : {
          "part" : 48095458,
          "total" : 70171334
        }
      }, {
        "providerName" : "Module 'Steganography_and_Cryptography.Steganography_and_Cryptography-task-build-classes-kotlin.test' (all roots)",
        "numberOfFiles" : 2,
        "totalFilesSize" : 8829,
        "partOfTotalProcessingTimeOfThisFileType" : {
          "part" : 22075876,
          "total" : 70171334
        }
      } ]
    }, {
      "fileType" : "kotlin_module",
      "partOfTotalProcessingTime" : {
        "part" : 21616708,
        "total" : 111918043
      },
      "partOfTotalContentLoadingTime" : {
        "part" : 626500,
        "total" : 2551416
      },
      "totalNumberOfFiles" : 2,
      "totalFilesSize" : 72,
      "totalProcessingSpeed" : {
        "totalBytes" : 72,
        "totalCpuTime" : 21616708
      },
      "biggestContributors" : [ {
        "providerName" : "Module 'Steganography_and_Cryptography.Steganography_and_Cryptography-task-build-classes-kotlin' (all roots)",
        "numberOfFiles" : 1,
        "totalFilesSize" : 48,
        "partOfTotalProcessingTimeOfThisFileType" : {
          "part" : 11081665,
          "total" : 21616708
        }
      }, {
        "providerName" : "Module 'Steganography_and_Cryptography.Steganography_and_Cryptography-task-build-classes-kotlin.test' (all roots)",
        "numberOfFiles" : 1,
        "totalFilesSize" : 24,
        "partOfTotalProcessingTimeOfThisFileType" : {
          "part" : 10535043,
          "total" : 21616708
        }
      } ]
    }, {
      "fileType" : "XML",
      "partOfTotalProcessingTime" : {
        "part" : 15826208,
        "total" : 111918043
      },
      "partOfTotalContentLoadingTime" : {
        "part" : 265250,
        "total" : 2551416
      },
      "totalNumberOfFiles" : 1,
      "totalFilesSize" : 5370,
      "totalProcessingSpeed" : {
        "totalBytes" : 5370,
        "totalCpuTime" : 15826208
      },
      "biggestContributors" : [ {
        "providerName" : "Module 'Steganography_and_Cryptography.Steganography_and_Cryptography-task-build-test-results.test' (all roots)",
        "numberOfFiles" : 1,
        "totalFilesSize" : 5370,
        "partOfTotalProcessingTimeOfThisFileType" : {
          "part" : 15826208,
          "total" : 15826208
        }
      } ]
    }, {
      "fileType" : "HTML",
      "partOfTotalProcessingTime" : {
        "part" : 1672085,
        "total" : 111918043
      },
      "partOfTotalContentLoadingTime" : {
        "part" : 252041,
        "total" : 2551416
      },
      "totalNumberOfFiles" : 3,
      "totalFilesSize" : 11641,
      "totalProcessingSpeed" : {
        "totalBytes" : 11641,
        "totalCpuTime" : 1672085
      },
      "biggestContributors" : [ {
        "providerName" : "Module 'Steganography_and_Cryptography.Steganography_and_Cryptography-task-build-reports-tests.test' (all roots)",
        "numberOfFiles" : 3,
        "totalFilesSize" : 11641,
        "partOfTotalProcessingTimeOfThisFileType" : {
          "part" : 1672085,
          "total" : 1672085
        }
      } ]
    }, {
      "fileType" : "CSS",
      "partOfTotalProcessingTime" : {
        "part" : 1640792,
        "total" : 111918043
      },
      "partOfTotalContentLoadingTime" : {
        "part" : 149917,
        "total" : 2551416
      },
      "totalNumberOfFiles" : 2,
      "totalFilesSize" : 3780,
      "totalProcessingSpeed" : {
        "totalBytes" : 3780,
        "totalCpuTime" : 1640792
      },
      "biggestContributors" : [ {
        "providerName" : "Module 'Steganography_and_Cryptography.Steganography_and_Cryptography-task-build-reports-tests.test' (all roots)",
        "numberOfFiles" : 2,
        "totalFilesSize" : 3780,
        "partOfTotalProcessingTimeOfThisFileType" : {
          "part" : 1640792,
          "total" : 1640792
        }
      } ]
    }, {
      "fileType" : "JavaScript",
      "partOfTotalProcessingTime" : {
        "part" : 990916,
        "total" : 111918043
      },
      "partOfTotalContentLoadingTime" : {
        "part" : 45083,
        "total" : 2551416
      },
      "totalNumberOfFiles" : 1,
      "totalFilesSize" : 5252,
      "totalProcessingSpeed" : {
        "totalBytes" : 5252,
        "totalCpuTime" : 990916
      },
      "biggestContributors" : [ {
        "providerName" : "Module 'Steganography_and_Cryptography.Steganography_and_Cryptography-task-build-reports-tests.test' (all roots)",
        "numberOfFiles" : 1,
        "totalFilesSize" : 5252,
        "partOfTotalProcessingTimeOfThisFileType" : {
          "part" : 990916,
          "total" : 990916
        }
      } ]
    } ],
    "totalStatsPerBaseLanguage" : [ {
      "language" : "XML",
      "partOfTotalProcessingTime" : {
        "part" : 17498293,
        "total" : 111918043
      },
      "partOfTotalContentLoadingTime" : {
        "part" : 2803457,
        "total" : 2551416
      },
      "totalNumberOfFiles" : 4,
      "totalFilesSize" : 17011,
      "totalProcessingSpeed" : {
        "totalBytes" : 17011,
        "totalCpuTime" : 17498293
      }
    }, {
      "language" : "HTML",
      "partOfTotalProcessingTime" : {
        "part" : 1672085,
        "total" : 111918043
      },
      "partOfTotalContentLoadingTime" : {
        "part" : 2803457,
        "total" : 2551416
      },
      "totalNumberOfFiles" : 3,
      "totalFilesSize" : 11641,
      "totalProcessingSpeed" : {
        "totalBytes" : 11641,
        "totalCpuTime" : 1672085
      }
    }, {
      "language" : "CSS",
      "partOfTotalProcessingTime" : {
        "part" : 1640792,
        "total" : 111918043
      },
      "partOfTotalContentLoadingTime" : {
        "part" : 2701333,
        "total" : 2551416
      },
      "totalNumberOfFiles" : 2,
      "totalFilesSize" : 3780,
      "totalProcessingSpeed" : {
        "totalBytes" : 3780,
        "totalCpuTime" : 1640792
      }
    }, {
      "language" : "JavaScript",
      "partOfTotalProcessingTime" : {
        "part" : 990916,
        "total" : 111918043
      },
      "partOfTotalContentLoadingTime" : {
        "part" : 2596499,
        "total" : 2551416
      },
      "totalNumberOfFiles" : 1,
      "totalFilesSize" : 5252,
      "totalProcessingSpeed" : {
        "totalBytes" : 5252,
        "totalCpuTime" : 990916
      }
    } ],
    "totalStatsPerIndexer" : [ {
      "indexId" : "Stubs",
      "partOfTotalIndexingTime" : {
        "part" : 60091084,
        "total" : 95328292
      },
      "totalNumberOfFiles" : 5,
      "totalNumberOfFilesIndexedByExtensions" : 0,
      "totalFilesSize" : 19126,
      "indexValueChangerEvaluationSpeed" : {
        "totalBytes" : 19126,
        "totalCpuTime" : 60091084
      }
    }, {
      "indexId" : "org.jetbrains.kotlin.idea.vfilefinder.KotlinModuleMappingIndex",
      "partOfTotalIndexingTime" : {
        "part" : 19374917,
        "total" : 95328292
      },
      "totalNumberOfFiles" : 2,
      "totalNumberOfFilesIndexedByExtensions" : 0,
      "totalFilesSize" : 72,
      "indexValueChangerEvaluationSpeed" : {
        "totalBytes" : 72,
        "totalCpuTime" : 19374917
      }
    }, {
      "indexId" : "IdIndex",
      "partOfTotalIndexingTime" : {
        "part" : 10587167,
        "total" : 95328292
      },
      "totalNumberOfFiles" : 1,
      "totalNumberOfFilesIndexedByExtensions" : 0,
      "totalFilesSize" : 5370,
      "indexValueChangerEvaluationSpeed" : {
        "totalBytes" : 5370,
        "totalCpuTime" : 10587167
      }
    }, {
      "indexId" : "FrameworkDetectionIndex",
      "partOfTotalIndexingTime" : {
        "part" : 1330750,
        "total" : 95328292
      },
      "totalNumberOfFiles" : 1,
      "totalNumberOfFilesIndexedByExtensions" : 0,
      "totalFilesSize" : 5370,
      "indexValueChangerEvaluationSpeed" : {
        "totalBytes" : 5370,
        "totalCpuTime" : 1330750
      }
    }, {
      "indexId" : "taglibUris",
      "partOfTotalIndexingTime" : {
        "part" : 522917,
        "total" : 95328292
      },
      "totalNumberOfFiles" : 1,
      "totalNumberOfFilesIndexedByExtensions" : 0,
      "totalFilesSize" : 5370,
      "indexValueChangerEvaluationSpeed" : {
        "totalBytes" : 5370,
        "totalCpuTime" : 522917
      }
    }, {
      "indexId" : "fileIncludes",
      "partOfTotalIndexingTime" : {
        "part" : 432750,
        "total" : 95328292
      },
      "totalNumberOfFiles" : 1,
      "totalNumberOfFilesIndexedByExtensions" : 0,
      "totalFilesSize" : 5370,
      "indexValueChangerEvaluationSpeed" : {
        "totalBytes" : 5370,
        "totalCpuTime" : 432750
      }
    }, {
      "indexId" : "org.jetbrains.kotlin.idea.vfilefinder.KotlinJvmModuleAnnotationsIndex",
      "partOfTotalIndexingTime" : {
        "part" : 371584,
        "total" : 95328292
      },
      "totalNumberOfFiles" : 2,
      "totalNumberOfFilesIndexedByExtensions" : 0,
      "totalFilesSize" : 72,
      "indexValueChangerEvaluationSpeed" : {
        "totalBytes" : 72,
        "totalCpuTime" : 371584
      }
    }, {
      "indexId" : "org.jetbrains.kotlin.idea.base.indices.names.KotlinTopLevelCallableByPackageShortNameIndex",
      "partOfTotalIndexingTime" : {
        "part" : 371210,
        "total" : 95328292
      },
      "totalNumberOfFiles" : 4,
      "totalNumberOfFilesIndexedByExtensions" : 0,
      "totalFilesSize" : 13756,
      "indexValueChangerEvaluationSpeed" : {
        "totalBytes" : 13756,
        "totalCpuTime" : 371210
      }
    }, {
      "indexId" : "bytecodeAnalysis",
      "partOfTotalIndexingTime" : {
        "part" : 368042,
        "total" : 95328292
      },
      "totalNumberOfFiles" : 4,
      "totalNumberOfFilesIndexedByExtensions" : 0,
      "totalFilesSize" : 13756,
      "indexValueChangerEvaluationSpeed" : {
        "totalBytes" : 13756,
        "totalCpuTime" : 368042
      }
    }, {
      "indexId" : "org.jetbrains.kotlin.idea.versions.KotlinJvmMetadataVersionIndex",
      "partOfTotalIndexingTime" : {
        "part" : 365416,
        "total" : 95328292
      },
      "totalNumberOfFiles" : 4,
      "totalNumberOfFilesIndexedByExtensions" : 0,
      "totalFilesSize" : 13756,
      "indexValueChangerEvaluationSpeed" : {
        "totalBytes" : 13756,
        "totalCpuTime" : 365416
      }
    }, {
      "indexId" : "SpringXmlBeansIndex",
      "partOfTotalIndexingTime" : {
        "part" : 331083,
        "total" : 95328292
      },
      "totalNumberOfFiles" : 1,
      "totalNumberOfFilesIndexedByExtensions" : 0,
      "totalFilesSize" : 5370,
      "indexValueChangerEvaluationSpeed" : {
        "totalBytes" : 5370,
        "totalCpuTime" : 331083
      }
    }, {
      "indexId" : "DomFileIndex",
      "partOfTotalIndexingTime" : {
        "part" : 263208,
        "total" : 95328292
      },
      "totalNumberOfFiles" : 1,
      "totalNumberOfFilesIndexedByExtensions" : 0,
      "totalFilesSize" : 5370,
      "indexValueChangerEvaluationSpeed" : {
        "totalBytes" : 5370,
        "totalCpuTime" : 263208
      }
    }, {
      "indexId" : "org.jetbrains.kotlin.idea.vfilefinder.KotlinClassFileIndex",
      "partOfTotalIndexingTime" : {
        "part" : 222540,
        "total" : 95328292
      },
      "totalNumberOfFiles" : 4,
      "totalNumberOfFilesIndexedByExtensions" : 0,
      "totalFilesSize" : 13756,
      "indexValueChangerEvaluationSpeed" : {
        "totalBytes" : 13756,
        "totalCpuTime" : 222540
      }
    }, {
      "indexId" : "Trigram.Index",
      "partOfTotalIndexingTime" : {
        "part" : 210083,
        "total" : 95328292
      },
      "totalNumberOfFiles" : 1,
      "totalNumberOfFilesIndexedByExtensions" : 0,
      "totalFilesSize" : 5370,
      "indexValueChangerEvaluationSpeed" : {
        "totalBytes" : 5370,
        "totalCpuTime" : 210083
      }
    }, {
      "indexId" : "org.jetbrains.kotlin.idea.base.indices.names.KotlinTopLevelClassLikeDeclarationByPackageShortNameIndex",
      "partOfTotalIndexingTime" : {
        "part" : 182374,
        "total" : 95328292
      },
      "totalNumberOfFiles" : 4,
      "totalNumberOfFilesIndexedByExtensions" : 0,
      "totalFilesSize" : 13756,
      "indexValueChangerEvaluationSpeed" : {
        "totalBytes" : 13756,
        "totalCpuTime" : 182374
      }
    }, {
      "indexId" : "xmlProperties",
      "partOfTotalIndexingTime" : {
        "part" : 86375,
        "total" : 95328292
      },
      "totalNumberOfFiles" : 1,
      "totalNumberOfFilesIndexedByExtensions" : 0,
      "totalFilesSize" : 5370,
      "indexValueChangerEvaluationSpeed" : {
        "totalBytes" : 5370,
        "totalCpuTime" : 86375
      }
    }, {
      "indexId" : "RelaxSymbolIndex",
      "partOfTotalIndexingTime" : {
        "part" : 72959,
        "total" : 95328292
      },
      "totalNumberOfFiles" : 1,
      "totalNumberOfFilesIndexedByExtensions" : 0,
      "totalFilesSize" : 5370,
      "indexValueChangerEvaluationSpeed" : {
        "totalBytes" : 5370,
        "totalCpuTime" : 72959
      }
    }, {
      "indexId" : "XsltSymbolIndex",
      "partOfTotalIndexingTime" : {
        "part" : 54167,
        "total" : 95328292
      },
      "totalNumberOfFiles" : 1,
      "totalNumberOfFilesIndexedByExtensions" : 0,
      "totalFilesSize" : 5370,
      "indexValueChangerEvaluationSpeed" : {
        "totalBytes" : 5370,
        "totalCpuTime" : 54167
      }
    }, {
      "indexId" : "org.jetbrains.kotlin.idea.vfilefinder.KotlinShortClassNameFileIndex",
      "partOfTotalIndexingTime" : {
        "part" : 46583,
        "total" : 95328292
      },
      "totalNumberOfFiles" : 4,
      "totalNumberOfFilesIndexedByExtensions" : 0,
      "totalFilesSize" : 13756,
      "indexValueChangerEvaluationSpeed" : {
        "totalBytes" : 13756,
        "totalCpuTime" : 46583
      }
    }, {
      "indexId" : "org.jetbrains.kotlin.idea.vfilefinder.KotlinPartialPackageNamesIndex",
      "partOfTotalIndexingTime" : {
        "part" : 43083,
        "total" : 95328292
      },
      "totalNumberOfFiles" : 4,
      "totalNumberOfFilesIndexedByExtensions" : 0,
      "totalFilesSize" : 13756,
      "indexValueChangerEvaluationSpeed" : {
        "totalBytes" : 13756,
        "totalCpuTime" : 43083
      }
    } ],
    "statisticsOfChangedDuringIndexingFiles" : {
      "numberOfFiles" : 0,
      "retrievingTime" : 10167
    },
    "fileProviderStatistics" : [ {
      "providerName" : "Module 'Steganography_and_Cryptography.Steganography_and_Cryptography-task-build-classes-kotlin' (all roots)",
      "totalNumberOfIndexedFiles" : 3,
      "totalNumberOfFilesFullyIndexedByExtensions" : 0,
      "totalNumberOfNothingToWriteFiles" : 0,
      "totalIndexingVisibleTime" : 16321074,
      "contentLoadingVisibleTime" : 269020,
      "numberOfTooLargeForIndexingFiles" : 0,
      "slowIndexedFiles" : [ ],
      "filesFullyIndexedByExtensions" : [ ],
      "separateApplyingIndexesVisibleTime" : 1490333
    }, {
      "providerName" : "Module 'Steganography_and_Cryptography.Steganography_and_Cryptography-task-build-classes-kotlin.test' (all roots)",
      "totalNumberOfIndexedFiles" : 3,
      "totalNumberOfFilesFullyIndexedByExtensions" : 0,
      "totalNumberOfNothingToWriteFiles" : 0,
      "totalIndexingVisibleTime" : 8994104,
      "contentLoadingVisibleTime" : 238211,
      "numberOfTooLargeForIndexingFiles" : 0,
      "slowIndexedFiles" : [ ],
      "filesFullyIndexedByExtensions" : [ ],
      "separateApplyingIndexesVisibleTime" : 818817
    }, {
      "providerName" : "Module 'Steganography_and_Cryptography.Steganography_and_Cryptography-task-build-test-results.test' (all roots)",
      "totalNumberOfIndexedFiles" : 1,
      "totalNumberOfFilesFullyIndexedByExtensions" : 0,
      "totalNumberOfNothingToWriteFiles" : 0,
      "totalIndexingVisibleTime" : 4364874,
      "contentLoadingVisibleTime" : 73156,
      "numberOfTooLargeForIndexingFiles" : 0,
      "slowIndexedFiles" : [ ],
      "filesFullyIndexedByExtensions" : [ ],
      "separateApplyingIndexesVisibleTime" : 249311
    }, {
      "providerName" : "Module 'Steganography_and_Cryptography.Steganography_and_Cryptography-task-build-reports-tests.test' (all roots)",
      "totalNumberOfIndexedFiles" : 6,
      "totalNumberOfFilesFullyIndexedByExtensions" : 0,
      "totalNumberOfNothingToWriteFiles" : 6,
      "totalIndexingVisibleTime" : 1186987,
      "contentLoadingVisibleTime" : 123294,
      "numberOfTooLargeForIndexingFiles" : 0,
      "slowIndexedFiles" : [ ],
      "filesFullyIndexedByExtensions" : [ ],
      "separateApplyingIndexesVisibleTime" : 2838
    }, {
      "providerName" : "Refreshed files",
      "totalNumberOfIndexedFiles" : 0,
      "totalNumberOfFilesFullyIndexedByExtensions" : 0,
      "totalNumberOfNothingToWriteFiles" : 0,
      "totalIndexingVisibleTime" : 0,
      "contentLoadingVisibleTime" : 0,
      "numberOfTooLargeForIndexingFiles" : 0,
      "slowIndexedFiles" : [ ],
      "filesFullyIndexedByExtensions" : [ ],
      "separateApplyingIndexesVisibleTime" : 0
    } ],
    "visibleTimeToAllThreadTimeRatio" : 0.0
  }
}