{
  "appInfo" : {
    "build" : "233.13135.103",
    "buildDate" : "2023-12-20T05:05:00Z[UTC]",
    "productCode" : "IU",
    "generated" : "2024-02-04T01:23:19.939804Z",
    "os" : "macOS 14.3",
    "runtime" : "JetBrains s.r.o. 17.0.9 17.0.9+7-b1087.9"
  },
  "runtimeInfo" : {
    "maxMemory" : 2147483648,
    "numberOfProcessors" : 10,
    "maxNumberOfIndexingThreads" : 9,
    "maxSizeOfFileForIntelliSense" : 2560000,
    "maxSizeOfFileForContentLoading" : 20971520
  },
  "type" : "Scanning",
  "projectIndexingActivityHistory" : {
    "projectName" : "Steganography and Cryptography",
    "times" : {
      "scanningReason" : "changes in: \"Module 'Steganography_and_Cryptography.Topics-Image_libraries-Drawing_four_circles' (all roots)\", \"Module 'Steganography_and_Cryptography.Topics-Image_libraries-Representing_images_in_Kotlin' (all roots)\", \"Module 'Steganography_and_Cryptography.Topics-Image_libraries-Supported_formats' (all roots)\", \"Module 'Steganography_and_Cryptography.Topics-Image_libraries-Theory' (all roots)\", \"Module 'Steganography_and_Cryptography.Topics-Image_libraries-Drawing_four_circles.main' (all roots)\", \"Module 'Steganography_and_Cryptography.Topics-Image_libraries-Drawing_four_circles.test' (all roots)\", \"Module 'Steganography_and_Cryptography.Topics-Image_libraries-Representing_images_in_Kotlin.main' (all roots)\", \"Module 'Steganography_and_Cryptography.Topics-Image_libraries-Representing_images_in_Kotlin.test' (all roots)\", \"Module 'Steganography_and_Cryptography.Topics-Image_libraries-Supported_formats.main' (all roots)\", \"Module 'Steganography_and_Cryptography.Topics-Image_libraries-Supported_formats.test' (all roots)\" and 21 iterators more",
      "scanningType" : "PARTIAL",
      "scanningId" : 14,
      "creatingIteratorsTime" : 2000,
      "concurrentHandlingWallTimeWithoutPauses" : 534959000,
      "concurrentHandlingWallTimeWithPauses" : 534959000,
      "concurrentHandlingSumOfThreadTimesWithPauses" : 803387044,
      "concurrentIterationAndScannersApplicationSumOfThreadTimesWithPauses" : 29254129,
      "concurrentFileCheckSumOfThreadTimesWithPauses" : 773055001,
      "delayedPushPropertiesStageTime" : 6000,
      "indexExtensionsTime" : 113745,
      "dumbWallTimeWithPauses" : 0,
      "dumbWallTimeWithoutPauses" : 0,
      "updatingStart" : "2024-02-04T01:23:19.403858Z",
      "updatingEnd" : "2024-02-04T01:23:19.939518Z",
      "totalWallTimeWithPauses" : 535664292,
      "wallTimeOnPause" : 0,
      "wasInterrupted" : false,
      "totalWallTimeWithoutPauses" : 535664292
    },
    "fileCount" : {
      "numberOfFileProviders" : 31,
      "numberOfScannedFiles" : 54383,
      "numberOfFilesIndexedByInfrastructureExtensionsDuringScan" : 0,
      "numberOfFilesScheduledForIndexingAfterScan" : 4
    },
    "scanningStatistics" : [ {
      "providerName" : "JDK temurin-21 /Library/Java/JavaVirtualMachines/temurin-21.jdk/Contents/Home",
      "numberOfScannedFiles" : 44380,
      "numberOfSkippedFiles" : 0,
      "numberOfFilesForIndexing" : 0,
      "numberOfFilesFullyIndexedByInfrastructureExtensions" : 0,
      "filesFullyIndexedByInfrastructureExtensions" : [ ],
      "statusTime" : 409213639,
      "totalOneThreadTimeWithPauses" : 531432250,
      "iterationAndScannersApplicationTime" : 17378125,
      "filesCheckTime" : 514010250,
      "timeProcessingUpToDateFiles" : 225353285,
      "timeUpdatingContentLessIndexes" : 0,
      "timeIndexingWithoutContentViaInfrastructureExtension" : 0,
      "roots" : [ ]
    }, {
      "providerName" : "Library Gradle: org.assertj:assertj-core:3.17.2 (#1 class roots, #1 source roots)",
      "numberOfScannedFiles" : 3875,
      "numberOfSkippedFiles" : 0,
      "numberOfFilesForIndexing" : 0,
      "numberOfFilesFullyIndexedByInfrastructureExtensions" : 0,
      "filesFullyIndexedByInfrastructureExtensions" : [ ],
      "statusTime" : 57202880,
      "totalOneThreadTimeWithPauses" : 59775292,
      "iterationAndScannersApplicationTime" : 1438584,
      "filesCheckTime" : 58269208,
      "timeProcessingUpToDateFiles" : 13850890,
      "timeUpdatingContentLessIndexes" : 0,
      "timeIndexingWithoutContentViaInfrastructureExtension" : 0,
      "roots" : [ ]
    }, {
      "providerName" : "Library Gradle: org.apache.httpcomponents:httpclient:4.5.13 (#1 class roots, #1 source roots)",
      "numberOfScannedFiles" : 911,
      "numberOfSkippedFiles" : 0,
      "numberOfFilesForIndexing" : 0,
      "numberOfFilesFullyIndexedByInfrastructureExtensions" : 0,
      "filesFullyIndexedByInfrastructureExtensions" : [ ],
      "statusTime" : 29757419,
      "totalOneThreadTimeWithPauses" : 31625125,
      "iterationAndScannersApplicationTime" : 1267584,
      "filesCheckTime" : 30333000,
      "timeProcessingUpToDateFiles" : 2745989,
      "timeUpdatingContentLessIndexes" : 0,
      "timeIndexingWithoutContentViaInfrastructureExtension" : 0,
      "roots" : [ ]
    }, {
      "providerName" : "Library Gradle: org.assertj:assertj-swing:3.17.1 (#1 class roots, #1 source roots)",
      "numberOfScannedFiles" : 1101,
      "numberOfSkippedFiles" : 0,
      "numberOfFilesForIndexing" : 0,
      "numberOfFilesFullyIndexedByInfrastructureExtensions" : 0,
      "filesFullyIndexedByInfrastructureExtensions" : [ ],
      "statusTime" : 22308369,
      "totalOneThreadTimeWithPauses" : 24299584,
      "iterationAndScannersApplicationTime" : 858792,
      "filesCheckTime" : 23412833,
      "timeProcessingUpToDateFiles" : 4152569,
      "timeUpdatingContentLessIndexes" : 0,
      "timeIndexingWithoutContentViaInfrastructureExtension" : 0,
      "roots" : [ ]
    }, {
      "providerName" : "Library Gradle: junit:junit:4.13.2 (#1 class roots, #1 source roots)",
      "numberOfScannedFiles" : 578,
      "numberOfSkippedFiles" : 0,
      "numberOfFilesForIndexing" : 0,
      "numberOfFilesFullyIndexedByInfrastructureExtensions" : 0,
      "filesFullyIndexedByInfrastructureExtensions" : [ ],
      "statusTime" : 21864148,
      "totalOneThreadTimeWithPauses" : 23331583,
      "iterationAndScannersApplicationTime" : 828917,
      "filesCheckTime" : 22477000,
      "timeProcessingUpToDateFiles" : 1823970,
      "timeUpdatingContentLessIndexes" : 0,
      "timeIndexingWithoutContentViaInfrastructureExtension" : 0,
      "roots" : [ ]
    }, {
      "providerName" : "Library Gradle: commons-codec:commons-codec:1.11 (#1 class roots, #1 source roots)",
      "numberOfScannedFiles" : 432,
      "numberOfSkippedFiles" : 0,
      "numberOfFilesForIndexing" : 0,
      "numberOfFilesFullyIndexedByInfrastructureExtensions" : 0,
      "filesFullyIndexedByInfrastructureExtensions" : [ ],
      "statusTime" : 21139784,
      "totalOneThreadTimeWithPauses" : 22811708,
      "iterationAndScannersApplicationTime" : 984250,
      "filesCheckTime" : 21763541,
      "timeProcessingUpToDateFiles" : 1119497,
      "timeUpdatingContentLessIndexes" : 0,
      "timeIndexingWithoutContentViaInfrastructureExtension" : 0,
      "roots" : [ ]
    }, {
      "providerName" : "Library Gradle: org.jetbrains.kotlin:kotlin-stdlib:1.6.10 (#1 class roots, #1 source roots)",
      "numberOfScannedFiles" : 1061,
      "numberOfSkippedFiles" : 0,
      "numberOfFilesForIndexing" : 0,
      "numberOfFilesFullyIndexedByInfrastructureExtensions" : 0,
      "filesFullyIndexedByInfrastructureExtensions" : [ ],
      "statusTime" : 19519553,
      "totalOneThreadTimeWithPauses" : 21002375,
      "iterationAndScannersApplicationTime" : 470917,
      "filesCheckTime" : 20492042,
      "timeProcessingUpToDateFiles" : 4543844,
      "timeUpdatingContentLessIndexes" : 0,
      "timeIndexingWithoutContentViaInfrastructureExtension" : 0,
      "roots" : [ ]
    }, {
      "providerName" : "Library Gradle: com.google.code.gson:gson:2.8.9 (#1 class roots, #1 source roots)",
      "numberOfScannedFiles" : 279,
      "numberOfSkippedFiles" : 0,
      "numberOfFilesForIndexing" : 0,
      "numberOfFilesFullyIndexedByInfrastructureExtensions" : 0,
      "filesFullyIndexedByInfrastructureExtensions" : [ ],
      "statusTime" : 12476326,
      "totalOneThreadTimeWithPauses" : 14348958,
      "iterationAndScannersApplicationTime" : 348917,
      "filesCheckTime" : 13956375,
      "timeProcessingUpToDateFiles" : 1191557,
      "timeUpdatingContentLessIndexes" : 0,
      "timeIndexingWithoutContentViaInfrastructureExtension" : 0,
      "roots" : [ ]
    }, {
      "providerName" : "Library Gradle: org.apache.httpcomponents:httpcore:4.4.13 (#1 class roots, #1 source roots)",
      "numberOfScannedFiles" : 523,
      "numberOfSkippedFiles" : 0,
      "numberOfFilesForIndexing" : 0,
      "numberOfFilesFullyIndexedByInfrastructureExtensions" : 0,
      "filesFullyIndexedByInfrastructureExtensions" : [ ],
      "statusTime" : 12468924,
      "totalOneThreadTimeWithPauses" : 13860625,
      "iterationAndScannersApplicationTime" : 807792,
      "filesCheckTime" : 13036167,
      "timeProcessingUpToDateFiles" : 1936000,
      "timeUpdatingContentLessIndexes" : 0,
      "timeIndexingWithoutContentViaInfrastructureExtension" : 0,
      "roots" : [ ]
    }, {
      "providerName" : "Library Gradle: org.jetbrains.kotlin:kotlin-stdlib-common:1.6.10 (#1 class roots, #1 source roots)",
      "numberOfScannedFiles" : 462,
      "numberOfSkippedFiles" : 0,
      "numberOfFilesForIndexing" : 0,
      "numberOfFilesFullyIndexedByInfrastructureExtensions" : 0,
      "filesFullyIndexedByInfrastructureExtensions" : [ ],
      "statusTime" : 11513084,
      "totalOneThreadTimeWithPauses" : 12799083,
      "iterationAndScannersApplicationTime" : 235958,
      "filesCheckTime" : 12522625,
      "timeProcessingUpToDateFiles" : 1941458,
      "timeUpdatingContentLessIndexes" : 0,
      "timeIndexingWithoutContentViaInfrastructureExtension" : 0,
      "roots" : [ ]
    }, {
      "providerName" : "Library Gradle: org.assertj:assertj-swing-junit:3.17.1 (#1 class roots, #1 source roots)",
      "numberOfScannedFiles" : 223,
      "numberOfSkippedFiles" : 0,
      "numberOfFilesForIndexing" : 0,
      "numberOfFilesFullyIndexedByInfrastructureExtensions" : 0,
      "filesFullyIndexedByInfrastructureExtensions" : [ ],
      "statusTime" : 11684088,
      "totalOneThreadTimeWithPauses" : 12427500,
      "iterationAndScannersApplicationTime" : 387334,
      "filesCheckTime" : 12007416,
      "timeProcessingUpToDateFiles" : 543043,
      "timeUpdatingContentLessIndexes" : 0,
      "timeIndexingWithoutContentViaInfrastructureExtension" : 0,
      "roots" : [ ]
    }, {
      "providerName" : "Library Gradle: com.github.hyperskill:hs-test:release-SNAPSHOT (#1 class roots, #0 source roots)",
      "numberOfScannedFiles" : 163,
      "numberOfSkippedFiles" : 0,
      "numberOfFilesForIndexing" : 0,
      "numberOfFilesFullyIndexedByInfrastructureExtensions" : 0,
      "filesFullyIndexedByInfrastructureExtensions" : [ ],
      "statusTime" : 4976285,
      "totalOneThreadTimeWithPauses" : 5454959,
      "iterationAndScannersApplicationTime" : 121625,
      "filesCheckTime" : 5318542,
      "timeProcessingUpToDateFiles" : 843991,
      "timeUpdatingContentLessIndexes" : 0,
      "timeIndexingWithoutContentViaInfrastructureExtension" : 0,
      "roots" : [ ]
    }, {
      "providerName" : "Module 'Steganography_and_Cryptography.Topics-Image_libraries-Drawing_four_circles' (all roots)",
      "numberOfScannedFiles" : 3,
      "numberOfSkippedFiles" : 0,
      "numberOfFilesForIndexing" : 0,
      "numberOfFilesFullyIndexedByInfrastructureExtensions" : 0,
      "filesFullyIndexedByInfrastructureExtensions" : [ ],
      "statusTime" : 2476249,
      "totalOneThreadTimeWithPauses" : 4941792,
      "iterationAndScannersApplicationTime" : 439084,
      "filesCheckTime" : 4472667,
      "timeProcessingUpToDateFiles" : 14288,
      "timeUpdatingContentLessIndexes" : 0,
      "timeIndexingWithoutContentViaInfrastructureExtension" : 0,
      "roots" : [ ]
    }, {
      "providerName" : "Library Gradle: commons-logging:commons-logging:1.2 (#1 class roots, #1 source roots)",
      "numberOfScannedFiles" : 53,
      "numberOfSkippedFiles" : 0,
      "numberOfFilesForIndexing" : 0,
      "numberOfFilesFullyIndexedByInfrastructureExtensions" : 0,
      "filesFullyIndexedByInfrastructureExtensions" : [ ],
      "statusTime" : 3522001,
      "totalOneThreadTimeWithPauses" : 3741959,
      "iterationAndScannersApplicationTime" : 89333,
      "filesCheckTime" : 3630958,
      "timeProcessingUpToDateFiles" : 832211,
      "timeUpdatingContentLessIndexes" : 0,
      "timeIndexingWithoutContentViaInfrastructureExtension" : 0,
      "roots" : [ ]
    }, {
      "providerName" : "Library Gradle: org.easytesting:fest-reflect:1.4.1 (#1 class roots, #1 source roots)",
      "numberOfScannedFiles" : 89,
      "numberOfSkippedFiles" : 0,
      "numberOfFilesForIndexing" : 0,
      "numberOfFilesFullyIndexedByInfrastructureExtensions" : 0,
      "filesFullyIndexedByInfrastructureExtensions" : [ ],
      "statusTime" : 3025998,
      "totalOneThreadTimeWithPauses" : 3647792,
      "iterationAndScannersApplicationTime" : 224959,
      "filesCheckTime" : 3384625,
      "timeProcessingUpToDateFiles" : 414454,
      "timeUpdatingContentLessIndexes" : 0,
      "timeIndexingWithoutContentViaInfrastructureExtension" : 0,
      "roots" : [ ]
    }, {
      "providerName" : "Library Gradle: org.jetbrains:annotations:13.0 (#1 class roots, #1 source roots)",
      "numberOfScannedFiles" : 52,
      "numberOfSkippedFiles" : 0,
      "numberOfFilesForIndexing" : 0,
      "numberOfFilesFullyIndexedByInfrastructureExtensions" : 0,
      "filesFullyIndexedByInfrastructureExtensions" : [ ],
      "statusTime" : 970001,
      "totalOneThreadTimeWithPauses" : 2220917,
      "iterationAndScannersApplicationTime" : 287208,
      "filesCheckTime" : 1861917,
      "timeProcessingUpToDateFiles" : 215904,
      "timeUpdatingContentLessIndexes" : 0,
      "timeIndexingWithoutContentViaInfrastructureExtension" : 0,
      "roots" : [ ]
    }, {
      "providerName" : "Library Gradle: org.easytesting:fest-util:1.2.5 (#1 class roots, #1 source roots)",
      "numberOfScannedFiles" : 59,
      "numberOfSkippedFiles" : 0,
      "numberOfFilesForIndexing" : 0,
      "numberOfFilesFullyIndexedByInfrastructureExtensions" : 0,
      "filesFullyIndexedByInfrastructureExtensions" : [ ],
      "statusTime" : 1443126,
      "totalOneThreadTimeWithPauses" : 2020583,
      "iterationAndScannersApplicationTime" : 294375,
      "filesCheckTime" : 1701583,
      "timeProcessingUpToDateFiles" : 242911,
      "timeUpdatingContentLessIndexes" : 0,
      "timeIndexingWithoutContentViaInfrastructureExtension" : 0,
      "roots" : [ ]
    }, {
      "providerName" : "Module 'Steganography_and_Cryptography.Topics-Image_libraries-Representing_images_in_Kotlin.main' (all roots)",
      "numberOfScannedFiles" : 1,
      "numberOfSkippedFiles" : 0,
      "numberOfFilesForIndexing" : 1,
      "numberOfFilesFullyIndexedByInfrastructureExtensions" : 0,
      "filesFullyIndexedByInfrastructureExtensions" : [ ],
      "statusTime" : 1472750,
      "totalOneThreadTimeWithPauses" : 2012750,
      "iterationAndScannersApplicationTime" : 237375,
      "filesCheckTime" : 1730000,
      "timeProcessingUpToDateFiles" : 4209,
      "timeUpdatingContentLessIndexes" : 1382417,
      "timeIndexingWithoutContentViaInfrastructureExtension" : 24581,
      "roots" : [ ]
    }, {
      "providerName" : "Library Gradle: org.hamcrest:hamcrest-core:1.3 (#1 class roots, #1 source roots)",
      "numberOfScannedFiles" : 88,
      "numberOfSkippedFiles" : 0,
      "numberOfFilesForIndexing" : 0,
      "numberOfFilesFullyIndexedByInfrastructureExtensions" : 0,
      "filesFullyIndexedByInfrastructureExtensions" : [ ],
      "statusTime" : 1655332,
      "totalOneThreadTimeWithPauses" : 1944125,
      "iterationAndScannersApplicationTime" : 118958,
      "filesCheckTime" : 1765792,
      "timeProcessingUpToDateFiles" : 210128,
      "timeUpdatingContentLessIndexes" : 0,
      "timeIndexingWithoutContentViaInfrastructureExtension" : 0,
      "roots" : [ ]
    }, {
      "providerName" : "Module 'Steganography_and_Cryptography.Topics-Image_libraries-Supported_formats.main' (all roots)",
      "numberOfScannedFiles" : 1,
      "numberOfSkippedFiles" : 0,
      "numberOfFilesForIndexing" : 1,
      "numberOfFilesFullyIndexedByInfrastructureExtensions" : 0,
      "filesFullyIndexedByInfrastructureExtensions" : [ ],
      "statusTime" : 1588625,
      "totalOneThreadTimeWithPauses" : 1828666,
      "iterationAndScannersApplicationTime" : 111583,
      "filesCheckTime" : 1697833,
      "timeProcessingUpToDateFiles" : 1459,
      "timeUpdatingContentLessIndexes" : 1522084,
      "timeIndexingWithoutContentViaInfrastructureExtension" : 15707,
      "roots" : [ ]
    }, {
      "providerName" : "Module 'Steganography_and_Cryptography.Topics-Image_libraries-Representing_images_in_Kotlin' (all roots)",
      "numberOfScannedFiles" : 3,
      "numberOfSkippedFiles" : 0,
      "numberOfFilesForIndexing" : 0,
      "numberOfFilesFullyIndexedByInfrastructureExtensions" : 0,
      "filesFullyIndexedByInfrastructureExtensions" : [ ],
      "statusTime" : 615668,
      "totalOneThreadTimeWithPauses" : 1437250,
      "iterationAndScannersApplicationTime" : 463583,
      "filesCheckTime" : 933458,
      "timeProcessingUpToDateFiles" : 131251,
      "timeUpdatingContentLessIndexes" : 0,
      "timeIndexingWithoutContentViaInfrastructureExtension" : 0,
      "roots" : [ ]
    }, {
      "providerName" : "Module 'Steganography_and_Cryptography.Topics-Image_libraries-Drawing_four_circles.main' (all roots)",
      "numberOfScannedFiles" : 1,
      "numberOfSkippedFiles" : 0,
      "numberOfFilesForIndexing" : 1,
      "numberOfFilesFullyIndexedByInfrastructureExtensions" : 0,
      "filesFullyIndexedByInfrastructureExtensions" : [ ],
      "statusTime" : 700416,
      "totalOneThreadTimeWithPauses" : 1428000,
      "iterationAndScannersApplicationTime" : 244291,
      "filesCheckTime" : 1159042,
      "timeProcessingUpToDateFiles" : 9292,
      "timeUpdatingContentLessIndexes" : 386917,
      "timeIndexingWithoutContentViaInfrastructureExtension" : 52791,
      "roots" : [ ]
    }, {
      "providerName" : "Module 'Steganography_and_Cryptography.Topics-Image_libraries-Theory' (all roots)",
      "numberOfScannedFiles" : 3,
      "numberOfSkippedFiles" : 0,
      "numberOfFilesForIndexing" : 0,
      "numberOfFilesFullyIndexedByInfrastructureExtensions" : 0,
      "filesFullyIndexedByInfrastructureExtensions" : [ ],
      "statusTime" : 585916,
      "totalOneThreadTimeWithPauses" : 1279625,
      "iterationAndScannersApplicationTime" : 283459,
      "filesCheckTime" : 898250,
      "timeProcessingUpToDateFiles" : 33000,
      "timeUpdatingContentLessIndexes" : 0,
      "timeIndexingWithoutContentViaInfrastructureExtension" : 0,
      "roots" : [ ]
    }, {
      "providerName" : "Module 'Steganography_and_Cryptography.Topics-Image_libraries-Supported_formats' (all roots)",
      "numberOfScannedFiles" : 3,
      "numberOfSkippedFiles" : 0,
      "numberOfFilesForIndexing" : 0,
      "numberOfFilesFullyIndexedByInfrastructureExtensions" : 0,
      "filesFullyIndexedByInfrastructureExtensions" : [ ],
      "statusTime" : 393540,
      "totalOneThreadTimeWithPauses" : 1124208,
      "iterationAndScannersApplicationTime" : 352667,
      "filesCheckTime" : 753042,
      "timeProcessingUpToDateFiles" : 27667,
      "timeUpdatingContentLessIndexes" : 0,
      "timeIndexingWithoutContentViaInfrastructureExtension" : 0,
      "roots" : [ ]
    }, {
      "providerName" : "Library Gradle: org.jetbrains.kotlin:kotlin-stdlib-jdk8:1.6.10 (#1 class roots, #1 source roots)",
      "numberOfScannedFiles" : 22,
      "numberOfSkippedFiles" : 0,
      "numberOfFilesForIndexing" : 0,
      "numberOfFilesFullyIndexedByInfrastructureExtensions" : 0,
      "filesFullyIndexedByInfrastructureExtensions" : [ ],
      "statusTime" : 314459,
      "totalOneThreadTimeWithPauses" : 498750,
      "iterationAndScannersApplicationTime" : 32792,
      "filesCheckTime" : 455167,
      "timeProcessingUpToDateFiles" : 74743,
      "timeUpdatingContentLessIndexes" : 0,
      "timeIndexingWithoutContentViaInfrastructureExtension" : 0,
      "roots" : [ ]
    }, {
      "providerName" : "Module 'Steganography_and_Cryptography.Topics-Image_libraries-Theory.main' (all roots)",
      "numberOfScannedFiles" : 1,
      "numberOfSkippedFiles" : 0,
      "numberOfFilesForIndexing" : 1,
      "numberOfFilesFullyIndexedByInfrastructureExtensions" : 0,
      "filesFullyIndexedByInfrastructureExtensions" : [ ],
      "statusTime" : 173292,
      "totalOneThreadTimeWithPauses" : 482500,
      "iterationAndScannersApplicationTime" : 117708,
      "filesCheckTime" : 342750,
      "timeProcessingUpToDateFiles" : 3958,
      "timeUpdatingContentLessIndexes" : 29208,
      "timeIndexingWithoutContentViaInfrastructureExtension" : 20666,
      "roots" : [ ]
    }, {
      "providerName" : "Module 'Steganography_and_Cryptography.Topics-Image_libraries-Drawing_four_circles.test' (all roots)",
      "numberOfScannedFiles" : 0,
      "numberOfSkippedFiles" : 0,
      "numberOfFilesForIndexing" : 0,
      "numberOfFilesFullyIndexedByInfrastructureExtensions" : 0,
      "filesFullyIndexedByInfrastructureExtensions" : [ ],
      "statusTime" : 0,
      "totalOneThreadTimeWithPauses" : 457292,
      "iterationAndScannersApplicationTime" : 329583,
      "filesCheckTime" : 105750,
      "timeProcessingUpToDateFiles" : 0,
      "timeUpdatingContentLessIndexes" : 0,
      "timeIndexingWithoutContentViaInfrastructureExtension" : 0,
      "roots" : [ ]
    }, {
      "providerName" : "Library Gradle: org.jetbrains.kotlin:kotlin-stdlib-jdk7:1.6.10 (#1 class roots, #1 source roots)",
      "numberOfScannedFiles" : 16,
      "numberOfSkippedFiles" : 0,
      "numberOfFilesForIndexing" : 0,
      "numberOfFilesFullyIndexedByInfrastructureExtensions" : 0,
      "filesFullyIndexedByInfrastructureExtensions" : [ ],
      "statusTime" : 247333,
      "totalOneThreadTimeWithPauses" : 428542,
      "iterationAndScannersApplicationTime" : 51792,
      "filesCheckTime" : 360584,
      "timeProcessingUpToDateFiles" : 55667,
      "timeUpdatingContentLessIndexes" : 0,
      "timeIndexingWithoutContentViaInfrastructureExtension" : 0,
      "roots" : [ ]
    }, {
      "providerName" : "Module 'Steganography_and_Cryptography.Topics-Image_libraries-Theory.test' (all roots)",
      "numberOfScannedFiles" : 0,
      "numberOfSkippedFiles" : 0,
      "numberOfFilesForIndexing" : 0,
      "numberOfFilesFullyIndexedByInfrastructureExtensions" : 0,
      "filesFullyIndexedByInfrastructureExtensions" : [ ],
      "statusTime" : 0,
      "totalOneThreadTimeWithPauses" : 269042,
      "iterationAndScannersApplicationTime" : 150708,
      "filesCheckTime" : 91125,
      "timeProcessingUpToDateFiles" : 0,
      "timeUpdatingContentLessIndexes" : 0,
      "timeIndexingWithoutContentViaInfrastructureExtension" : 0,
      "roots" : [ ]
    }, {
      "providerName" : "Module 'Steganography_and_Cryptography.Topics-Image_libraries-Representing_images_in_Kotlin.test' (all roots)",
      "numberOfScannedFiles" : 0,
      "numberOfSkippedFiles" : 0,
      "numberOfFilesForIndexing" : 0,
      "numberOfFilesFullyIndexedByInfrastructureExtensions" : 0,
      "filesFullyIndexedByInfrastructureExtensions" : [ ],
      "statusTime" : 0,
      "totalOneThreadTimeWithPauses" : 228834,
      "iterationAndScannersApplicationTime" : 152792,
      "filesCheckTime" : 50500,
      "timeProcessingUpToDateFiles" : 0,
      "timeUpdatingContentLessIndexes" : 0,
      "timeIndexingWithoutContentViaInfrastructureExtension" : 0,
      "roots" : [ ]
    }, {
      "providerName" : "Module 'Steganography_and_Cryptography.Topics-Image_libraries-Supported_formats.test' (all roots)",
      "numberOfScannedFiles" : 0,
      "numberOfSkippedFiles" : 0,
      "numberOfFilesForIndexing" : 0,
      "numberOfFilesFullyIndexedByInfrastructureExtensions" : 0,
      "filesFullyIndexedByInfrastructureExtensions" : [ ],
      "statusTime" : 0,
      "totalOneThreadTimeWithPauses" : 225375,
      "iterationAndScannersApplicationTime" : 143084,
      "filesCheckTime" : 60959,
      "timeProcessingUpToDateFiles" : 0,
      "timeUpdatingContentLessIndexes" : 0,
      "timeIndexingWithoutContentViaInfrastructureExtension" : 0,
      "roots" : [ ]
    } ]
  }
}