{
  "appInfo" : {
    "build" : "233.13135.103",
    "buildDate" : "2023-12-20T05:05:00Z[UTC]",
    "productCode" : "IU",
    "generated" : "2024-02-04T03:56:46.325551Z",
    "os" : "macOS 14.3",
    "runtime" : "JetBrains s.r.o. 17.0.9 17.0.9+7-b1087.9"
  },
  "runtimeInfo" : {
    "maxMemory" : 2147483648,
    "numberOfProcessors" : 10,
    "maxNumberOfIndexingThreads" : 9,
    "maxSizeOfFileForIntelliSense" : 2560000,
    "maxSizeOfFileForContentLoading" : 20971520
  },
  "type" : "DumbIndexing",
  "projectIndexingActivityHistory" : {
    "projectName" : "Steganography and Cryptography",
    "times" : {
      "scanningIds" : [ ],
      "contentLoadingVisibleTime" : 89412,
      "retrievingChangedDuringIndexingFilesTime" : 31083,
      "separateApplyingIndexesVisibleTime" : 733534,
      "updatingStart" : "2024-02-04T03:56:46.298401Z",
      "updatingEnd" : "2024-02-04T03:56:46.325157Z",
      "totalWallTimeWithPauses" : 26755667,
      "wallTimeOnPause" : 0,
      "wasInterrupted" : false,
      "dumbModeStart" : "2024-02-04T03:56:46.298401Z",
      "dumbWallTimeWithPauses" : 26755667,
      "dumbWallTimeWithoutPauses" : 26755667,
      "totalWallTimeWithoutPauses" : 26755667
    },
    "fileCount" : {
      "numberOfChangedDuringIndexingFiles" : 24,
      "numberOfFilesIndexedByInfrastructureExtensionsDuringIndexingStage" : 0,
      "numberOfFilesIndexedWithLoadingContent" : 24,
      "numberOfNothingToWriteFiles" : 0
    },
    "totalStatsPerFileType" : [ {
      "fileType" : "YAML",
      "partOfTotalProcessingTime" : {
        "part" : 13703667,
        "total" : 13703667
      },
      "partOfTotalContentLoadingTime" : {
        "part" : 438878,
        "total" : 438878
      },
      "totalNumberOfFiles" : 24,
      "totalFilesSize" : 5576,
      "totalProcessingSpeed" : {
        "totalBytes" : 5576,
        "totalCpuTime" : 13703667
      },
      "biggestContributors" : [ {
        "providerName" : "Refreshed files",
        "numberOfFiles" : 24,
        "totalFilesSize" : 5576,
        "partOfTotalProcessingTimeOfThisFileType" : {
          "part" : 13703667,
          "total" : 13703667
        }
      } ]
    } ],
    "totalStatsPerBaseLanguage" : [ {
      "language" : "yaml",
      "partOfTotalProcessingTime" : {
        "part" : 13703667,
        "total" : 13703667
      },
      "partOfTotalContentLoadingTime" : {
        "part" : 877756,
        "total" : 438878
      },
      "totalNumberOfFiles" : 24,
      "totalFilesSize" : 5576,
      "totalProcessingSpeed" : {
        "totalBytes" : 5576,
        "totalCpuTime" : 13703667
      }
    } ],
    "totalStatsPerIndexer" : [ {
      "indexId" : "yaml.keys.name",
      "partOfTotalIndexingTime" : {
        "part" : 2602789,
        "total" : 7305825
      },
      "totalNumberOfFiles" : 24,
      "totalNumberOfFilesIndexedByExtensions" : 0,
      "totalFilesSize" : 5576,
      "indexValueChangerEvaluationSpeed" : {
        "totalBytes" : 5576,
        "totalCpuTime" : 2602789
      }
    }, {
      "indexId" : "IdIndex",
      "partOfTotalIndexingTime" : {
        "part" : 1628038,
        "total" : 7305825
      },
      "totalNumberOfFiles" : 24,
      "totalNumberOfFilesIndexedByExtensions" : 0,
      "totalFilesSize" : 5576,
      "indexValueChangerEvaluationSpeed" : {
        "totalBytes" : 5576,
        "totalCpuTime" : 1628038
      }
    }, {
      "indexId" : "OpenapiSpecificationContentIndexer",
      "partOfTotalIndexingTime" : {
        "part" : 1441837,
        "total" : 7305825
      },
      "totalNumberOfFiles" : 24,
      "totalNumberOfFilesIndexedByExtensions" : 0,
      "totalFilesSize" : 5576,
      "indexValueChangerEvaluationSpeed" : {
        "totalBytes" : 5576,
        "totalCpuTime" : 1441837
      }
    }, {
      "indexId" : "SwReferencesIndex",
      "partOfTotalIndexingTime" : {
        "part" : 657750,
        "total" : 7305825
      },
      "totalNumberOfFiles" : 24,
      "totalNumberOfFilesIndexedByExtensions" : 0,
      "totalFilesSize" : 5576,
      "indexValueChangerEvaluationSpeed" : {
        "totalBytes" : 5576,
        "totalCpuTime" : 657750
      }
    }, {
      "indexId" : "docker.compose.services",
      "partOfTotalIndexingTime" : {
        "part" : 651373,
        "total" : 7305825
      },
      "totalNumberOfFiles" : 24,
      "totalNumberOfFilesIndexedByExtensions" : 0,
      "totalFilesSize" : 5576,
      "indexValueChangerEvaluationSpeed" : {
        "totalBytes" : 5576,
        "totalCpuTime" : 651373
      }
    }, {
      "indexId" : "Trigram.Index",
      "partOfTotalIndexingTime" : {
        "part" : 324038,
        "total" : 7305825
      },
      "totalNumberOfFiles" : 24,
      "totalNumberOfFilesIndexedByExtensions" : 0,
      "totalFilesSize" : 5576,
      "indexValueChangerEvaluationSpeed" : {
        "totalBytes" : 5576,
        "totalCpuTime" : 324038
      }
    } ],
    "statisticsOfChangedDuringIndexingFiles" : {
      "numberOfFiles" : 24,
      "retrievingTime" : 31083
    },
    "fileProviderStatistics" : [ {
      "providerName" : "Refreshed files",
      "totalNumberOfIndexedFiles" : 24,
      "totalNumberOfFilesFullyIndexedByExtensions" : 0,
      "totalNumberOfNothingToWriteFiles" : 0,
      "totalIndexingVisibleTime" : 2791833,
      "contentLoadingVisibleTime" : 89412,
      "numberOfTooLargeForIndexingFiles" : 0,
      "slowIndexedFiles" : [ ],
      "filesFullyIndexedByExtensions" : [ ],
      "separateApplyingIndexesVisibleTime" : 733534
    } ],
    "visibleTimeToAllThreadTimeRatio" : 0.20372889971713412
  }
}