{
  "appInfo" : {
    "build" : "233.13135.103",
    "buildDate" : "2023-12-20T05:05:00Z[UTC]",
    "productCode" : "IU",
    "generated" : "2024-02-04T15:14:47.284861Z",
    "os" : "macOS 14.3",
    "runtime" : "JetBrains s.r.o. 17.0.9 17.0.9+7-b1087.9"
  },
  "runtimeInfo" : {
    "maxMemory" : 2147483648,
    "numberOfProcessors" : 10,
    "maxNumberOfIndexingThreads" : 9,
    "maxSizeOfFileForIntelliSense" : 2560000,
    "maxSizeOfFileForContentLoading" : 20971520
  },
  "type" : "Scanning",
  "projectIndexingActivityHistory" : {
    "projectName" : "Steganography and Cryptography",
    "times" : {
      "scanningReason" : "changes in: \"Custom kind roots from entity (sass_functions.scss, sass_color.scss, sass_list.scss, ..., empty)\", \"Custom kind roots from entity (extensions, empty)\"",
      "scanningType" : "PARTIAL",
      "scanningId" : 1,
      "creatingIteratorsTime" : 0,
      "concurrentHandlingWallTimeWithoutPauses" : 109232000,
      "concurrentHandlingWallTimeWithPauses" : 109232000,
      "concurrentHandlingSumOfThreadTimesWithPauses" : 106809250,
      "concurrentIterationAndScannersApplicationSumOfThreadTimesWithPauses" : 184166,
      "concurrentFileCheckSumOfThreadTimesWithPauses" : 106581208,
      "delayedPushPropertiesStageTime" : 4000,
      "indexExtensionsTime" : 0,
      "dumbWallTimeWithPauses" : 0,
      "dumbWallTimeWithoutPauses" : 0,
      "updatingStart" : "2024-02-04T15:14:47.173248Z",
      "updatingEnd" : "2024-02-04T15:14:47.284462Z",
      "totalWallTimeWithPauses" : 111213542,
      "wallTimeOnPause" : 0,
      "wasInterrupted" : false,
      "totalWallTimeWithoutPauses" : 111213542
    },
    "fileCount" : {
      "numberOfFileProviders" : 2,
      "numberOfScannedFiles" : 9,
      "numberOfFilesIndexedByInfrastructureExtensionsDuringScan" : 0,
      "numberOfFilesScheduledForIndexingAfterScan" : 0
    },
    "scanningStatistics" : [ {
      "providerName" : "Custom kind roots from entity (sass_functions.scss, sass_color.scss, sass_list.scss, ..., empty)",
      "numberOfScannedFiles" : 8,
      "numberOfSkippedFiles" : 0,
      "numberOfFilesForIndexing" : 0,
      "numberOfFilesFullyIndexedByInfrastructureExtensions" : 0,
      "filesFullyIndexedByInfrastructureExtensions" : [ ],
      "statusTime" : 97769126,
      "totalOneThreadTimeWithPauses" : 97982875,
      "iterationAndScannersApplicationTime" : 67916,
      "filesCheckTime" : 97891750,
      "timeProcessingUpToDateFiles" : 302832,
      "timeUpdatingContentLessIndexes" : 0,
      "timeIndexingWithoutContentViaInfrastructureExtension" : 0,
      "roots" : [ ]
    }, {
      "providerName" : "Custom kind roots from entity (extensions, empty)",
      "numberOfScannedFiles" : 1,
      "numberOfSkippedFiles" : 0,
      "numberOfFilesForIndexing" : 0,
      "numberOfFilesFullyIndexedByInfrastructureExtensions" : 0,
      "filesFullyIndexedByInfrastructureExtensions" : [ ],
      "statusTime" : 7296166,
      "totalOneThreadTimeWithPauses" : 8826375,
      "iterationAndScannersApplicationTime" : 116250,
      "filesCheckTime" : 8689458,
      "timeProcessingUpToDateFiles" : 125583,
      "timeUpdatingContentLessIndexes" : 0,
      "timeIndexingWithoutContentViaInfrastructureExtension" : 0,
      "roots" : [ ]
    } ]
  }
}