{
  "appInfo" : {
    "build" : "233.13135.103",
    "buildDate" : "2023-12-20T05:05:00Z[UTC]",
    "productCode" : "IU",
    "generated" : "2024-02-04T15:17:45.372797Z",
    "os" : "macOS 14.3",
    "runtime" : "JetBrains s.r.o. 17.0.9 17.0.9+7-b1087.9"
  },
  "runtimeInfo" : {
    "maxMemory" : 2147483648,
    "numberOfProcessors" : 10,
    "maxNumberOfIndexingThreads" : 9,
    "maxSizeOfFileForIntelliSense" : 2560000,
    "maxSizeOfFileForContentLoading" : 20971520
  },
  "type" : "DumbIndexing",
  "projectIndexingActivityHistory" : {
    "projectName" : "Steganography and Cryptography",
    "times" : {
      "scanningIds" : [ 4 ],
      "contentLoadingVisibleTime" : 768723127,
      "retrievingChangedDuringIndexingFilesTime" : 62750,
      "separateApplyingIndexesVisibleTime" : 984081971,
      "updatingStart" : "2024-02-04T15:17:42.012727Z",
      "updatingEnd" : "2024-02-04T15:17:45.372494Z",
      "totalWallTimeWithPauses" : 3359777750,
      "wallTimeOnPause" : 0,
      "wasInterrupted" : false,
      "dumbModeStart" : "2024-02-04T15:17:42.012727Z",
      "dumbWallTimeWithPauses" : 3359777750,
      "dumbWallTimeWithoutPauses" : 3359777750,
      "totalWallTimeWithoutPauses" : 3359777750
    },
    "fileCount" : {
      "numberOfChangedDuringIndexingFiles" : 0,
      "numberOfFilesIndexedByInfrastructureExtensionsDuringIndexingStage" : 42397,
      "numberOfFilesIndexedWithLoadingContent" : 42778,
      "numberOfNothingToWriteFiles" : 0
    },
    "totalStatsPerFileType" : [ {
      "fileType" : "JAVA",
      "partOfTotalProcessingTime" : {
        "part" : 8389113880,
        "total" : 14552642321
      },
      "partOfTotalContentLoadingTime" : {
        "part" : 2589328221,
        "total" : 3380970221
      },
      "totalNumberOfFiles" : 15357,
      "totalFilesSize" : 214107576,
      "totalProcessingSpeed" : {
        "totalBytes" : 214107576,
        "totalCpuTime" : 8389113880
      },
      "biggestContributors" : [ {
        "providerName" : "JDK java version \"17.0.9+7\" /Users/joses/Library/Java/JavaVirtualMachines/corretto-20.0.2.1/Contents/Home",
        "numberOfFiles" : 15357,
        "totalFilesSize" : 214107576,
        "partOfTotalProcessingTimeOfThisFileType" : {
          "part" : 8389113880,
          "total" : 8389113880
        }
      } ]
    }, {
      "fileType" : "CLASS",
      "partOfTotalProcessingTime" : {
        "part" : 6047904935,
        "total" : 14552642321
      },
      "partOfTotalContentLoadingTime" : {
        "part" : 766805206,
        "total" : 3380970221
      },
      "totalNumberOfFiles" : 27144,
      "totalFilesSize" : 129803980,
      "totalProcessingSpeed" : {
        "totalBytes" : 129803980,
        "totalCpuTime" : 6047904935
      },
      "biggestContributors" : [ {
        "providerName" : "JDK java version \"17.0.9+7\" /Users/joses/Library/Java/JavaVirtualMachines/corretto-20.0.2.1/Contents/Home",
        "numberOfFiles" : 27144,
        "totalFilesSize" : 129803980,
        "partOfTotalProcessingTimeOfThisFileType" : {
          "part" : 6047904935,
          "total" : 6047904935
        }
      } ]
    }, {
      "fileType" : "Properties",
      "partOfTotalProcessingTime" : {
        "part" : 65370299,
        "total" : 14552642321
      },
      "partOfTotalContentLoadingTime" : {
        "part" : 14192379,
        "total" : 3380970221
      },
      "totalNumberOfFiles" : 202,
      "totalFilesSize" : 2072402,
      "totalProcessingSpeed" : {
        "totalBytes" : 2072402,
        "totalCpuTime" : 65370299
      },
      "biggestContributors" : [ {
        "providerName" : "JDK java version \"17.0.9+7\" /Users/joses/Library/Java/JavaVirtualMachines/corretto-20.0.2.1/Contents/Home",
        "numberOfFiles" : 202,
        "totalFilesSize" : 2072402,
        "partOfTotalProcessingTimeOfThisFileType" : {
          "part" : 65370299,
          "total" : 65370299
        }
      } ]
    }, {
      "fileType" : "PLAIN_TEXT",
      "partOfTotalProcessingTime" : {
        "part" : 20035243,
        "total" : 14552642321
      },
      "partOfTotalContentLoadingTime" : {
        "part" : 6459666,
        "total" : 3380970221
      },
      "totalNumberOfFiles" : 52,
      "totalFilesSize" : 253362,
      "totalProcessingSpeed" : {
        "totalBytes" : 253362,
        "totalCpuTime" : 20035243
      },
      "biggestContributors" : [ {
        "providerName" : "JDK java version \"17.0.9+7\" /Users/joses/Library/Java/JavaVirtualMachines/corretto-20.0.2.1/Contents/Home",
        "numberOfFiles" : 52,
        "totalFilesSize" : 253362,
        "partOfTotalProcessingTimeOfThisFileType" : {
          "part" : 20035243,
          "total" : 20035243
        }
      } ]
    }, {
      "fileType" : "XML",
      "partOfTotalProcessingTime" : {
        "part" : 15402082,
        "total" : 14552642321
      },
      "partOfTotalContentLoadingTime" : {
        "part" : 450625,
        "total" : 3380970221
      },
      "totalNumberOfFiles" : 2,
      "totalFilesSize" : 47910,
      "totalProcessingSpeed" : {
        "totalBytes" : 47910,
        "totalCpuTime" : 15402082
      },
      "biggestContributors" : [ {
        "providerName" : "JDK java version \"17.0.9+7\" /Users/joses/Library/Java/JavaVirtualMachines/corretto-20.0.2.1/Contents/Home",
        "numberOfFiles" : 2,
        "totalFilesSize" : 47910,
        "partOfTotalProcessingTimeOfThisFileType" : {
          "part" : 15402082,
          "total" : 15402082
        }
      } ]
    }, {
      "fileType" : "JavaScript",
      "partOfTotalProcessingTime" : {
        "part" : 10442585,
        "total" : 14552642321
      },
      "partOfTotalContentLoadingTime" : {
        "part" : 3029500,
        "total" : 3380970221
      },
      "totalNumberOfFiles" : 7,
      "totalFilesSize" : 531231,
      "totalProcessingSpeed" : {
        "totalBytes" : 531231,
        "totalCpuTime" : 10442585
      },
      "biggestContributors" : [ {
        "providerName" : "JDK java version \"17.0.9+7\" /Users/joses/Library/Java/JavaVirtualMachines/corretto-20.0.2.1/Contents/Home",
        "numberOfFiles" : 7,
        "totalFilesSize" : 531231,
        "partOfTotalProcessingTimeOfThisFileType" : {
          "part" : 10442585,
          "total" : 10442585
        }
      } ]
    }, {
      "fileType" : "CSS",
      "partOfTotalProcessingTime" : {
        "part" : 1924796,
        "total" : 14552642321
      },
      "partOfTotalContentLoadingTime" : {
        "part" : 517333,
        "total" : 3380970221
      },
      "totalNumberOfFiles" : 4,
      "totalFilesSize" : 40117,
      "totalProcessingSpeed" : {
        "totalBytes" : 40117,
        "totalCpuTime" : 1924796
      },
      "biggestContributors" : [ {
        "providerName" : "JDK java version \"17.0.9+7\" /Users/joses/Library/Java/JavaVirtualMachines/corretto-20.0.2.1/Contents/Home",
        "numberOfFiles" : 4,
        "totalFilesSize" : 40117,
        "partOfTotalProcessingTimeOfThisFileType" : {
          "part" : 1924796,
          "total" : 1924796
        }
      } ]
    }, {
      "fileType" : "SVG",
      "partOfTotalProcessingTime" : {
        "part" : 929001,
        "total" : 14552642321
      },
      "partOfTotalContentLoadingTime" : {
        "part" : 56500,
        "total" : 3380970221
      },
      "totalNumberOfFiles" : 2,
      "totalFilesSize" : 3472,
      "totalProcessingSpeed" : {
        "totalBytes" : 3472,
        "totalCpuTime" : 929001
      },
      "biggestContributors" : [ {
        "providerName" : "JDK java version \"17.0.9+7\" /Users/joses/Library/Java/JavaVirtualMachines/corretto-20.0.2.1/Contents/Home",
        "numberOfFiles" : 2,
        "totalFilesSize" : 3472,
        "partOfTotalProcessingTimeOfThisFileType" : {
          "part" : 929001,
          "total" : 929001
        }
      } ]
    }, {
      "fileType" : "Shell Script",
      "partOfTotalProcessingTime" : {
        "part" : 645458,
        "total" : 14552642321
      },
      "partOfTotalContentLoadingTime" : {
        "part" : 42167,
        "total" : 3380970221
      },
      "totalNumberOfFiles" : 6,
      "totalFilesSize" : 1361,
      "totalProcessingSpeed" : {
        "totalBytes" : 1361,
        "totalCpuTime" : 645458
      },
      "biggestContributors" : [ {
        "providerName" : "JDK java version \"17.0.9+7\" /Users/joses/Library/Java/JavaVirtualMachines/corretto-20.0.2.1/Contents/Home",
        "numberOfFiles" : 6,
        "totalFilesSize" : 1361,
        "partOfTotalProcessingTimeOfThisFileType" : {
          "part" : 645458,
          "total" : 645458
        }
      } ]
    }, {
      "fileType" : "DTD",
      "partOfTotalProcessingTime" : {
        "part" : 614000,
        "total" : 14552642321
      },
      "partOfTotalContentLoadingTime" : {
        "part" : 32041,
        "total" : 3380970221
      },
      "totalNumberOfFiles" : 1,
      "totalFilesSize" : 2965,
      "totalProcessingSpeed" : {
        "totalBytes" : 2965,
        "totalCpuTime" : 614000
      },
      "biggestContributors" : [ {
        "providerName" : "JDK java version \"17.0.9+7\" /Users/joses/Library/Java/JavaVirtualMachines/corretto-20.0.2.1/Contents/Home",
        "numberOfFiles" : 1,
        "totalFilesSize" : 2965,
        "partOfTotalProcessingTimeOfThisFileType" : {
          "part" : 614000,
          "total" : 614000
        }
      } ]
    }, {
      "fileType" : "SPI",
      "partOfTotalProcessingTime" : {
        "part" : 260042,
        "total" : 14552642321
      },
      "partOfTotalContentLoadingTime" : {
        "part" : 56583,
        "total" : 3380970221
      },
      "totalNumberOfFiles" : 1,
      "totalFilesSize" : 41,
      "totalProcessingSpeed" : {
        "totalBytes" : 41,
        "totalCpuTime" : 260042
      },
      "biggestContributors" : [ {
        "providerName" : "JDK java version \"17.0.9+7\" /Users/joses/Library/Java/JavaVirtualMachines/corretto-20.0.2.1/Contents/Home",
        "numberOfFiles" : 1,
        "totalFilesSize" : 41,
        "partOfTotalProcessingTimeOfThisFileType" : {
          "part" : 260042,
          "total" : 260042
        }
      } ]
    } ],
    "totalStatsPerBaseLanguage" : [ {
      "language" : "JAVA",
      "partOfTotalProcessingTime" : {
        "part" : 8389113880,
        "total" : 14552642321
      },
      "partOfTotalContentLoadingTime" : {
        "part" : 5970298442,
        "total" : 3380970221
      },
      "totalNumberOfFiles" : 15357,
      "totalFilesSize" : 214107576,
      "totalProcessingSpeed" : {
        "totalBytes" : 214107576,
        "totalCpuTime" : 8389113880
      }
    }, {
      "language" : "Properties",
      "partOfTotalProcessingTime" : {
        "part" : 65370299,
        "total" : 14552642321
      },
      "partOfTotalContentLoadingTime" : {
        "part" : 3395162600,
        "total" : 3380970221
      },
      "totalNumberOfFiles" : 202,
      "totalFilesSize" : 2072402,
      "totalProcessingSpeed" : {
        "totalBytes" : 2072402,
        "totalCpuTime" : 65370299
      }
    }, {
      "language" : "TEXT",
      "partOfTotalProcessingTime" : {
        "part" : 20035243,
        "total" : 14552642321
      },
      "partOfTotalContentLoadingTime" : {
        "part" : 3387429887,
        "total" : 3380970221
      },
      "totalNumberOfFiles" : 52,
      "totalFilesSize" : 253362,
      "totalProcessingSpeed" : {
        "totalBytes" : 253362,
        "totalCpuTime" : 20035243
      }
    }, {
      "language" : "XML",
      "partOfTotalProcessingTime" : {
        "part" : 16945083,
        "total" : 14552642321
      },
      "partOfTotalContentLoadingTime" : {
        "part" : 3381420846,
        "total" : 3380970221
      },
      "totalNumberOfFiles" : 5,
      "totalFilesSize" : 54347,
      "totalProcessingSpeed" : {
        "totalBytes" : 54347,
        "totalCpuTime" : 16945083
      }
    }, {
      "language" : "JavaScript",
      "partOfTotalProcessingTime" : {
        "part" : 10442585,
        "total" : 14552642321
      },
      "partOfTotalContentLoadingTime" : {
        "part" : 3383999721,
        "total" : 3380970221
      },
      "totalNumberOfFiles" : 7,
      "totalFilesSize" : 531231,
      "totalProcessingSpeed" : {
        "totalBytes" : 531231,
        "totalCpuTime" : 10442585
      }
    }, {
      "language" : "CSS",
      "partOfTotalProcessingTime" : {
        "part" : 1924796,
        "total" : 14552642321
      },
      "partOfTotalContentLoadingTime" : {
        "part" : 3381487554,
        "total" : 3380970221
      },
      "totalNumberOfFiles" : 4,
      "totalFilesSize" : 40117,
      "totalProcessingSpeed" : {
        "totalBytes" : 40117,
        "totalCpuTime" : 1924796
      }
    }, {
      "language" : "SVG",
      "partOfTotalProcessingTime" : {
        "part" : 929001,
        "total" : 14552642321
      },
      "partOfTotalContentLoadingTime" : {
        "part" : 3381026721,
        "total" : 3380970221
      },
      "totalNumberOfFiles" : 2,
      "totalFilesSize" : 3472,
      "totalProcessingSpeed" : {
        "totalBytes" : 3472,
        "totalCpuTime" : 929001
      }
    }, {
      "language" : "Shell Script",
      "partOfTotalProcessingTime" : {
        "part" : 645458,
        "total" : 14552642321
      },
      "partOfTotalContentLoadingTime" : {
        "part" : 3381012388,
        "total" : 3380970221
      },
      "totalNumberOfFiles" : 6,
      "totalFilesSize" : 1361,
      "totalProcessingSpeed" : {
        "totalBytes" : 1361,
        "totalCpuTime" : 645458
      }
    }, {
      "language" : "DTD",
      "partOfTotalProcessingTime" : {
        "part" : 614000,
        "total" : 14552642321
      },
      "partOfTotalContentLoadingTime" : {
        "part" : 3381002262,
        "total" : 3380970221
      },
      "totalNumberOfFiles" : 1,
      "totalFilesSize" : 2965,
      "totalProcessingSpeed" : {
        "totalBytes" : 2965,
        "totalCpuTime" : 614000
      }
    }, {
      "language" : "SPI",
      "partOfTotalProcessingTime" : {
        "part" : 260042,
        "total" : 14552642321
      },
      "partOfTotalContentLoadingTime" : {
        "part" : 3381026804,
        "total" : 3380970221
      },
      "totalNumberOfFiles" : 1,
      "totalFilesSize" : 41,
      "totalProcessingSpeed" : {
        "totalBytes" : 41,
        "totalCpuTime" : 260042
      }
    } ],
    "totalStatsPerIndexer" : [ {
      "indexId" : "Trigram.Index",
      "partOfTotalIndexingTime" : {
        "part" : 2691144016,
        "total" : 5140145329
      },
      "totalNumberOfFiles" : 15634,
      "totalNumberOfFilesIndexedByExtensions" : 15326,
      "totalFilesSize" : 217060437,
      "indexValueChangerEvaluationSpeed" : {
        "totalBytes" : 217060437,
        "totalCpuTime" : 2691144016
      }
    }, {
      "indexId" : "bytecodeAnalysis",
      "partOfTotalIndexingTime" : {
        "part" : 976782527,
        "total" : 5140145329
      },
      "totalNumberOfFiles" : 27144,
      "totalNumberOfFilesIndexedByExtensions" : 27071,
      "totalFilesSize" : 129803980,
      "indexValueChangerEvaluationSpeed" : {
        "totalBytes" : 129803980,
        "totalCpuTime" : 976782527
      }
    }, {
      "indexId" : "Stubs",
      "partOfTotalIndexingTime" : {
        "part" : 709717524,
        "total" : 5140145329
      },
      "totalNumberOfFiles" : 27357,
      "totalNumberOfFilesIndexedByExtensions" : 27284,
      "totalFilesSize" : 132373296,
      "indexValueChangerEvaluationSpeed" : {
        "totalBytes" : 132373296,
        "totalCpuTime" : 709717524
      }
    }, {
      "indexId" : "IdIndex",
      "partOfTotalIndexingTime" : {
        "part" : 545833300,
        "total" : 5140145329
      },
      "totalNumberOfFiles" : 15634,
      "totalNumberOfFilesIndexedByExtensions" : 15326,
      "totalFilesSize" : 217060437,
      "indexValueChangerEvaluationSpeed" : {
        "totalBytes" : 217060437,
        "totalCpuTime" : 545833300
      }
    }, {
      "indexId" : "org.jetbrains.kotlin.idea.vfilefinder.KotlinClassFileIndex",
      "partOfTotalIndexingTime" : {
        "part" : 41246462,
        "total" : 5140145329
      },
      "totalNumberOfFiles" : 27144,
      "totalNumberOfFilesIndexedByExtensions" : 27071,
      "totalFilesSize" : 129803980,
      "indexValueChangerEvaluationSpeed" : {
        "totalBytes" : 129803980,
        "totalCpuTime" : 41246462
      }
    }, {
      "indexId" : "org.jetbrains.kotlin.idea.vfilefinder.KotlinPartialPackageNamesIndex",
      "partOfTotalIndexingTime" : {
        "part" : 35995796,
        "total" : 5140145329
      },
      "totalNumberOfFiles" : 27144,
      "totalNumberOfFilesIndexedByExtensions" : 27071,
      "totalFilesSize" : 129803980,
      "indexValueChangerEvaluationSpeed" : {
        "totalBytes" : 129803980,
        "totalCpuTime" : 35995796
      }
    }, {
      "indexId" : "org.jetbrains.kotlin.idea.vfilefinder.KotlinShortClassNameFileIndex",
      "partOfTotalIndexingTime" : {
        "part" : 35060767,
        "total" : 5140145329
      },
      "totalNumberOfFiles" : 27144,
      "totalNumberOfFilesIndexedByExtensions" : 27071,
      "totalFilesSize" : 129803980,
      "indexValueChangerEvaluationSpeed" : {
        "totalBytes" : 129803980,
        "totalCpuTime" : 35060767
      }
    }, {
      "indexId" : "org.jetbrains.kotlin.idea.versions.KotlinJvmMetadataVersionIndex",
      "partOfTotalIndexingTime" : {
        "part" : 34917011,
        "total" : 5140145329
      },
      "totalNumberOfFiles" : 27144,
      "totalNumberOfFilesIndexedByExtensions" : 27071,
      "totalFilesSize" : 129803980,
      "indexValueChangerEvaluationSpeed" : {
        "totalBytes" : 129803980,
        "totalCpuTime" : 34917011
      }
    }, {
      "indexId" : "org.jetbrains.kotlin.idea.base.indices.names.KotlinTopLevelCallableByPackageShortNameIndex",
      "partOfTotalIndexingTime" : {
        "part" : 34728462,
        "total" : 5140145329
      },
      "totalNumberOfFiles" : 27144,
      "totalNumberOfFilesIndexedByExtensions" : 27071,
      "totalFilesSize" : 129803980,
      "indexValueChangerEvaluationSpeed" : {
        "totalBytes" : 129803980,
        "totalCpuTime" : 34728462
      }
    }, {
      "indexId" : "org.jetbrains.kotlin.idea.base.indices.names.KotlinTopLevelClassLikeDeclarationByPackageShortNameIndex",
      "partOfTotalIndexingTime" : {
        "part" : 33738881,
        "total" : 5140145329
      },
      "totalNumberOfFiles" : 27144,
      "totalNumberOfFilesIndexedByExtensions" : 27071,
      "totalFilesSize" : 129803980,
      "indexValueChangerEvaluationSpeed" : {
        "totalBytes" : 129803980,
        "totalCpuTime" : 33738881
      }
    }, {
      "indexId" : "DomFileIndex",
      "partOfTotalIndexingTime" : {
        "part" : 631917,
        "total" : 5140145329
      },
      "totalNumberOfFiles" : 2,
      "totalNumberOfFilesIndexedByExtensions" : 2,
      "totalFilesSize" : 47910,
      "indexValueChangerEvaluationSpeed" : {
        "totalBytes" : 47910,
        "totalCpuTime" : 631917
      }
    }, {
      "indexId" : "fileIncludes",
      "partOfTotalIndexingTime" : {
        "part" : 326292,
        "total" : 5140145329
      },
      "totalNumberOfFiles" : 7,
      "totalNumberOfFilesIndexedByExtensions" : 7,
      "totalFilesSize" : 456797,
      "indexValueChangerEvaluationSpeed" : {
        "totalBytes" : 456797,
        "totalCpuTime" : 326292
      }
    }, {
      "indexId" : "org.jetbrains.kotlin.idea.versions.KotlinJsMetadataVersionIndex",
      "partOfTotalIndexingTime" : {
        "part" : 4666,
        "total" : 5140145329
      },
      "totalNumberOfFiles" : 7,
      "totalNumberOfFilesIndexedByExtensions" : 7,
      "totalFilesSize" : 531231,
      "indexValueChangerEvaluationSpeed" : {
        "totalBytes" : 531231,
        "totalCpuTime" : 4666
      }
    }, {
      "indexId" : "js.string.literal.words.index",
      "partOfTotalIndexingTime" : {
        "part" : 4543,
        "total" : 5140145329
      },
      "totalNumberOfFiles" : 5,
      "totalNumberOfFilesIndexedByExtensions" : 5,
      "totalFilesSize" : 408887,
      "indexValueChangerEvaluationSpeed" : {
        "totalBytes" : 408887,
        "totalCpuTime" : 4543
      }
    }, {
      "indexId" : "js.custom.single.entry.index",
      "partOfTotalIndexingTime" : {
        "part" : 4417,
        "total" : 5140145329
      },
      "totalNumberOfFiles" : 5,
      "totalNumberOfFilesIndexedByExtensions" : 5,
      "totalFilesSize" : 408887,
      "indexValueChangerEvaluationSpeed" : {
        "totalBytes" : 408887,
        "totalCpuTime" : 4417
      }
    }, {
      "indexId" : "SpringXmlBeansIndex",
      "partOfTotalIndexingTime" : {
        "part" : 2625,
        "total" : 5140145329
      },
      "totalNumberOfFiles" : 2,
      "totalNumberOfFilesIndexedByExtensions" : 2,
      "totalFilesSize" : 47910,
      "indexValueChangerEvaluationSpeed" : {
        "totalBytes" : 47910,
        "totalCpuTime" : 2625
      }
    }, {
      "indexId" : "XsltSymbolIndex",
      "partOfTotalIndexingTime" : {
        "part" : 2249,
        "total" : 5140145329
      },
      "totalNumberOfFiles" : 2,
      "totalNumberOfFilesIndexedByExtensions" : 2,
      "totalFilesSize" : 47910,
      "indexValueChangerEvaluationSpeed" : {
        "totalBytes" : 47910,
        "totalCpuTime" : 2249
      }
    }, {
      "indexId" : "RelaxSymbolIndex",
      "partOfTotalIndexingTime" : {
        "part" : 1458,
        "total" : 5140145329
      },
      "totalNumberOfFiles" : 2,
      "totalNumberOfFilesIndexedByExtensions" : 2,
      "totalFilesSize" : 47910,
      "indexValueChangerEvaluationSpeed" : {
        "totalBytes" : 47910,
        "totalCpuTime" : 1458
      }
    }, {
      "indexId" : "xmlProperties",
      "partOfTotalIndexingTime" : {
        "part" : 1375,
        "total" : 5140145329
      },
      "totalNumberOfFiles" : 1,
      "totalNumberOfFilesIndexedByExtensions" : 1,
      "totalFilesSize" : 40932,
      "indexValueChangerEvaluationSpeed" : {
        "totalBytes" : 40932,
        "totalCpuTime" : 1375
      }
    }, {
      "indexId" : "XmlNamespaces",
      "partOfTotalIndexingTime" : {
        "part" : 1041,
        "total" : 5140145329
      },
      "totalNumberOfFiles" : 1,
      "totalNumberOfFilesIndexedByExtensions" : 1,
      "totalFilesSize" : 6978,
      "indexValueChangerEvaluationSpeed" : {
        "totalBytes" : 6978,
        "totalCpuTime" : 1041
      }
    } ],
    "statisticsOfChangedDuringIndexingFiles" : {
      "numberOfFiles" : 0,
      "retrievingTime" : 62750
    },
    "fileProviderStatistics" : [ {
      "providerName" : "JDK java version \"17.0.9+7\" /Users/joses/Library/Java/JavaVirtualMachines/corretto-20.0.2.1/Contents/Home",
      "totalNumberOfIndexedFiles" : 42778,
      "totalNumberOfFilesFullyIndexedByExtensions" : 42397,
      "totalNumberOfNothingToWriteFiles" : 0,
      "totalIndexingVisibleTime" : 3308799541,
      "contentLoadingVisibleTime" : 768723127,
      "numberOfTooLargeForIndexingFiles" : 0,
      "slowIndexedFiles" : [ ],
      "filesFullyIndexedByExtensions" : [ ],
      "separateApplyingIndexesVisibleTime" : 984081971
    }, {
      "providerName" : "Refreshed files",
      "totalNumberOfIndexedFiles" : 0,
      "totalNumberOfFilesFullyIndexedByExtensions" : 0,
      "totalNumberOfNothingToWriteFiles" : 0,
      "totalIndexingVisibleTime" : 0,
      "contentLoadingVisibleTime" : 0,
      "numberOfTooLargeForIndexingFiles" : 0,
      "slowIndexedFiles" : [ ],
      "filesFullyIndexedByExtensions" : [ ],
      "separateApplyingIndexesVisibleTime" : 0
    } ],
    "visibleTimeToAllThreadTimeRatio" : 0.0
  }
}