{
  "appInfo" : {
    "build" : "233.13135.103",
    "buildDate" : "2023-12-20T05:05:00Z[UTC]",
    "productCode" : "IU",
    "generated" : "2024-02-03T22:50:50.401684Z",
    "os" : "macOS 14.3",
    "runtime" : "JetBrains s.r.o. 17.0.9 17.0.9+7-b1087.9"
  },
  "runtimeInfo" : {
    "maxMemory" : 2147483648,
    "numberOfProcessors" : 10,
    "maxNumberOfIndexingThreads" : 9,
    "maxSizeOfFileForIntelliSense" : 2560000,
    "maxSizeOfFileForContentLoading" : 20971520
  },
  "type" : "DumbIndexing",
  "projectIndexingActivityHistory" : {
    "projectName" : "Steganography and Cryptography",
    "times" : {
      "scanningIds" : [ ],
      "contentLoadingVisibleTime" : 268421,
      "retrievingChangedDuringIndexingFilesTime" : 1733958,
      "separateApplyingIndexesVisibleTime" : 2970041,
      "updatingStart" : "2024-02-03T22:50:50.231765Z",
      "updatingEnd" : "2024-02-03T22:50:50.401175Z",
      "totalWallTimeWithPauses" : 169409958,
      "wallTimeOnPause" : 0,
      "wasInterrupted" : false,
      "dumbModeStart" : "2024-02-03T22:50:50.231765Z",
      "dumbWallTimeWithPauses" : 169409958,
      "dumbWallTimeWithoutPauses" : 169409958,
      "totalWallTimeWithoutPauses" : 169409958
    },
    "fileCount" : {
      "numberOfChangedDuringIndexingFiles" : 10,
      "numberOfFilesIndexedByInfrastructureExtensionsDuringIndexingStage" : 0,
      "numberOfFilesIndexedWithLoadingContent" : 10,
      "numberOfNothingToWriteFiles" : 0
    },
    "totalStatsPerFileType" : [ {
      "fileType" : "HTML",
      "partOfTotalProcessingTime" : {
        "part" : 150520581,
        "total" : 151833954
      },
      "partOfTotalContentLoadingTime" : {
        "part" : 150709,
        "total" : 285126
      },
      "totalNumberOfFiles" : 5,
      "totalFilesSize" : 17253,
      "totalProcessingSpeed" : {
        "totalBytes" : 17253,
        "totalCpuTime" : 150520581
      },
      "biggestContributors" : [ {
        "providerName" : "Refreshed files",
        "numberOfFiles" : 5,
        "totalFilesSize" : 17253,
        "partOfTotalProcessingTimeOfThisFileType" : {
          "part" : 150520581,
          "total" : 150520581
        }
      } ]
    }, {
      "fileType" : "Kotlin",
      "partOfTotalProcessingTime" : {
        "part" : 1313373,
        "total" : 151833954
      },
      "partOfTotalContentLoadingTime" : {
        "part" : 134417,
        "total" : 285126
      },
      "totalNumberOfFiles" : 5,
      "totalFilesSize" : 562,
      "totalProcessingSpeed" : {
        "totalBytes" : 562,
        "totalCpuTime" : 1313373
      },
      "biggestContributors" : [ {
        "providerName" : "Refreshed files",
        "numberOfFiles" : 5,
        "totalFilesSize" : 562,
        "partOfTotalProcessingTimeOfThisFileType" : {
          "part" : 1313373,
          "total" : 1313373
        }
      } ]
    } ],
    "totalStatsPerBaseLanguage" : [ {
      "language" : "HTML",
      "partOfTotalProcessingTime" : {
        "part" : 150520581,
        "total" : 151833954
      },
      "partOfTotalContentLoadingTime" : {
        "part" : 435835,
        "total" : 285126
      },
      "totalNumberOfFiles" : 5,
      "totalFilesSize" : 17253,
      "totalProcessingSpeed" : {
        "totalBytes" : 17253,
        "totalCpuTime" : 150520581
      }
    }, {
      "language" : "XML",
      "partOfTotalProcessingTime" : {
        "part" : 150520581,
        "total" : 151833954
      },
      "partOfTotalContentLoadingTime" : {
        "part" : 435835,
        "total" : 285126
      },
      "totalNumberOfFiles" : 5,
      "totalFilesSize" : 17253,
      "totalProcessingSpeed" : {
        "totalBytes" : 17253,
        "totalCpuTime" : 150520581
      }
    }, {
      "language" : "kotlin",
      "partOfTotalProcessingTime" : {
        "part" : 1313373,
        "total" : 151833954
      },
      "partOfTotalContentLoadingTime" : {
        "part" : 419543,
        "total" : 285126
      },
      "totalNumberOfFiles" : 5,
      "totalFilesSize" : 562,
      "totalProcessingSpeed" : {
        "totalBytes" : 562,
        "totalCpuTime" : 1313373
      }
    } ],
    "totalStatsPerIndexer" : [ {
      "indexId" : "js.implicit.elements.index",
      "partOfTotalIndexingTime" : {
        "part" : 5961001,
        "total" : 15483915
      },
      "totalNumberOfFiles" : 5,
      "totalNumberOfFilesIndexedByExtensions" : 0,
      "totalFilesSize" : 17253,
      "indexValueChangerEvaluationSpeed" : {
        "totalBytes" : 17253,
        "totalCpuTime" : 5961001
      }
    }, {
      "indexId" : "IdIndex",
      "partOfTotalIndexingTime" : {
        "part" : 2121540,
        "total" : 15483915
      },
      "totalNumberOfFiles" : 5,
      "totalNumberOfFilesIndexedByExtensions" : 0,
      "totalFilesSize" : 17253,
      "indexValueChangerEvaluationSpeed" : {
        "totalBytes" : 17253,
        "totalCpuTime" : 2121540
      }
    }, {
      "indexId" : "CssIndex",
      "partOfTotalIndexingTime" : {
        "part" : 1658415,
        "total" : 15483915
      },
      "totalNumberOfFiles" : 5,
      "totalNumberOfFilesIndexedByExtensions" : 0,
      "totalFilesSize" : 17253,
      "indexValueChangerEvaluationSpeed" : {
        "totalBytes" : 17253,
        "totalCpuTime" : 1658415
      }
    }, {
      "indexId" : "html5.custom.attributes.index",
      "partOfTotalIndexingTime" : {
        "part" : 1274209,
        "total" : 15483915
      },
      "totalNumberOfFiles" : 5,
      "totalNumberOfFilesIndexedByExtensions" : 0,
      "totalFilesSize" : 17253,
      "indexValueChangerEvaluationSpeed" : {
        "totalBytes" : 17253,
        "totalCpuTime" : 1274209
      }
    }, {
      "indexId" : "fileIncludes",
      "partOfTotalIndexingTime" : {
        "part" : 917542,
        "total" : 15483915
      },
      "totalNumberOfFiles" : 5,
      "totalNumberOfFilesIndexedByExtensions" : 0,
      "totalFilesSize" : 17253,
      "indexValueChangerEvaluationSpeed" : {
        "totalBytes" : 17253,
        "totalCpuTime" : 917542
      }
    }, {
      "indexId" : "HtmlTagIdIndex",
      "partOfTotalIndexingTime" : {
        "part" : 688500,
        "total" : 15483915
      },
      "totalNumberOfFiles" : 5,
      "totalNumberOfFilesIndexedByExtensions" : 0,
      "totalFilesSize" : 17253,
      "indexValueChangerEvaluationSpeed" : {
        "totalBytes" : 17253,
        "totalCpuTime" : 688500
      }
    }, {
      "indexId" : "Trigram.Index",
      "partOfTotalIndexingTime" : {
        "part" : 543501,
        "total" : 15483915
      },
      "totalNumberOfFiles" : 10,
      "totalNumberOfFilesIndexedByExtensions" : 0,
      "totalFilesSize" : 17815,
      "indexValueChangerEvaluationSpeed" : {
        "totalBytes" : 17815,
        "totalCpuTime" : 543501
      }
    }, {
      "indexId" : "css.template.selectors",
      "partOfTotalIndexingTime" : {
        "part" : 511292,
        "total" : 15483915
      },
      "totalNumberOfFiles" : 5,
      "totalNumberOfFilesIndexedByExtensions" : 0,
      "totalFilesSize" : 17253,
      "indexValueChangerEvaluationSpeed" : {
        "totalBytes" : 17253,
        "totalCpuTime" : 511292
      }
    }, {
      "indexId" : "angularjs.template.cache",
      "partOfTotalIndexingTime" : {
        "part" : 373332,
        "total" : 15483915
      },
      "totalNumberOfFiles" : 5,
      "totalNumberOfFilesIndexedByExtensions" : 0,
      "totalFilesSize" : 17253,
      "indexValueChangerEvaluationSpeed" : {
        "totalBytes" : 17253,
        "totalCpuTime" : 373332
      }
    }, {
      "indexId" : "angularjs.app.index",
      "partOfTotalIndexingTime" : {
        "part" : 318500,
        "total" : 15483915
      },
      "totalNumberOfFiles" : 5,
      "totalNumberOfFilesIndexedByExtensions" : 0,
      "totalFilesSize" : 17253,
      "indexValueChangerEvaluationSpeed" : {
        "totalBytes" : 17253,
        "totalCpuTime" : 318500
      }
    }, {
      "indexId" : "angularjs.ui.router.views.index",
      "partOfTotalIndexingTime" : {
        "part" : 290042,
        "total" : 15483915
      },
      "totalNumberOfFiles" : 5,
      "totalNumberOfFilesIndexedByExtensions" : 0,
      "totalFilesSize" : 17253,
      "indexValueChangerEvaluationSpeed" : {
        "totalBytes" : 17253,
        "totalCpuTime" : 290042
      }
    }, {
      "indexId" : "HtmlScriptSrcIndex",
      "partOfTotalIndexingTime" : {
        "part" : 276167,
        "total" : 15483915
      },
      "totalNumberOfFiles" : 5,
      "totalNumberOfFilesIndexedByExtensions" : 0,
      "totalFilesSize" : 17253,
      "indexValueChangerEvaluationSpeed" : {
        "totalBytes" : 17253,
        "totalCpuTime" : 276167
      }
    }, {
      "indexId" : "Stubs",
      "partOfTotalIndexingTime" : {
        "part" : 269749,
        "total" : 15483915
      },
      "totalNumberOfFiles" : 5,
      "totalNumberOfFilesIndexedByExtensions" : 0,
      "totalFilesSize" : 17253,
      "indexValueChangerEvaluationSpeed" : {
        "totalBytes" : 17253,
        "totalCpuTime" : 269749
      }
    }, {
      "indexId" : "WebComponentsIndex",
      "partOfTotalIndexingTime" : {
        "part" : 267250,
        "total" : 15483915
      },
      "totalNumberOfFiles" : 5,
      "totalNumberOfFilesIndexedByExtensions" : 0,
      "totalFilesSize" : 17253,
      "indexValueChangerEvaluationSpeed" : {
        "totalBytes" : 17253,
        "totalCpuTime" : 267250
      }
    }, {
      "indexId" : "js.custom.single.entry.index",
      "partOfTotalIndexingTime" : {
        "part" : 12875,
        "total" : 15483915
      },
      "totalNumberOfFiles" : 5,
      "totalNumberOfFilesIndexedByExtensions" : 0,
      "totalFilesSize" : 17253,
      "indexValueChangerEvaluationSpeed" : {
        "totalBytes" : 17253,
        "totalCpuTime" : 12875
      }
    } ],
    "statisticsOfChangedDuringIndexingFiles" : {
      "numberOfFiles" : 10,
      "retrievingTime" : 1733958
    },
    "fileProviderStatistics" : [ {
      "providerName" : "Refreshed files",
      "totalNumberOfIndexedFiles" : 10,
      "totalNumberOfFilesFullyIndexedByExtensions" : 0,
      "totalNumberOfNothingToWriteFiles" : 0,
      "totalIndexingVisibleTime" : 142938583,
      "contentLoadingVisibleTime" : 268421,
      "numberOfTooLargeForIndexingFiles" : 0,
      "slowIndexedFiles" : [ ],
      "filesFullyIndexedByExtensions" : [ ],
      "separateApplyingIndexesVisibleTime" : 2970041
    } ],
    "visibleTimeToAllThreadTimeRatio" : 0.9414138223654506
  }
}