{
  "appInfo" : {
    "build" : "233.13135.103",
    "buildDate" : "2023-12-20T05:05:00Z[UTC]",
    "productCode" : "IU",
    "generated" : "2024-02-03T01:50:20.028119Z",
    "os" : "macOS 14.3",
    "runtime" : "JetBrains s.r.o. 17.0.9 17.0.9+7-b1087.9"
  },
  "runtimeInfo" : {
    "maxMemory" : 2147483648,
    "numberOfProcessors" : 10,
    "maxNumberOfIndexingThreads" : 9,
    "maxSizeOfFileForIntelliSense" : 2560000,
    "maxSizeOfFileForContentLoading" : 20971520
  },
  "type" : "Scanning",
  "projectIndexingActivityHistory" : {
    "projectName" : "Steganography and Cryptography",
    "times" : {
      "scanningReason" : "changes in: \"Library Gradle: junit:junit:4.13.2 (#1 class roots, #1 source roots)\"",
      "scanningType" : "PARTIAL",
      "scanningId" : 10,
      "creatingIteratorsTime" : 1000,
      "concurrentHandlingWallTimeWithoutPauses" : 9766000,
      "concurrentHandlingWallTimeWithPauses" : 9766000,
      "concurrentHandlingSumOfThreadTimesWithPauses" : 6153375,
      "concurrentIterationAndScannersApplicationSumOfThreadTimesWithPauses" : 255750,
      "concurrentFileCheckSumOfThreadTimesWithPauses" : 5838209,
      "delayedPushPropertiesStageTime" : 3000,
      "indexExtensionsTime" : 0,
      "dumbWallTimeWithPauses" : 0,
      "dumbWallTimeWithoutPauses" : 0,
      "updatingStart" : "2024-02-03T01:50:20.017689Z",
      "updatingEnd" : "2024-02-03T01:50:20.02782Z",
      "totalWallTimeWithPauses" : 10132583,
      "wallTimeOnPause" : 9000,
      "wasInterrupted" : false,
      "totalWallTimeWithoutPauses" : 10123583
    },
    "fileCount" : {
      "numberOfFileProviders" : 1,
      "numberOfScannedFiles" : 578,
      "numberOfFilesIndexedByInfrastructureExtensionsDuringScan" : 0,
      "numberOfFilesScheduledForIndexingAfterScan" : 0
    },
    "scanningStatistics" : [ {
      "providerName" : "Library Gradle: junit:junit:4.13.2 (#1 class roots, #1 source roots)",
      "numberOfScannedFiles" : 578,
      "numberOfSkippedFiles" : 0,
      "numberOfFilesForIndexing" : 0,
      "numberOfFilesFullyIndexedByInfrastructureExtensions" : 0,
      "filesFullyIndexedByInfrastructureExtensions" : [ ],
      "statusTime" : 5029043,
      "totalOneThreadTimeWithPauses" : 6153375,
      "iterationAndScannersApplicationTime" : 255750,
      "filesCheckTime" : 5838209,
      "timeProcessingUpToDateFiles" : 1544399,
      "timeUpdatingContentLessIndexes" : 0,
      "timeIndexingWithoutContentViaInfrastructureExtension" : 0,
      "roots" : [ ]
    } ]
  }
}