{
  "appInfo" : {
    "build" : "233.13135.103",
    "buildDate" : "2023-12-20T05:05:00Z[UTC]",
    "productCode" : "IU",
    "generated" : "2024-02-03T22:50:50.434473Z",
    "os" : "macOS 14.3",
    "runtime" : "JetBrains s.r.o. 17.0.9 17.0.9+7-b1087.9"
  },
  "runtimeInfo" : {
    "maxMemory" : 2147483648,
    "numberOfProcessors" : 10,
    "maxNumberOfIndexingThreads" : 9,
    "maxSizeOfFileForIntelliSense" : 2560000,
    "maxSizeOfFileForContentLoading" : 20971520
  },
  "type" : "DumbIndexing",
  "projectIndexingActivityHistory" : {
    "projectName" : "Steganography and Cryptography",
    "times" : {
      "scanningIds" : [ ],
      "contentLoadingVisibleTime" : 363681,
      "retrievingChangedDuringIndexingFilesTime" : 2389125,
      "separateApplyingIndexesVisibleTime" : 1726308,
      "updatingStart" : "2024-02-03T22:50:50.40182Z",
      "updatingEnd" : "2024-02-03T22:50:50.434299Z",
      "totalWallTimeWithPauses" : 32478667,
      "wallTimeOnPause" : 0,
      "wasInterrupted" : false,
      "dumbModeStart" : "2024-02-03T22:50:50.40182Z",
      "dumbWallTimeWithPauses" : 32478667,
      "dumbWallTimeWithoutPauses" : 32478667,
      "totalWallTimeWithoutPauses" : 32478667
    },
    "fileCount" : {
      "numberOfChangedDuringIndexingFiles" : 16,
      "numberOfFilesIndexedByInfrastructureExtensionsDuringIndexingStage" : 0,
      "numberOfFilesIndexedWithLoadingContent" : 16,
      "numberOfNothingToWriteFiles" : 0
    },
    "totalStatsPerFileType" : [ {
      "fileType" : "YAML",
      "partOfTotalProcessingTime" : {
        "part" : 13923002,
        "total" : 20025084
      },
      "partOfTotalContentLoadingTime" : {
        "part" : 566167,
        "total" : 1564583
      },
      "totalNumberOfFiles" : 14,
      "totalFilesSize" : 2944,
      "totalProcessingSpeed" : {
        "totalBytes" : 2944,
        "totalCpuTime" : 13923002
      },
      "biggestContributors" : [ {
        "providerName" : "Refreshed files",
        "numberOfFiles" : 14,
        "totalFilesSize" : 2944,
        "partOfTotalProcessingTimeOfThisFileType" : {
          "part" : 13923002,
          "total" : 13923002
        }
      } ]
    }, {
      "fileType" : "HTML",
      "partOfTotalProcessingTime" : {
        "part" : 4628958,
        "total" : 20025084
      },
      "partOfTotalContentLoadingTime" : {
        "part" : 47666,
        "total" : 1564583
      },
      "totalNumberOfFiles" : 1,
      "totalFilesSize" : 1031,
      "totalProcessingSpeed" : {
        "totalBytes" : 1031,
        "totalCpuTime" : 4628958
      },
      "biggestContributors" : [ {
        "providerName" : "Refreshed files",
        "numberOfFiles" : 1,
        "totalFilesSize" : 1031,
        "partOfTotalProcessingTimeOfThisFileType" : {
          "part" : 4628958,
          "total" : 4628958
        }
      } ]
    }, {
      "fileType" : "Kotlin",
      "partOfTotalProcessingTime" : {
        "part" : 1473124,
        "total" : 20025084
      },
      "partOfTotalContentLoadingTime" : {
        "part" : 950750,
        "total" : 1564583
      },
      "totalNumberOfFiles" : 1,
      "totalFilesSize" : 71,
      "totalProcessingSpeed" : {
        "totalBytes" : 71,
        "totalCpuTime" : 1473124
      },
      "biggestContributors" : [ {
        "providerName" : "Refreshed files",
        "numberOfFiles" : 1,
        "totalFilesSize" : 71,
        "partOfTotalProcessingTimeOfThisFileType" : {
          "part" : 1473124,
          "total" : 1473124
        }
      } ]
    } ],
    "totalStatsPerBaseLanguage" : [ {
      "language" : "yaml",
      "partOfTotalProcessingTime" : {
        "part" : 13923002,
        "total" : 20025084
      },
      "partOfTotalContentLoadingTime" : {
        "part" : 2130750,
        "total" : 1564583
      },
      "totalNumberOfFiles" : 14,
      "totalFilesSize" : 2944,
      "totalProcessingSpeed" : {
        "totalBytes" : 2944,
        "totalCpuTime" : 13923002
      }
    }, {
      "language" : "HTML",
      "partOfTotalProcessingTime" : {
        "part" : 4628958,
        "total" : 20025084
      },
      "partOfTotalContentLoadingTime" : {
        "part" : 1612249,
        "total" : 1564583
      },
      "totalNumberOfFiles" : 1,
      "totalFilesSize" : 1031,
      "totalProcessingSpeed" : {
        "totalBytes" : 1031,
        "totalCpuTime" : 4628958
      }
    }, {
      "language" : "XML",
      "partOfTotalProcessingTime" : {
        "part" : 4628958,
        "total" : 20025084
      },
      "partOfTotalContentLoadingTime" : {
        "part" : 1612249,
        "total" : 1564583
      },
      "totalNumberOfFiles" : 1,
      "totalFilesSize" : 1031,
      "totalProcessingSpeed" : {
        "totalBytes" : 1031,
        "totalCpuTime" : 4628958
      }
    }, {
      "language" : "kotlin",
      "partOfTotalProcessingTime" : {
        "part" : 1473124,
        "total" : 20025084
      },
      "partOfTotalContentLoadingTime" : {
        "part" : 2515333,
        "total" : 1564583
      },
      "totalNumberOfFiles" : 1,
      "totalFilesSize" : 71,
      "totalProcessingSpeed" : {
        "totalBytes" : 71,
        "totalCpuTime" : 1473124
      }
    } ],
    "totalStatsPerIndexer" : [ {
      "indexId" : "yaml.keys.name",
      "partOfTotalIndexingTime" : {
        "part" : 2466916,
        "total" : 8562334
      },
      "totalNumberOfFiles" : 14,
      "totalNumberOfFilesIndexedByExtensions" : 0,
      "totalFilesSize" : 2944,
      "indexValueChangerEvaluationSpeed" : {
        "totalBytes" : 2944,
        "totalCpuTime" : 2466916
      }
    }, {
      "indexId" : "js.implicit.elements.index",
      "partOfTotalIndexingTime" : {
        "part" : 2219917,
        "total" : 8562334
      },
      "totalNumberOfFiles" : 1,
      "totalNumberOfFilesIndexedByExtensions" : 0,
      "totalFilesSize" : 1031,
      "indexValueChangerEvaluationSpeed" : {
        "totalBytes" : 1031,
        "totalCpuTime" : 2219917
      }
    }, {
      "indexId" : "IdIndex",
      "partOfTotalIndexingTime" : {
        "part" : 1116998,
        "total" : 8562334
      },
      "totalNumberOfFiles" : 15,
      "totalNumberOfFilesIndexedByExtensions" : 0,
      "totalFilesSize" : 3975,
      "indexValueChangerEvaluationSpeed" : {
        "totalBytes" : 3975,
        "totalCpuTime" : 1116998
      }
    }, {
      "indexId" : "OpenapiSpecificationContentIndexer",
      "partOfTotalIndexingTime" : {
        "part" : 551336,
        "total" : 8562334
      },
      "totalNumberOfFiles" : 14,
      "totalNumberOfFilesIndexedByExtensions" : 0,
      "totalFilesSize" : 2944,
      "indexValueChangerEvaluationSpeed" : {
        "totalBytes" : 2944,
        "totalCpuTime" : 551336
      }
    }, {
      "indexId" : "Trigram.Index",
      "partOfTotalIndexingTime" : {
        "part" : 481793,
        "total" : 8562334
      },
      "totalNumberOfFiles" : 16,
      "totalNumberOfFilesIndexedByExtensions" : 0,
      "totalFilesSize" : 4046,
      "indexValueChangerEvaluationSpeed" : {
        "totalBytes" : 4046,
        "totalCpuTime" : 481793
      }
    }, {
      "indexId" : "docker.compose.services",
      "partOfTotalIndexingTime" : {
        "part" : 368043,
        "total" : 8562334
      },
      "totalNumberOfFiles" : 14,
      "totalNumberOfFilesIndexedByExtensions" : 0,
      "totalFilesSize" : 2944,
      "indexValueChangerEvaluationSpeed" : {
        "totalBytes" : 2944,
        "totalCpuTime" : 368043
      }
    }, {
      "indexId" : "SwReferencesIndex",
      "partOfTotalIndexingTime" : {
        "part" : 274040,
        "total" : 8562334
      },
      "totalNumberOfFiles" : 14,
      "totalNumberOfFilesIndexedByExtensions" : 0,
      "totalFilesSize" : 2944,
      "indexValueChangerEvaluationSpeed" : {
        "totalBytes" : 2944,
        "totalCpuTime" : 274040
      }
    }, {
      "indexId" : "fileIncludes",
      "partOfTotalIndexingTime" : {
        "part" : 267208,
        "total" : 8562334
      },
      "totalNumberOfFiles" : 1,
      "totalNumberOfFilesIndexedByExtensions" : 0,
      "totalFilesSize" : 1031,
      "indexValueChangerEvaluationSpeed" : {
        "totalBytes" : 1031,
        "totalCpuTime" : 267208
      }
    }, {
      "indexId" : "html5.custom.attributes.index",
      "partOfTotalIndexingTime" : {
        "part" : 183166,
        "total" : 8562334
      },
      "totalNumberOfFiles" : 1,
      "totalNumberOfFilesIndexedByExtensions" : 0,
      "totalFilesSize" : 1031,
      "indexValueChangerEvaluationSpeed" : {
        "totalBytes" : 1031,
        "totalCpuTime" : 183166
      }
    }, {
      "indexId" : "WebComponentsIndex",
      "partOfTotalIndexingTime" : {
        "part" : 182125,
        "total" : 8562334
      },
      "totalNumberOfFiles" : 1,
      "totalNumberOfFilesIndexedByExtensions" : 0,
      "totalFilesSize" : 1031,
      "indexValueChangerEvaluationSpeed" : {
        "totalBytes" : 1031,
        "totalCpuTime" : 182125
      }
    }, {
      "indexId" : "CssIndex",
      "partOfTotalIndexingTime" : {
        "part" : 181375,
        "total" : 8562334
      },
      "totalNumberOfFiles" : 1,
      "totalNumberOfFilesIndexedByExtensions" : 0,
      "totalFilesSize" : 1031,
      "indexValueChangerEvaluationSpeed" : {
        "totalBytes" : 1031,
        "totalCpuTime" : 181375
      }
    }, {
      "indexId" : "css.template.selectors",
      "partOfTotalIndexingTime" : {
        "part" : 59584,
        "total" : 8562334
      },
      "totalNumberOfFiles" : 1,
      "totalNumberOfFilesIndexedByExtensions" : 0,
      "totalFilesSize" : 1031,
      "indexValueChangerEvaluationSpeed" : {
        "totalBytes" : 1031,
        "totalCpuTime" : 59584
      }
    }, {
      "indexId" : "Stubs",
      "partOfTotalIndexingTime" : {
        "part" : 55375,
        "total" : 8562334
      },
      "totalNumberOfFiles" : 1,
      "totalNumberOfFilesIndexedByExtensions" : 0,
      "totalFilesSize" : 1031,
      "indexValueChangerEvaluationSpeed" : {
        "totalBytes" : 1031,
        "totalCpuTime" : 55375
      }
    }, {
      "indexId" : "angularjs.template.cache",
      "partOfTotalIndexingTime" : {
        "part" : 39334,
        "total" : 8562334
      },
      "totalNumberOfFiles" : 1,
      "totalNumberOfFilesIndexedByExtensions" : 0,
      "totalFilesSize" : 1031,
      "indexValueChangerEvaluationSpeed" : {
        "totalBytes" : 1031,
        "totalCpuTime" : 39334
      }
    }, {
      "indexId" : "HtmlTagIdIndex",
      "partOfTotalIndexingTime" : {
        "part" : 30916,
        "total" : 8562334
      },
      "totalNumberOfFiles" : 1,
      "totalNumberOfFilesIndexedByExtensions" : 0,
      "totalFilesSize" : 1031,
      "indexValueChangerEvaluationSpeed" : {
        "totalBytes" : 1031,
        "totalCpuTime" : 30916
      }
    }, {
      "indexId" : "angularjs.app.index",
      "partOfTotalIndexingTime" : {
        "part" : 28292,
        "total" : 8562334
      },
      "totalNumberOfFiles" : 1,
      "totalNumberOfFilesIndexedByExtensions" : 0,
      "totalFilesSize" : 1031,
      "indexValueChangerEvaluationSpeed" : {
        "totalBytes" : 1031,
        "totalCpuTime" : 28292
      }
    }, {
      "indexId" : "HtmlScriptSrcIndex",
      "partOfTotalIndexingTime" : {
        "part" : 28041,
        "total" : 8562334
      },
      "totalNumberOfFiles" : 1,
      "totalNumberOfFilesIndexedByExtensions" : 0,
      "totalFilesSize" : 1031,
      "indexValueChangerEvaluationSpeed" : {
        "totalBytes" : 1031,
        "totalCpuTime" : 28041
      }
    }, {
      "indexId" : "angularjs.ui.router.views.index",
      "partOfTotalIndexingTime" : {
        "part" : 24833,
        "total" : 8562334
      },
      "totalNumberOfFiles" : 1,
      "totalNumberOfFilesIndexedByExtensions" : 0,
      "totalFilesSize" : 1031,
      "indexValueChangerEvaluationSpeed" : {
        "totalBytes" : 1031,
        "totalCpuTime" : 24833
      }
    }, {
      "indexId" : "js.custom.single.entry.index",
      "partOfTotalIndexingTime" : {
        "part" : 3042,
        "total" : 8562334
      },
      "totalNumberOfFiles" : 1,
      "totalNumberOfFilesIndexedByExtensions" : 0,
      "totalFilesSize" : 1031,
      "indexValueChangerEvaluationSpeed" : {
        "totalBytes" : 1031,
        "totalCpuTime" : 3042
      }
    } ],
    "statisticsOfChangedDuringIndexingFiles" : {
      "numberOfFiles" : 16,
      "retrievingTime" : 2389125
    },
    "fileProviderStatistics" : [ {
      "providerName" : "Refreshed files",
      "totalNumberOfIndexedFiles" : 16,
      "totalNumberOfFilesFullyIndexedByExtensions" : 0,
      "totalNumberOfNothingToWriteFiles" : 0,
      "totalIndexingVisibleTime" : 4654750,
      "contentLoadingVisibleTime" : 363681,
      "numberOfTooLargeForIndexingFiles" : 0,
      "slowIndexedFiles" : [ ],
      "filesFullyIndexedByExtensions" : [ ],
      "separateApplyingIndexesVisibleTime" : 1726308
    } ],
    "visibleTimeToAllThreadTimeRatio" : 0.2324459662691053
  }
}