{
  "appInfo" : {
    "build" : "233.13135.103",
    "buildDate" : "2023-12-20T05:05:00Z[UTC]",
    "productCode" : "IU",
    "generated" : "2024-02-04T14:13:01.125042Z",
    "os" : "macOS 14.3",
    "runtime" : "JetBrains s.r.o. 17.0.9 17.0.9+7-b1087.9"
  },
  "runtimeInfo" : {
    "maxMemory" : 2147483648,
    "numberOfProcessors" : 10,
    "maxNumberOfIndexingThreads" : 9,
    "maxSizeOfFileForIntelliSense" : 2560000,
    "maxSizeOfFileForContentLoading" : 20971520
  },
  "type" : "DumbIndexing",
  "projectIndexingActivityHistory" : {
    "projectName" : "Steganography and Cryptography",
    "times" : {
      "scanningIds" : [ ],
      "contentLoadingVisibleTime" : 56088,
      "retrievingChangedDuringIndexingFilesTime" : 2481250,
      "separateApplyingIndexesVisibleTime" : 867349,
      "updatingStart" : "2024-02-04T14:13:01.093939Z",
      "updatingEnd" : "2024-02-04T14:13:01.12462Z",
      "totalWallTimeWithPauses" : 30681333,
      "wallTimeOnPause" : 0,
      "wasInterrupted" : false,
      "dumbModeStart" : "2024-02-04T14:13:01.093939Z",
      "dumbWallTimeWithPauses" : 30681333,
      "dumbWallTimeWithoutPauses" : 30681333,
      "totalWallTimeWithoutPauses" : 30681333
    },
    "fileCount" : {
      "numberOfChangedDuringIndexingFiles" : 1,
      "numberOfFilesIndexedByInfrastructureExtensionsDuringIndexingStage" : 0,
      "numberOfFilesIndexedWithLoadingContent" : 1,
      "numberOfNothingToWriteFiles" : 0
    },
    "totalStatsPerFileType" : [ {
      "fileType" : "Kotlin",
      "partOfTotalProcessingTime" : {
        "part" : 3128500,
        "total" : 3128500
      },
      "partOfTotalContentLoadingTime" : {
        "part" : 63791,
        "total" : 63791
      },
      "totalNumberOfFiles" : 1,
      "totalFilesSize" : 2269,
      "totalProcessingSpeed" : {
        "totalBytes" : 2269,
        "totalCpuTime" : 3128500
      },
      "biggestContributors" : [ {
        "providerName" : "Refreshed files",
        "numberOfFiles" : 1,
        "totalFilesSize" : 2269,
        "partOfTotalProcessingTimeOfThisFileType" : {
          "part" : 3128500,
          "total" : 3128500
        }
      } ]
    } ],
    "totalStatsPerBaseLanguage" : [ {
      "language" : "kotlin",
      "partOfTotalProcessingTime" : {
        "part" : 3128500,
        "total" : 3128500
      },
      "partOfTotalContentLoadingTime" : {
        "part" : 127582,
        "total" : 63791
      },
      "totalNumberOfFiles" : 1,
      "totalFilesSize" : 2269,
      "totalProcessingSpeed" : {
        "totalBytes" : 2269,
        "totalCpuTime" : 3128500
      }
    } ],
    "totalStatsPerIndexer" : [ {
      "indexId" : "org.jetbrains.kotlin.idea.vfilefinder.KotlinShortClassNameFileIndex",
      "partOfTotalIndexingTime" : {
        "part" : 834250,
        "total" : 1893372
      },
      "totalNumberOfFiles" : 1,
      "totalNumberOfFilesIndexedByExtensions" : 0,
      "totalFilesSize" : 2269,
      "indexValueChangerEvaluationSpeed" : {
        "totalBytes" : 2269,
        "totalCpuTime" : 834250
      }
    }, {
      "indexId" : "org.jetbrains.kotlin.idea.vfilefinder.KotlinPartialPackageNamesIndex",
      "partOfTotalIndexingTime" : {
        "part" : 342541,
        "total" : 1893372
      },
      "totalNumberOfFiles" : 1,
      "totalNumberOfFilesIndexedByExtensions" : 0,
      "totalFilesSize" : 2269,
      "indexValueChangerEvaluationSpeed" : {
        "totalBytes" : 2269,
        "totalCpuTime" : 342541
      }
    }, {
      "indexId" : "HashFragmentIndex",
      "partOfTotalIndexingTime" : {
        "part" : 246291,
        "total" : 1893372
      },
      "totalNumberOfFiles" : 1,
      "totalNumberOfFilesIndexedByExtensions" : 0,
      "totalFilesSize" : 2269,
      "indexValueChangerEvaluationSpeed" : {
        "totalBytes" : 2269,
        "totalCpuTime" : 246291
      }
    }, {
      "indexId" : "Stubs",
      "partOfTotalIndexingTime" : {
        "part" : 244166,
        "total" : 1893372
      },
      "totalNumberOfFiles" : 1,
      "totalNumberOfFilesIndexedByExtensions" : 0,
      "totalFilesSize" : 2269,
      "indexValueChangerEvaluationSpeed" : {
        "totalBytes" : 2269,
        "totalCpuTime" : 244166
      }
    }, {
      "indexId" : "Trigram.Index",
      "partOfTotalIndexingTime" : {
        "part" : 103250,
        "total" : 1893372
      },
      "totalNumberOfFiles" : 1,
      "totalNumberOfFilesIndexedByExtensions" : 0,
      "totalFilesSize" : 2269,
      "indexValueChangerEvaluationSpeed" : {
        "totalBytes" : 2269,
        "totalCpuTime" : 103250
      }
    }, {
      "indexId" : "IdIndex",
      "partOfTotalIndexingTime" : {
        "part" : 94167,
        "total" : 1893372
      },
      "totalNumberOfFiles" : 1,
      "totalNumberOfFilesIndexedByExtensions" : 0,
      "totalFilesSize" : 2269,
      "indexValueChangerEvaluationSpeed" : {
        "totalBytes" : 2269,
        "totalCpuTime" : 94167
      }
    }, {
      "indexId" : "org.jetbrains.kotlin.idea.base.indices.names.KotlinTopLevelCallableByPackageShortNameIndex",
      "partOfTotalIndexingTime" : {
        "part" : 15166,
        "total" : 1893372
      },
      "totalNumberOfFiles" : 1,
      "totalNumberOfFilesIndexedByExtensions" : 0,
      "totalFilesSize" : 2269,
      "indexValueChangerEvaluationSpeed" : {
        "totalBytes" : 2269,
        "totalCpuTime" : 15166
      }
    }, {
      "indexId" : "org.jetbrains.kotlin.idea.vfilefinder.KotlinPackageSourcesMemberNamesIndex",
      "partOfTotalIndexingTime" : {
        "part" : 8750,
        "total" : 1893372
      },
      "totalNumberOfFiles" : 1,
      "totalNumberOfFilesIndexedByExtensions" : 0,
      "totalFilesSize" : 2269,
      "indexValueChangerEvaluationSpeed" : {
        "totalBytes" : 2269,
        "totalCpuTime" : 8750
      }
    }, {
      "indexId" : "org.jetbrains.kotlin.idea.base.indices.names.KotlinTopLevelClassLikeDeclarationByPackageShortNameIndex",
      "partOfTotalIndexingTime" : {
        "part" : 4791,
        "total" : 1893372
      },
      "totalNumberOfFiles" : 1,
      "totalNumberOfFilesIndexedByExtensions" : 0,
      "totalFilesSize" : 2269,
      "indexValueChangerEvaluationSpeed" : {
        "totalBytes" : 2269,
        "totalCpuTime" : 4791
      }
    } ],
    "statisticsOfChangedDuringIndexingFiles" : {
      "numberOfFiles" : 1,
      "retrievingTime" : 2481250
    },
    "fileProviderStatistics" : [ {
      "providerName" : "Refreshed files",
      "totalNumberOfIndexedFiles" : 1,
      "totalNumberOfFilesFullyIndexedByExtensions" : 0,
      "totalNumberOfNothingToWriteFiles" : 0,
      "totalIndexingVisibleTime" : 2750750,
      "contentLoadingVisibleTime" : 56088,
      "numberOfTooLargeForIndexingFiles" : 0,
      "slowIndexedFiles" : [ ],
      "filesFullyIndexedByExtensions" : [ ],
      "separateApplyingIndexesVisibleTime" : 867349
    } ],
    "visibleTimeToAllThreadTimeRatio" : 0.8792552341377657
  }
}