{
  "appInfo" : {
    "build" : "233.13135.103",
    "buildDate" : "2023-12-20T05:05:00Z[UTC]",
    "productCode" : "IU",
    "generated" : "2024-02-04T15:15:00.685406Z",
    "os" : "macOS 14.3",
    "runtime" : "JetBrains s.r.o. 17.0.9 17.0.9+7-b1087.9"
  },
  "runtimeInfo" : {
    "maxMemory" : 2147483648,
    "numberOfProcessors" : 10,
    "maxNumberOfIndexingThreads" : 9,
    "maxSizeOfFileForIntelliSense" : 2560000,
    "maxSizeOfFileForContentLoading" : 20971520
  },
  "type" : "Scanning",
  "projectIndexingActivityHistory" : {
    "projectName" : "Steganography and Cryptography",
    "times" : {
      "scanningReason" : "changes in: \"Library Gradle: junit:junit:4.13.2 (#1 class roots, #1 source roots)\"",
      "scanningType" : "PARTIAL",
      "scanningId" : 3,
      "creatingIteratorsTime" : 1000,
      "concurrentHandlingWallTimeWithoutPauses" : 22737000,
      "concurrentHandlingWallTimeWithPauses" : 22737000,
      "concurrentHandlingSumOfThreadTimesWithPauses" : 18248292,
      "concurrentIterationAndScannersApplicationSumOfThreadTimesWithPauses" : 768500,
      "concurrentFileCheckSumOfThreadTimesWithPauses" : 17404250,
      "delayedPushPropertiesStageTime" : 4000,
      "indexExtensionsTime" : 0,
      "dumbWallTimeWithPauses" : 0,
      "dumbWallTimeWithoutPauses" : 0,
      "updatingStart" : "2024-02-04T15:15:00.661731Z",
      "updatingEnd" : "2024-02-04T15:15:00.685022Z",
      "totalWallTimeWithPauses" : 23291625,
      "wallTimeOnPause" : 14000,
      "wasInterrupted" : false,
      "totalWallTimeWithoutPauses" : 23277625
    },
    "fileCount" : {
      "numberOfFileProviders" : 1,
      "numberOfScannedFiles" : 578,
      "numberOfFilesIndexedByInfrastructureExtensionsDuringScan" : 0,
      "numberOfFilesScheduledForIndexingAfterScan" : 0
    },
    "scanningStatistics" : [ {
      "providerName" : "Library Gradle: junit:junit:4.13.2 (#1 class roots, #1 source roots)",
      "numberOfScannedFiles" : 578,
      "numberOfSkippedFiles" : 0,
      "numberOfFilesForIndexing" : 0,
      "numberOfFilesFullyIndexedByInfrastructureExtensions" : 0,
      "filesFullyIndexedByInfrastructureExtensions" : [ ],
      "statusTime" : 14226706,
      "totalOneThreadTimeWithPauses" : 18248292,
      "iterationAndScannersApplicationTime" : 768500,
      "filesCheckTime" : 17404250,
      "timeProcessingUpToDateFiles" : 5691287,
      "timeUpdatingContentLessIndexes" : 0,
      "timeIndexingWithoutContentViaInfrastructureExtension" : 0,
      "roots" : [ ]
    } ]
  }
}