{
  "appInfo" : {
    "build" : "233.13135.103",
    "buildDate" : "2023-12-20T05:05:00Z[UTC]",
    "productCode" : "IU",
    "generated" : "2024-02-03T22:50:54.626007Z",
    "os" : "macOS 14.3",
    "runtime" : "JetBrains s.r.o. 17.0.9 17.0.9+7-b1087.9"
  },
  "runtimeInfo" : {
    "maxMemory" : 2147483648,
    "numberOfProcessors" : 10,
    "maxNumberOfIndexingThreads" : 9,
    "maxSizeOfFileForIntelliSense" : 2560000,
    "maxSizeOfFileForContentLoading" : 20971520
  },
  "type" : "DumbIndexing",
  "projectIndexingActivityHistory" : {
    "projectName" : "Steganography and Cryptography",
    "times" : {
      "scanningIds" : [ 13 ],
      "contentLoadingVisibleTime" : 50306,
      "retrievingChangedDuringIndexingFilesTime" : 9792,
      "separateApplyingIndexesVisibleTime" : 366479,
      "updatingStart" : "2024-02-03T22:50:54.57815Z",
      "updatingEnd" : "2024-02-03T22:50:54.625797Z",
      "totalWallTimeWithPauses" : 47647959,
      "wallTimeOnPause" : 0,
      "wasInterrupted" : false,
      "dumbModeStart" : "2024-02-03T22:50:54.57815Z",
      "dumbWallTimeWithPauses" : 47647959,
      "dumbWallTimeWithoutPauses" : 47647959,
      "totalWallTimeWithoutPauses" : 47647959
    },
    "fileCount" : {
      "numberOfChangedDuringIndexingFiles" : 0,
      "numberOfFilesIndexedByInfrastructureExtensionsDuringIndexingStage" : 0,
      "numberOfFilesIndexedWithLoadingContent" : 6,
      "numberOfNothingToWriteFiles" : 0
    },
    "totalStatsPerFileType" : [ {
      "fileType" : "Kotlin",
      "partOfTotalProcessingTime" : {
        "part" : 5902748,
        "total" : 5902748
      },
      "partOfTotalContentLoadingTime" : {
        "part" : 178458,
        "total" : 178458
      },
      "totalNumberOfFiles" : 6,
      "totalFilesSize" : 633,
      "totalProcessingSpeed" : {
        "totalBytes" : 633,
        "totalCpuTime" : 5902748
      },
      "biggestContributors" : [ {
        "providerName" : "Module 'Steganography_and_Cryptography.Topics-Image_colors-RGB_24-bit.main' (all roots)",
        "numberOfFiles" : 1,
        "totalFilesSize" : 109,
        "partOfTotalProcessingTimeOfThisFileType" : {
          "part" : 1416957,
          "total" : 5902748
        }
      }, {
        "providerName" : "Module 'Steganography_and_Cryptography.Topics-Image_colors-Theory.main' (all roots)",
        "numberOfFiles" : 1,
        "totalFilesSize" : 109,
        "partOfTotalProcessingTimeOfThisFileType" : {
          "part" : 1118043,
          "total" : 5902748
        }
      }, {
        "providerName" : "Module 'Steganography_and_Cryptography.Topics-Image_colors-RGB_color.main' (all roots)",
        "numberOfFiles" : 1,
        "totalFilesSize" : 109,
        "partOfTotalProcessingTimeOfThisFileType" : {
          "part" : 1025875,
          "total" : 5902748
        }
      }, {
        "providerName" : "Module 'Steganography_and_Cryptography.Topics-Image_colors-Generate_ARGB_value.main' (all roots)",
        "numberOfFiles" : 1,
        "totalFilesSize" : 71,
        "partOfTotalProcessingTimeOfThisFileType" : {
          "part" : 931917,
          "total" : 5902748
        }
      }, {
        "providerName" : "Module 'Steganography_and_Cryptography.Topics-Image_colors-Negative_image.main' (all roots)",
        "numberOfFiles" : 1,
        "totalFilesSize" : 126,
        "partOfTotalProcessingTimeOfThisFileType" : {
          "part" : 927708,
          "total" : 5902748
        }
      }, {
        "providerName" : "Module 'Steganography_and_Cryptography.Topics-Image_colors-Alpha_Channel.main' (all roots)",
        "numberOfFiles" : 1,
        "totalFilesSize" : 109,
        "partOfTotalProcessingTimeOfThisFileType" : {
          "part" : 482248,
          "total" : 5902748
        }
      } ]
    } ],
    "totalStatsPerBaseLanguage" : [ {
      "language" : "kotlin",
      "partOfTotalProcessingTime" : {
        "part" : 5902748,
        "total" : 5902748
      },
      "partOfTotalContentLoadingTime" : {
        "part" : 356916,
        "total" : 178458
      },
      "totalNumberOfFiles" : 6,
      "totalFilesSize" : 633,
      "totalProcessingSpeed" : {
        "totalBytes" : 633,
        "totalCpuTime" : 5902748
      }
    } ],
    "totalStatsPerIndexer" : [ {
      "indexId" : "org.jetbrains.kotlin.idea.vfilefinder.KotlinPartialPackageNamesIndex",
      "partOfTotalIndexingTime" : {
        "part" : 1110917,
        "total" : 2980710
      },
      "totalNumberOfFiles" : 6,
      "totalNumberOfFilesIndexedByExtensions" : 0,
      "totalFilesSize" : 633,
      "indexValueChangerEvaluationSpeed" : {
        "totalBytes" : 633,
        "totalCpuTime" : 1110917
      }
    }, {
      "indexId" : "Stubs",
      "partOfTotalIndexingTime" : {
        "part" : 552875,
        "total" : 2980710
      },
      "totalNumberOfFiles" : 6,
      "totalNumberOfFilesIndexedByExtensions" : 0,
      "totalFilesSize" : 633,
      "indexValueChangerEvaluationSpeed" : {
        "totalBytes" : 633,
        "totalCpuTime" : 552875
      }
    }, {
      "indexId" : "org.jetbrains.kotlin.idea.vfilefinder.KotlinPackageSourcesMemberNamesIndex",
      "partOfTotalIndexingTime" : {
        "part" : 463541,
        "total" : 2980710
      },
      "totalNumberOfFiles" : 6,
      "totalNumberOfFilesIndexedByExtensions" : 0,
      "totalFilesSize" : 633,
      "indexValueChangerEvaluationSpeed" : {
        "totalBytes" : 633,
        "totalCpuTime" : 463541
      }
    }, {
      "indexId" : "IdIndex",
      "partOfTotalIndexingTime" : {
        "part" : 309584,
        "total" : 2980710
      },
      "totalNumberOfFiles" : 6,
      "totalNumberOfFilesIndexedByExtensions" : 0,
      "totalFilesSize" : 633,
      "indexValueChangerEvaluationSpeed" : {
        "totalBytes" : 633,
        "totalCpuTime" : 309584
      }
    }, {
      "indexId" : "HashFragmentIndex",
      "partOfTotalIndexingTime" : {
        "part" : 239542,
        "total" : 2980710
      },
      "totalNumberOfFiles" : 6,
      "totalNumberOfFilesIndexedByExtensions" : 0,
      "totalFilesSize" : 633,
      "indexValueChangerEvaluationSpeed" : {
        "totalBytes" : 633,
        "totalCpuTime" : 239542
      }
    }, {
      "indexId" : "org.jetbrains.kotlin.idea.vfilefinder.KotlinShortClassNameFileIndex",
      "partOfTotalIndexingTime" : {
        "part" : 202416,
        "total" : 2980710
      },
      "totalNumberOfFiles" : 6,
      "totalNumberOfFilesIndexedByExtensions" : 0,
      "totalFilesSize" : 633,
      "indexValueChangerEvaluationSpeed" : {
        "totalBytes" : 633,
        "totalCpuTime" : 202416
      }
    }, {
      "indexId" : "org.jetbrains.kotlin.idea.base.indices.names.KotlinTopLevelCallableByPackageShortNameIndex",
      "partOfTotalIndexingTime" : {
        "part" : 67041,
        "total" : 2980710
      },
      "totalNumberOfFiles" : 6,
      "totalNumberOfFilesIndexedByExtensions" : 0,
      "totalFilesSize" : 633,
      "indexValueChangerEvaluationSpeed" : {
        "totalBytes" : 633,
        "totalCpuTime" : 67041
      }
    }, {
      "indexId" : "org.jetbrains.kotlin.idea.base.indices.names.KotlinTopLevelClassLikeDeclarationByPackageShortNameIndex",
      "partOfTotalIndexingTime" : {
        "part" : 34794,
        "total" : 2980710
      },
      "totalNumberOfFiles" : 6,
      "totalNumberOfFilesIndexedByExtensions" : 0,
      "totalFilesSize" : 633,
      "indexValueChangerEvaluationSpeed" : {
        "totalBytes" : 633,
        "totalCpuTime" : 34794
      }
    } ],
    "statisticsOfChangedDuringIndexingFiles" : {
      "numberOfFiles" : 0,
      "retrievingTime" : 9792
    },
    "fileProviderStatistics" : [ {
      "providerName" : "Module 'Steganography_and_Cryptography.Topics-Image_colors-RGB_24-bit.main' (all roots)",
      "totalNumberOfIndexedFiles" : 1,
      "totalNumberOfFilesFullyIndexedByExtensions" : 0,
      "totalNumberOfNothingToWriteFiles" : 0,
      "totalIndexingVisibleTime" : 399453,
      "contentLoadingVisibleTime" : 7106,
      "numberOfTooLargeForIndexingFiles" : 0,
      "slowIndexedFiles" : [ ],
      "filesFullyIndexedByExtensions" : [ ],
      "separateApplyingIndexesVisibleTime" : 222861
    }, {
      "providerName" : "Module 'Steganography_and_Cryptography.Topics-Image_colors-Theory.main' (all roots)",
      "totalNumberOfIndexedFiles" : 1,
      "totalNumberOfFilesFullyIndexedByExtensions" : 0,
      "totalNumberOfNothingToWriteFiles" : 0,
      "totalIndexingVisibleTime" : 315186,
      "contentLoadingVisibleTime" : 6953,
      "numberOfTooLargeForIndexingFiles" : 0,
      "slowIndexedFiles" : [ ],
      "filesFullyIndexedByExtensions" : [ ],
      "separateApplyingIndexesVisibleTime" : 17255
    }, {
      "providerName" : "Module 'Steganography_and_Cryptography.Topics-Image_colors-RGB_color.main' (all roots)",
      "totalNumberOfIndexedFiles" : 1,
      "totalNumberOfFilesFullyIndexedByExtensions" : 0,
      "totalNumberOfNothingToWriteFiles" : 0,
      "totalIndexingVisibleTime" : 289203,
      "contentLoadingVisibleTime" : 14107,
      "numberOfTooLargeForIndexingFiles" : 0,
      "slowIndexedFiles" : [ ],
      "filesFullyIndexedByExtensions" : [ ],
      "separateApplyingIndexesVisibleTime" : 22458
    }, {
      "providerName" : "Module 'Steganography_and_Cryptography.Topics-Image_colors-Generate_ARGB_value.main' (all roots)",
      "totalNumberOfIndexedFiles" : 1,
      "totalNumberOfFilesFullyIndexedByExtensions" : 0,
      "totalNumberOfNothingToWriteFiles" : 0,
      "totalIndexingVisibleTime" : 262716,
      "contentLoadingVisibleTime" : 8386,
      "numberOfTooLargeForIndexingFiles" : 0,
      "slowIndexedFiles" : [ ],
      "filesFullyIndexedByExtensions" : [ ],
      "separateApplyingIndexesVisibleTime" : 40207
    }, {
      "providerName" : "Module 'Steganography_and_Cryptography.Topics-Image_colors-Negative_image.main' (all roots)",
      "totalNumberOfIndexedFiles" : 1,
      "totalNumberOfFilesFullyIndexedByExtensions" : 0,
      "totalNumberOfNothingToWriteFiles" : 0,
      "totalIndexingVisibleTime" : 261529,
      "contentLoadingVisibleTime" : 9538,
      "numberOfTooLargeForIndexingFiles" : 0,
      "slowIndexedFiles" : [ ],
      "filesFullyIndexedByExtensions" : [ ],
      "separateApplyingIndexesVisibleTime" : 25677
    }, {
      "providerName" : "Module 'Steganography_and_Cryptography.Topics-Image_colors-Alpha_Channel.main' (all roots)",
      "totalNumberOfIndexedFiles" : 1,
      "totalNumberOfFilesFullyIndexedByExtensions" : 0,
      "totalNumberOfNothingToWriteFiles" : 0,
      "totalIndexingVisibleTime" : 135950,
      "contentLoadingVisibleTime" : 4216,
      "numberOfTooLargeForIndexingFiles" : 0,
      "slowIndexedFiles" : [ ],
      "filesFullyIndexedByExtensions" : [ ],
      "separateApplyingIndexesVisibleTime" : 38021
    }, {
      "providerName" : "Refreshed files",
      "totalNumberOfIndexedFiles" : 0,
      "totalNumberOfFilesFullyIndexedByExtensions" : 0,
      "totalNumberOfNothingToWriteFiles" : 0,
      "totalIndexingVisibleTime" : 0,
      "contentLoadingVisibleTime" : 0,
      "numberOfTooLargeForIndexingFiles" : 0,
      "slowIndexedFiles" : [ ],
      "filesFullyIndexedByExtensions" : [ ],
      "separateApplyingIndexesVisibleTime" : 0
    } ],
    "visibleTimeToAllThreadTimeRatio" : 0.0
  }
}