{
  "appInfo" : {
    "build" : "233.13135.103",
    "buildDate" : "2023-12-20T05:05:00Z[UTC]",
    "productCode" : "IU",
    "generated" : "2024-02-04T14:37:39.469828Z",
    "os" : "macOS 14.3",
    "runtime" : "JetBrains s.r.o. 17.0.9 17.0.9+7-b1087.9"
  },
  "runtimeInfo" : {
    "maxMemory" : 2147483648,
    "numberOfProcessors" : 10,
    "maxNumberOfIndexingThreads" : 9,
    "maxSizeOfFileForIntelliSense" : 2560000,
    "maxSizeOfFileForContentLoading" : 20971520
  },
  "type" : "DumbIndexing",
  "projectIndexingActivityHistory" : {
    "projectName" : "Steganography and Cryptography",
    "times" : {
      "scanningIds" : [ ],
      "contentLoadingVisibleTime" : 383683,
      "retrievingChangedDuringIndexingFilesTime" : 156083,
      "separateApplyingIndexesVisibleTime" : 3276088,
      "updatingStart" : "2024-02-04T14:37:39.42534Z",
      "updatingEnd" : "2024-02-04T14:37:39.469541Z",
      "totalWallTimeWithPauses" : 44197917,
      "wallTimeOnPause" : 0,
      "wasInterrupted" : false,
      "dumbModeStart" : "2024-02-04T14:37:39.42534Z",
      "dumbWallTimeWithPauses" : 44197917,
      "dumbWallTimeWithoutPauses" : 44197917,
      "totalWallTimeWithoutPauses" : 44197917
    },
    "fileCount" : {
      "numberOfChangedDuringIndexingFiles" : 23,
      "numberOfFilesIndexedByInfrastructureExtensionsDuringIndexingStage" : 0,
      "numberOfFilesIndexedWithLoadingContent" : 23,
      "numberOfNothingToWriteFiles" : 0
    },
    "totalStatsPerFileType" : [ {
      "fileType" : "YAML",
      "partOfTotalProcessingTime" : {
        "part" : 47479952,
        "total" : 47479952
      },
      "partOfTotalContentLoadingTime" : {
        "part" : 1513874,
        "total" : 1513874
      },
      "totalNumberOfFiles" : 23,
      "totalFilesSize" : 5521,
      "totalProcessingSpeed" : {
        "totalBytes" : 5521,
        "totalCpuTime" : 47479952
      },
      "biggestContributors" : [ {
        "providerName" : "Refreshed files",
        "numberOfFiles" : 23,
        "totalFilesSize" : 5521,
        "partOfTotalProcessingTimeOfThisFileType" : {
          "part" : 47479952,
          "total" : 47479952
        }
      } ]
    } ],
    "totalStatsPerBaseLanguage" : [ {
      "language" : "yaml",
      "partOfTotalProcessingTime" : {
        "part" : 47479952,
        "total" : 47479952
      },
      "partOfTotalContentLoadingTime" : {
        "part" : 3027748,
        "total" : 1513874
      },
      "totalNumberOfFiles" : 23,
      "totalFilesSize" : 5521,
      "totalProcessingSpeed" : {
        "totalBytes" : 5521,
        "totalCpuTime" : 47479952
      }
    } ],
    "totalStatsPerIndexer" : [ {
      "indexId" : "yaml.keys.name",
      "partOfTotalIndexingTime" : {
        "part" : 11762544,
        "total" : 19219463
      },
      "totalNumberOfFiles" : 23,
      "totalNumberOfFilesIndexedByExtensions" : 0,
      "totalFilesSize" : 5521,
      "indexValueChangerEvaluationSpeed" : {
        "totalBytes" : 5521,
        "totalCpuTime" : 11762544
      }
    }, {
      "indexId" : "IdIndex",
      "partOfTotalIndexingTime" : {
        "part" : 3221585,
        "total" : 19219463
      },
      "totalNumberOfFiles" : 23,
      "totalNumberOfFilesIndexedByExtensions" : 0,
      "totalFilesSize" : 5521,
      "indexValueChangerEvaluationSpeed" : {
        "totalBytes" : 5521,
        "totalCpuTime" : 3221585
      }
    }, {
      "indexId" : "OpenapiSpecificationContentIndexer",
      "partOfTotalIndexingTime" : {
        "part" : 1464165,
        "total" : 19219463
      },
      "totalNumberOfFiles" : 23,
      "totalNumberOfFilesIndexedByExtensions" : 0,
      "totalFilesSize" : 5521,
      "indexValueChangerEvaluationSpeed" : {
        "totalBytes" : 5521,
        "totalCpuTime" : 1464165
      }
    }, {
      "indexId" : "docker.compose.services",
      "partOfTotalIndexingTime" : {
        "part" : 1070917,
        "total" : 19219463
      },
      "totalNumberOfFiles" : 23,
      "totalNumberOfFilesIndexedByExtensions" : 0,
      "totalFilesSize" : 5521,
      "indexValueChangerEvaluationSpeed" : {
        "totalBytes" : 5521,
        "totalCpuTime" : 1070917
      }
    }, {
      "indexId" : "Trigram.Index",
      "partOfTotalIndexingTime" : {
        "part" : 953963,
        "total" : 19219463
      },
      "totalNumberOfFiles" : 23,
      "totalNumberOfFilesIndexedByExtensions" : 0,
      "totalFilesSize" : 5521,
      "indexValueChangerEvaluationSpeed" : {
        "totalBytes" : 5521,
        "totalCpuTime" : 953963
      }
    }, {
      "indexId" : "SwReferencesIndex",
      "partOfTotalIndexingTime" : {
        "part" : 746289,
        "total" : 19219463
      },
      "totalNumberOfFiles" : 23,
      "totalNumberOfFilesIndexedByExtensions" : 0,
      "totalFilesSize" : 5521,
      "indexValueChangerEvaluationSpeed" : {
        "totalBytes" : 5521,
        "totalCpuTime" : 746289
      }
    } ],
    "statisticsOfChangedDuringIndexingFiles" : {
      "numberOfFiles" : 23,
      "retrievingTime" : 156083
    },
    "fileProviderStatistics" : [ {
      "providerName" : "Refreshed files",
      "totalNumberOfIndexedFiles" : 23,
      "totalNumberOfFilesFullyIndexedByExtensions" : 0,
      "totalNumberOfNothingToWriteFiles" : 0,
      "totalIndexingVisibleTime" : 12033542,
      "contentLoadingVisibleTime" : 383683,
      "numberOfTooLargeForIndexingFiles" : 0,
      "slowIndexedFiles" : [ ],
      "filesFullyIndexedByExtensions" : [ ],
      "separateApplyingIndexesVisibleTime" : 3276088
    } ],
    "visibleTimeToAllThreadTimeRatio" : 0.2534446959845284
  }
}