{
  "appInfo" : {
    "build" : "233.13135.103",
    "buildDate" : "2023-12-20T05:05:00Z[UTC]",
    "productCode" : "IU",
    "generated" : "2024-02-03T13:37:09.238013Z",
    "os" : "macOS 14.3",
    "runtime" : "JetBrains s.r.o. 17.0.9 17.0.9+7-b1087.9"
  },
  "runtimeInfo" : {
    "maxMemory" : 2147483648,
    "numberOfProcessors" : 10,
    "maxNumberOfIndexingThreads" : 9,
    "maxSizeOfFileForIntelliSense" : 2560000,
    "maxSizeOfFileForContentLoading" : 20971520
  },
  "type" : "DumbIndexing",
  "projectIndexingActivityHistory" : {
    "projectName" : "Steganography and Cryptography",
    "times" : {
      "scanningIds" : [ 11 ],
      "contentLoadingVisibleTime" : 682901,
      "retrievingChangedDuringIndexingFilesTime" : 12458,
      "separateApplyingIndexesVisibleTime" : 880848,
      "updatingStart" : "2024-02-03T13:37:09.18419Z",
      "updatingEnd" : "2024-02-03T13:37:09.237779Z",
      "totalWallTimeWithPauses" : 53590625,
      "wallTimeOnPause" : 0,
      "wasInterrupted" : false,
      "dumbModeStart" : "2024-02-03T13:37:09.18419Z",
      "dumbWallTimeWithPauses" : 53590625,
      "dumbWallTimeWithoutPauses" : 53590625,
      "totalWallTimeWithoutPauses" : 53590625
    },
    "fileCount" : {
      "numberOfChangedDuringIndexingFiles" : 0,
      "numberOfFilesIndexedByInfrastructureExtensionsDuringIndexingStage" : 0,
      "numberOfFilesIndexedWithLoadingContent" : 13,
      "numberOfNothingToWriteFiles" : 6
    },
    "totalStatsPerFileType" : [ {
      "fileType" : "CLASS",
      "partOfTotalProcessingTime" : {
        "part" : 6119584,
        "total" : 16856462
      },
      "partOfTotalContentLoadingTime" : {
        "part" : 756625,
        "total" : 2339208
      },
      "totalNumberOfFiles" : 2,
      "totalFilesSize" : 4842,
      "totalProcessingSpeed" : {
        "totalBytes" : 4842,
        "totalCpuTime" : 6119584
      },
      "biggestContributors" : [ {
        "providerName" : "Module 'Steganography_and_Cryptography.Steganography_and_Cryptography-task-build-classes-kotlin.test' (all roots)",
        "numberOfFiles" : 1,
        "totalFilesSize" : 3004,
        "partOfTotalProcessingTimeOfThisFileType" : {
          "part" : 3956876,
          "total" : 6119584
        }
      }, {
        "providerName" : "Module 'Steganography_and_Cryptography.Steganography_and_Cryptography-task-build-classes-kotlin' (all roots)",
        "numberOfFiles" : 1,
        "totalFilesSize" : 1838,
        "partOfTotalProcessingTimeOfThisFileType" : {
          "part" : 2162708,
          "total" : 6119584
        }
      } ]
    }, {
      "fileType" : "Kotlin",
      "partOfTotalProcessingTime" : {
        "part" : 3180085,
        "total" : 16856462
      },
      "partOfTotalContentLoadingTime" : {
        "part" : 89500,
        "total" : 2339208
      },
      "totalNumberOfFiles" : 2,
      "totalFilesSize" : 218,
      "totalProcessingSpeed" : {
        "totalBytes" : 218,
        "totalCpuTime" : 3180085
      },
      "biggestContributors" : [ {
        "providerName" : "Module 'Steganography_and_Cryptography.Topics-Functions_as_objects-Function_type.main' (all roots)",
        "numberOfFiles" : 1,
        "totalFilesSize" : 109,
        "partOfTotalProcessingTimeOfThisFileType" : {
          "part" : 2150293,
          "total" : 3180085
        }
      }, {
        "providerName" : "Module 'Steganography_and_Cryptography.Topics-Functions_as_objects-Theory.main' (all roots)",
        "numberOfFiles" : 1,
        "totalFilesSize" : 109,
        "partOfTotalProcessingTimeOfThisFileType" : {
          "part" : 1029792,
          "total" : 3180085
        }
      } ]
    }, {
      "fileType" : "XML",
      "partOfTotalProcessingTime" : {
        "part" : 2934084,
        "total" : 16856462
      },
      "partOfTotalContentLoadingTime" : {
        "part" : 260083,
        "total" : 2339208
      },
      "totalNumberOfFiles" : 1,
      "totalFilesSize" : 611,
      "totalProcessingSpeed" : {
        "totalBytes" : 611,
        "totalCpuTime" : 2934084
      },
      "biggestContributors" : [ {
        "providerName" : "Module 'Steganography_and_Cryptography.Steganography_and_Cryptography-task-build-test-results.test' (all roots)",
        "numberOfFiles" : 1,
        "totalFilesSize" : 611,
        "partOfTotalProcessingTimeOfThisFileType" : {
          "part" : 2934084,
          "total" : 2934084
        }
      } ]
    }, {
      "fileType" : "kotlin_module",
      "partOfTotalProcessingTime" : {
        "part" : 2080708,
        "total" : 16856462
      },
      "partOfTotalContentLoadingTime" : {
        "part" : 940791,
        "total" : 2339208
      },
      "totalNumberOfFiles" : 2,
      "totalFilesSize" : 72,
      "totalProcessingSpeed" : {
        "totalBytes" : 72,
        "totalCpuTime" : 2080708
      },
      "biggestContributors" : [ {
        "providerName" : "Module 'Steganography_and_Cryptography.Steganography_and_Cryptography-task-build-classes-kotlin' (all roots)",
        "numberOfFiles" : 1,
        "totalFilesSize" : 48,
        "partOfTotalProcessingTimeOfThisFileType" : {
          "part" : 1164667,
          "total" : 2080708
        }
      }, {
        "providerName" : "Module 'Steganography_and_Cryptography.Steganography_and_Cryptography-task-build-classes-kotlin.test' (all roots)",
        "numberOfFiles" : 1,
        "totalFilesSize" : 24,
        "partOfTotalProcessingTimeOfThisFileType" : {
          "part" : 916041,
          "total" : 2080708
        }
      } ]
    }, {
      "fileType" : "HTML",
      "partOfTotalProcessingTime" : {
        "part" : 982542,
        "total" : 16856462
      },
      "partOfTotalContentLoadingTime" : {
        "part" : 92625,
        "total" : 2339208
      },
      "totalNumberOfFiles" : 3,
      "totalFilesSize" : 6643,
      "totalProcessingSpeed" : {
        "totalBytes" : 6643,
        "totalCpuTime" : 982542
      },
      "biggestContributors" : [ {
        "providerName" : "Module 'Steganography_and_Cryptography.Steganography_and_Cryptography-task-build-reports-tests.test' (all roots)",
        "numberOfFiles" : 3,
        "totalFilesSize" : 6643,
        "partOfTotalProcessingTimeOfThisFileType" : {
          "part" : 982542,
          "total" : 982542
        }
      } ]
    }, {
      "fileType" : "CSS",
      "partOfTotalProcessingTime" : {
        "part" : 959500,
        "total" : 16856462
      },
      "partOfTotalContentLoadingTime" : {
        "part" : 102500,
        "total" : 2339208
      },
      "totalNumberOfFiles" : 2,
      "totalFilesSize" : 3780,
      "totalProcessingSpeed" : {
        "totalBytes" : 3780,
        "totalCpuTime" : 959500
      },
      "biggestContributors" : [ {
        "providerName" : "Module 'Steganography_and_Cryptography.Steganography_and_Cryptography-task-build-reports-tests.test' (all roots)",
        "numberOfFiles" : 2,
        "totalFilesSize" : 3780,
        "partOfTotalProcessingTimeOfThisFileType" : {
          "part" : 959500,
          "total" : 959500
        }
      } ]
    }, {
      "fileType" : "JavaScript",
      "partOfTotalProcessingTime" : {
        "part" : 599959,
        "total" : 16856462
      },
      "partOfTotalContentLoadingTime" : {
        "part" : 97084,
        "total" : 2339208
      },
      "totalNumberOfFiles" : 1,
      "totalFilesSize" : 5252,
      "totalProcessingSpeed" : {
        "totalBytes" : 5252,
        "totalCpuTime" : 599959
      },
      "biggestContributors" : [ {
        "providerName" : "Module 'Steganography_and_Cryptography.Steganography_and_Cryptography-task-build-reports-tests.test' (all roots)",
        "numberOfFiles" : 1,
        "totalFilesSize" : 5252,
        "partOfTotalProcessingTimeOfThisFileType" : {
          "part" : 599959,
          "total" : 599959
        }
      } ]
    } ],
    "totalStatsPerBaseLanguage" : [ {
      "language" : "XML",
      "partOfTotalProcessingTime" : {
        "part" : 3916626,
        "total" : 16856462
      },
      "partOfTotalContentLoadingTime" : {
        "part" : 2431833,
        "total" : 2339208
      },
      "totalNumberOfFiles" : 4,
      "totalFilesSize" : 7254,
      "totalProcessingSpeed" : {
        "totalBytes" : 7254,
        "totalCpuTime" : 3916626
      }
    }, {
      "language" : "kotlin",
      "partOfTotalProcessingTime" : {
        "part" : 3180085,
        "total" : 16856462
      },
      "partOfTotalContentLoadingTime" : {
        "part" : 2428708,
        "total" : 2339208
      },
      "totalNumberOfFiles" : 2,
      "totalFilesSize" : 218,
      "totalProcessingSpeed" : {
        "totalBytes" : 218,
        "totalCpuTime" : 3180085
      }
    }, {
      "language" : "HTML",
      "partOfTotalProcessingTime" : {
        "part" : 982542,
        "total" : 16856462
      },
      "partOfTotalContentLoadingTime" : {
        "part" : 2431833,
        "total" : 2339208
      },
      "totalNumberOfFiles" : 3,
      "totalFilesSize" : 6643,
      "totalProcessingSpeed" : {
        "totalBytes" : 6643,
        "totalCpuTime" : 982542
      }
    }, {
      "language" : "CSS",
      "partOfTotalProcessingTime" : {
        "part" : 959500,
        "total" : 16856462
      },
      "partOfTotalContentLoadingTime" : {
        "part" : 2441708,
        "total" : 2339208
      },
      "totalNumberOfFiles" : 2,
      "totalFilesSize" : 3780,
      "totalProcessingSpeed" : {
        "totalBytes" : 3780,
        "totalCpuTime" : 959500
      }
    }, {
      "language" : "JavaScript",
      "partOfTotalProcessingTime" : {
        "part" : 599959,
        "total" : 16856462
      },
      "partOfTotalContentLoadingTime" : {
        "part" : 2436292,
        "total" : 2339208
      },
      "totalNumberOfFiles" : 1,
      "totalFilesSize" : 5252,
      "totalProcessingSpeed" : {
        "totalBytes" : 5252,
        "totalCpuTime" : 599959
      }
    } ],
    "totalStatsPerIndexer" : [ {
      "indexId" : "Stubs",
      "partOfTotalIndexingTime" : {
        "part" : 3406626,
        "total" : 7921750
      },
      "totalNumberOfFiles" : 5,
      "totalNumberOfFilesIndexedByExtensions" : 0,
      "totalFilesSize" : 5671,
      "indexValueChangerEvaluationSpeed" : {
        "totalBytes" : 5671,
        "totalCpuTime" : 3406626
      }
    }, {
      "indexId" : "IdIndex",
      "partOfTotalIndexingTime" : {
        "part" : 1342458,
        "total" : 7921750
      },
      "totalNumberOfFiles" : 3,
      "totalNumberOfFilesIndexedByExtensions" : 0,
      "totalFilesSize" : 829,
      "indexValueChangerEvaluationSpeed" : {
        "totalBytes" : 829,
        "totalCpuTime" : 1342458
      }
    }, {
      "indexId" : "org.jetbrains.kotlin.idea.vfilefinder.KotlinClassFileIndex",
      "partOfTotalIndexingTime" : {
        "part" : 734083,
        "total" : 7921750
      },
      "totalNumberOfFiles" : 2,
      "totalNumberOfFilesIndexedByExtensions" : 0,
      "totalFilesSize" : 4842,
      "indexValueChangerEvaluationSpeed" : {
        "totalBytes" : 4842,
        "totalCpuTime" : 734083
      }
    }, {
      "indexId" : "DomFileIndex",
      "partOfTotalIndexingTime" : {
        "part" : 553083,
        "total" : 7921750
      },
      "totalNumberOfFiles" : 1,
      "totalNumberOfFilesIndexedByExtensions" : 0,
      "totalFilesSize" : 611,
      "indexValueChangerEvaluationSpeed" : {
        "totalBytes" : 611,
        "totalCpuTime" : 553083
      }
    }, {
      "indexId" : "org.jetbrains.kotlin.idea.vfilefinder.KotlinPartialPackageNamesIndex",
      "partOfTotalIndexingTime" : {
        "part" : 480166,
        "total" : 7921750
      },
      "totalNumberOfFiles" : 4,
      "totalNumberOfFilesIndexedByExtensions" : 0,
      "totalFilesSize" : 5060,
      "indexValueChangerEvaluationSpeed" : {
        "totalBytes" : 5060,
        "totalCpuTime" : 480166
      }
    }, {
      "indexId" : "org.jetbrains.kotlin.idea.vfilefinder.KotlinModuleMappingIndex",
      "partOfTotalIndexingTime" : {
        "part" : 407625,
        "total" : 7921750
      },
      "totalNumberOfFiles" : 2,
      "totalNumberOfFilesIndexedByExtensions" : 0,
      "totalFilesSize" : 72,
      "indexValueChangerEvaluationSpeed" : {
        "totalBytes" : 72,
        "totalCpuTime" : 407625
      }
    }, {
      "indexId" : "bytecodeAnalysis",
      "partOfTotalIndexingTime" : {
        "part" : 191459,
        "total" : 7921750
      },
      "totalNumberOfFiles" : 2,
      "totalNumberOfFilesIndexedByExtensions" : 0,
      "totalFilesSize" : 4842,
      "indexValueChangerEvaluationSpeed" : {
        "totalBytes" : 4842,
        "totalCpuTime" : 191459
      }
    }, {
      "indexId" : "FrameworkDetectionIndex",
      "partOfTotalIndexingTime" : {
        "part" : 146166,
        "total" : 7921750
      },
      "totalNumberOfFiles" : 1,
      "totalNumberOfFilesIndexedByExtensions" : 0,
      "totalFilesSize" : 611,
      "indexValueChangerEvaluationSpeed" : {
        "totalBytes" : 611,
        "totalCpuTime" : 146166
      }
    }, {
      "indexId" : "HashFragmentIndex",
      "partOfTotalIndexingTime" : {
        "part" : 125708,
        "total" : 7921750
      },
      "totalNumberOfFiles" : 2,
      "totalNumberOfFilesIndexedByExtensions" : 0,
      "totalFilesSize" : 218,
      "indexValueChangerEvaluationSpeed" : {
        "totalBytes" : 218,
        "totalCpuTime" : 125708
      }
    }, {
      "indexId" : "org.jetbrains.kotlin.idea.vfilefinder.KotlinShortClassNameFileIndex",
      "partOfTotalIndexingTime" : {
        "part" : 113166,
        "total" : 7921750
      },
      "totalNumberOfFiles" : 4,
      "totalNumberOfFilesIndexedByExtensions" : 0,
      "totalFilesSize" : 5060,
      "indexValueChangerEvaluationSpeed" : {
        "totalBytes" : 5060,
        "totalCpuTime" : 113166
      }
    }, {
      "indexId" : "fileIncludes",
      "partOfTotalIndexingTime" : {
        "part" : 89375,
        "total" : 7921750
      },
      "totalNumberOfFiles" : 1,
      "totalNumberOfFilesIndexedByExtensions" : 0,
      "totalFilesSize" : 611,
      "indexValueChangerEvaluationSpeed" : {
        "totalBytes" : 611,
        "totalCpuTime" : 89375
      }
    }, {
      "indexId" : "org.jetbrains.kotlin.idea.base.indices.names.KotlinTopLevelCallableByPackageShortNameIndex",
      "partOfTotalIndexingTime" : {
        "part" : 68833,
        "total" : 7921750
      },
      "totalNumberOfFiles" : 4,
      "totalNumberOfFilesIndexedByExtensions" : 0,
      "totalFilesSize" : 5060,
      "indexValueChangerEvaluationSpeed" : {
        "totalBytes" : 5060,
        "totalCpuTime" : 68833
      }
    }, {
      "indexId" : "Trigram.Index",
      "partOfTotalIndexingTime" : {
        "part" : 45792,
        "total" : 7921750
      },
      "totalNumberOfFiles" : 1,
      "totalNumberOfFilesIndexedByExtensions" : 0,
      "totalFilesSize" : 611,
      "indexValueChangerEvaluationSpeed" : {
        "totalBytes" : 611,
        "totalCpuTime" : 45792
      }
    }, {
      "indexId" : "org.jetbrains.kotlin.idea.vfilefinder.KotlinJvmModuleAnnotationsIndex",
      "partOfTotalIndexingTime" : {
        "part" : 37166,
        "total" : 7921750
      },
      "totalNumberOfFiles" : 2,
      "totalNumberOfFilesIndexedByExtensions" : 0,
      "totalFilesSize" : 72,
      "indexValueChangerEvaluationSpeed" : {
        "totalBytes" : 72,
        "totalCpuTime" : 37166
      }
    }, {
      "indexId" : "taglibUris",
      "partOfTotalIndexingTime" : {
        "part" : 35167,
        "total" : 7921750
      },
      "totalNumberOfFiles" : 1,
      "totalNumberOfFilesIndexedByExtensions" : 0,
      "totalFilesSize" : 611,
      "indexValueChangerEvaluationSpeed" : {
        "totalBytes" : 611,
        "totalCpuTime" : 35167
      }
    }, {
      "indexId" : "SpringXmlBeansIndex",
      "partOfTotalIndexingTime" : {
        "part" : 32958,
        "total" : 7921750
      },
      "totalNumberOfFiles" : 1,
      "totalNumberOfFilesIndexedByExtensions" : 0,
      "totalFilesSize" : 611,
      "indexValueChangerEvaluationSpeed" : {
        "totalBytes" : 611,
        "totalCpuTime" : 32958
      }
    }, {
      "indexId" : "org.jetbrains.kotlin.idea.versions.KotlinJvmMetadataVersionIndex",
      "partOfTotalIndexingTime" : {
        "part" : 31625,
        "total" : 7921750
      },
      "totalNumberOfFiles" : 2,
      "totalNumberOfFilesIndexedByExtensions" : 0,
      "totalFilesSize" : 4842,
      "indexValueChangerEvaluationSpeed" : {
        "totalBytes" : 4842,
        "totalCpuTime" : 31625
      }
    }, {
      "indexId" : "org.jetbrains.kotlin.idea.base.indices.names.KotlinTopLevelClassLikeDeclarationByPackageShortNameIndex",
      "partOfTotalIndexingTime" : {
        "part" : 25710,
        "total" : 7921750
      },
      "totalNumberOfFiles" : 4,
      "totalNumberOfFilesIndexedByExtensions" : 0,
      "totalFilesSize" : 5060,
      "indexValueChangerEvaluationSpeed" : {
        "totalBytes" : 5060,
        "totalCpuTime" : 25710
      }
    }, {
      "indexId" : "RelaxSymbolIndex",
      "partOfTotalIndexingTime" : {
        "part" : 23083,
        "total" : 7921750
      },
      "totalNumberOfFiles" : 1,
      "totalNumberOfFilesIndexedByExtensions" : 0,
      "totalFilesSize" : 611,
      "indexValueChangerEvaluationSpeed" : {
        "totalBytes" : 611,
        "totalCpuTime" : 23083
      }
    }, {
      "indexId" : "org.jetbrains.kotlin.idea.vfilefinder.KotlinPackageSourcesMemberNamesIndex",
      "partOfTotalIndexingTime" : {
        "part" : 20125,
        "total" : 7921750
      },
      "totalNumberOfFiles" : 2,
      "totalNumberOfFilesIndexedByExtensions" : 0,
      "totalFilesSize" : 218,
      "indexValueChangerEvaluationSpeed" : {
        "totalBytes" : 218,
        "totalCpuTime" : 20125
      }
    }, {
      "indexId" : "xmlProperties",
      "partOfTotalIndexingTime" : {
        "part" : 6709,
        "total" : 7921750
      },
      "totalNumberOfFiles" : 1,
      "totalNumberOfFilesIndexedByExtensions" : 0,
      "totalFilesSize" : 611,
      "indexValueChangerEvaluationSpeed" : {
        "totalBytes" : 611,
        "totalCpuTime" : 6709
      }
    }, {
      "indexId" : "XsltSymbolIndex",
      "partOfTotalIndexingTime" : {
        "part" : 4667,
        "total" : 7921750
      },
      "totalNumberOfFiles" : 1,
      "totalNumberOfFilesIndexedByExtensions" : 0,
      "totalFilesSize" : 611,
      "indexValueChangerEvaluationSpeed" : {
        "totalBytes" : 611,
        "totalCpuTime" : 4667
      }
    } ],
    "statisticsOfChangedDuringIndexingFiles" : {
      "numberOfFiles" : 0,
      "retrievingTime" : 12458
    },
    "fileProviderStatistics" : [ {
      "providerName" : "Module 'Steganography_and_Cryptography.Steganography_and_Cryptography-task-build-classes-kotlin.test' (all roots)",
      "totalNumberOfIndexedFiles" : 2,
      "totalNumberOfFilesFullyIndexedByExtensions" : 0,
      "totalNumberOfNothingToWriteFiles" : 0,
      "totalIndexingVisibleTime" : 1422589,
      "contentLoadingVisibleTime" : 153084,
      "numberOfTooLargeForIndexingFiles" : 0,
      "slowIndexedFiles" : [ ],
      "filesFullyIndexedByExtensions" : [ ],
      "separateApplyingIndexesVisibleTime" : 243111
    }, {
      "providerName" : "Module 'Steganography_and_Cryptography.Steganography_and_Cryptography-task-build-classes-kotlin' (all roots)",
      "totalNumberOfIndexedFiles" : 2,
      "totalNumberOfFilesFullyIndexedByExtensions" : 0,
      "totalNumberOfNothingToWriteFiles" : 0,
      "totalIndexingVisibleTime" : 971387,
      "contentLoadingVisibleTime" : 342455,
      "numberOfTooLargeForIndexingFiles" : 0,
      "slowIndexedFiles" : [ ],
      "filesFullyIndexedByExtensions" : [ ],
      "separateApplyingIndexesVisibleTime" : 228283
    }, {
      "providerName" : "Module 'Steganography_and_Cryptography.Steganography_and_Cryptography-task-build-test-results.test' (all roots)",
      "totalNumberOfIndexedFiles" : 1,
      "totalNumberOfFilesFullyIndexedByExtensions" : 0,
      "totalNumberOfNothingToWriteFiles" : 0,
      "totalIndexingVisibleTime" : 856570,
      "contentLoadingVisibleTime" : 75928,
      "numberOfTooLargeForIndexingFiles" : 0,
      "slowIndexedFiles" : [ ],
      "filesFullyIndexedByExtensions" : [ ],
      "separateApplyingIndexesVisibleTime" : 198226
    }, {
      "providerName" : "Module 'Steganography_and_Cryptography.Steganography_and_Cryptography-task-build-reports-tests.test' (all roots)",
      "totalNumberOfIndexedFiles" : 6,
      "totalNumberOfFilesFullyIndexedByExtensions" : 0,
      "totalNumberOfNothingToWriteFiles" : 6,
      "totalIndexingVisibleTime" : 742106,
      "contentLoadingVisibleTime" : 85306,
      "numberOfTooLargeForIndexingFiles" : 0,
      "slowIndexedFiles" : [ ],
      "filesFullyIndexedByExtensions" : [ ],
      "separateApplyingIndexesVisibleTime" : 7687
    }, {
      "providerName" : "Module 'Steganography_and_Cryptography.Topics-Functions_as_objects-Function_type.main' (all roots)",
      "totalNumberOfIndexedFiles" : 1,
      "totalNumberOfFilesFullyIndexedByExtensions" : 0,
      "totalNumberOfNothingToWriteFiles" : 0,
      "totalIndexingVisibleTime" : 627752,
      "contentLoadingVisibleTime" : 22698,
      "numberOfTooLargeForIndexingFiles" : 0,
      "slowIndexedFiles" : [ ],
      "filesFullyIndexedByExtensions" : [ ],
      "separateApplyingIndexesVisibleTime" : 101679
    }, {
      "providerName" : "Module 'Steganography_and_Cryptography.Topics-Functions_as_objects-Theory.main' (all roots)",
      "totalNumberOfIndexedFiles" : 1,
      "totalNumberOfFilesFullyIndexedByExtensions" : 0,
      "totalNumberOfNothingToWriteFiles" : 0,
      "totalIndexingVisibleTime" : 300635,
      "contentLoadingVisibleTime" : 3430,
      "numberOfTooLargeForIndexingFiles" : 0,
      "slowIndexedFiles" : [ ],
      "filesFullyIndexedByExtensions" : [ ],
      "separateApplyingIndexesVisibleTime" : 101862
    }, {
      "providerName" : "Refreshed files",
      "totalNumberOfIndexedFiles" : 0,
      "totalNumberOfFilesFullyIndexedByExtensions" : 0,
      "totalNumberOfNothingToWriteFiles" : 0,
      "totalIndexingVisibleTime" : 0,
      "contentLoadingVisibleTime" : 0,
      "numberOfTooLargeForIndexingFiles" : 0,
      "slowIndexedFiles" : [ ],
      "filesFullyIndexedByExtensions" : [ ],
      "separateApplyingIndexesVisibleTime" : 0
    } ],
    "visibleTimeToAllThreadTimeRatio" : 0.0
  }
}