{
  "appInfo" : {
    "build" : "233.13135.103",
    "buildDate" : "2023-12-20T05:05:00Z[UTC]",
    "productCode" : "IU",
    "generated" : "2024-02-04T15:09:35.708446Z",
    "os" : "macOS 14.3",
    "runtime" : "JetBrains s.r.o. 17.0.9 17.0.9+7-b1087.9"
  },
  "runtimeInfo" : {
    "maxMemory" : 2147483648,
    "numberOfProcessors" : 10,
    "maxNumberOfIndexingThreads" : 9,
    "maxSizeOfFileForIntelliSense" : 2560000,
    "maxSizeOfFileForContentLoading" : 20971520
  },
  "type" : "DumbIndexing",
  "projectIndexingActivityHistory" : {
    "projectName" : "Steganography and Cryptography",
    "times" : {
      "scanningIds" : [ ],
      "contentLoadingVisibleTime" : 101820,
      "retrievingChangedDuringIndexingFilesTime" : 6094167,
      "separateApplyingIndexesVisibleTime" : 2012523,
      "updatingStart" : "2024-02-04T15:09:35.669023Z",
      "updatingEnd" : "2024-02-04T15:09:35.708005Z",
      "totalWallTimeWithPauses" : 38981583,
      "wallTimeOnPause" : 0,
      "wasInterrupted" : false,
      "dumbModeStart" : "2024-02-04T15:09:35.669023Z",
      "dumbWallTimeWithPauses" : 38981583,
      "dumbWallTimeWithoutPauses" : 38981583,
      "totalWallTimeWithoutPauses" : 38981583
    },
    "fileCount" : {
      "numberOfChangedDuringIndexingFiles" : 32,
      "numberOfFilesIndexedByInfrastructureExtensionsDuringIndexingStage" : 0,
      "numberOfFilesIndexedWithLoadingContent" : 32,
      "numberOfNothingToWriteFiles" : 0
    },
    "totalStatsPerFileType" : [ {
      "fileType" : "YAML",
      "partOfTotalProcessingTime" : {
        "part" : 43647086,
        "total" : 43647086
      },
      "partOfTotalContentLoadingTime" : {
        "part" : 475457,
        "total" : 475457
      },
      "totalNumberOfFiles" : 32,
      "totalFilesSize" : 17793,
      "totalProcessingSpeed" : {
        "totalBytes" : 17793,
        "totalCpuTime" : 43647086
      },
      "biggestContributors" : [ {
        "providerName" : "Refreshed files",
        "numberOfFiles" : 32,
        "totalFilesSize" : 17793,
        "partOfTotalProcessingTimeOfThisFileType" : {
          "part" : 43647086,
          "total" : 43647086
        }
      } ]
    } ],
    "totalStatsPerBaseLanguage" : [ {
      "language" : "yaml",
      "partOfTotalProcessingTime" : {
        "part" : 43647086,
        "total" : 43647086
      },
      "partOfTotalContentLoadingTime" : {
        "part" : 950914,
        "total" : 475457
      },
      "totalNumberOfFiles" : 32,
      "totalFilesSize" : 17793,
      "totalProcessingSpeed" : {
        "totalBytes" : 17793,
        "totalCpuTime" : 43647086
      }
    } ],
    "totalStatsPerIndexer" : [ {
      "indexId" : "yaml.keys.name",
      "partOfTotalIndexingTime" : {
        "part" : 5501290,
        "total" : 13850210
      },
      "totalNumberOfFiles" : 32,
      "totalNumberOfFilesIndexedByExtensions" : 0,
      "totalFilesSize" : 17793,
      "indexValueChangerEvaluationSpeed" : {
        "totalBytes" : 17793,
        "totalCpuTime" : 5501290
      }
    }, {
      "indexId" : "IdIndex",
      "partOfTotalIndexingTime" : {
        "part" : 4103000,
        "total" : 13850210
      },
      "totalNumberOfFiles" : 32,
      "totalNumberOfFilesIndexedByExtensions" : 0,
      "totalFilesSize" : 17793,
      "indexValueChangerEvaluationSpeed" : {
        "totalBytes" : 17793,
        "totalCpuTime" : 4103000
      }
    }, {
      "indexId" : "OpenapiSpecificationContentIndexer",
      "partOfTotalIndexingTime" : {
        "part" : 1758666,
        "total" : 13850210
      },
      "totalNumberOfFiles" : 32,
      "totalNumberOfFilesIndexedByExtensions" : 0,
      "totalFilesSize" : 17793,
      "indexValueChangerEvaluationSpeed" : {
        "totalBytes" : 17793,
        "totalCpuTime" : 1758666
      }
    }, {
      "indexId" : "Trigram.Index",
      "partOfTotalIndexingTime" : {
        "part" : 1284500,
        "total" : 13850210
      },
      "totalNumberOfFiles" : 32,
      "totalNumberOfFilesIndexedByExtensions" : 0,
      "totalFilesSize" : 17793,
      "indexValueChangerEvaluationSpeed" : {
        "totalBytes" : 17793,
        "totalCpuTime" : 1284500
      }
    }, {
      "indexId" : "docker.compose.services",
      "partOfTotalIndexingTime" : {
        "part" : 679754,
        "total" : 13850210
      },
      "totalNumberOfFiles" : 32,
      "totalNumberOfFilesIndexedByExtensions" : 0,
      "totalFilesSize" : 17793,
      "indexValueChangerEvaluationSpeed" : {
        "totalBytes" : 17793,
        "totalCpuTime" : 679754
      }
    }, {
      "indexId" : "SwReferencesIndex",
      "partOfTotalIndexingTime" : {
        "part" : 523000,
        "total" : 13850210
      },
      "totalNumberOfFiles" : 32,
      "totalNumberOfFilesIndexedByExtensions" : 0,
      "totalFilesSize" : 17793,
      "indexValueChangerEvaluationSpeed" : {
        "totalBytes" : 17793,
        "totalCpuTime" : 523000
      }
    } ],
    "statisticsOfChangedDuringIndexingFiles" : {
      "numberOfFiles" : 32,
      "retrievingTime" : 6094167
    },
    "fileProviderStatistics" : [ {
      "providerName" : "Refreshed files",
      "totalNumberOfIndexedFiles" : 32,
      "totalNumberOfFilesFullyIndexedByExtensions" : 0,
      "totalNumberOfNothingToWriteFiles" : 0,
      "totalIndexingVisibleTime" : 9347125,
      "contentLoadingVisibleTime" : 101820,
      "numberOfTooLargeForIndexingFiles" : 0,
      "slowIndexedFiles" : [ ],
      "filesFullyIndexedByExtensions" : [ ],
      "separateApplyingIndexesVisibleTime" : 2012523
    } ],
    "visibleTimeToAllThreadTimeRatio" : 0.2141523262286055
  }
}