{
  "appInfo" : {
    "build" : "233.13135.103",
    "buildDate" : "2023-12-20T05:05:00Z[UTC]",
    "productCode" : "IU",
    "generated" : "2024-02-03T21:40:02.578538Z",
    "os" : "macOS 14.3",
    "runtime" : "JetBrains s.r.o. 17.0.9 17.0.9+7-b1087.9"
  },
  "runtimeInfo" : {
    "maxMemory" : 2147483648,
    "numberOfProcessors" : 10,
    "maxNumberOfIndexingThreads" : 9,
    "maxSizeOfFileForIntelliSense" : 2560000,
    "maxSizeOfFileForContentLoading" : 20971520
  },
  "type" : "DumbIndexing",
  "projectIndexingActivityHistory" : {
    "projectName" : "Steganography and Cryptography",
    "times" : {
      "scanningIds" : [ 12 ],
      "contentLoadingVisibleTime" : 71680,
      "retrievingChangedDuringIndexingFilesTime" : 8542,
      "separateApplyingIndexesVisibleTime" : 419711,
      "updatingStart" : "2024-02-03T21:40:02.532051Z",
      "updatingEnd" : "2024-02-03T21:40:02.57838Z",
      "totalWallTimeWithPauses" : 46329208,
      "wallTimeOnPause" : 0,
      "wasInterrupted" : false,
      "dumbModeStart" : "2024-02-03T21:40:02.532051Z",
      "dumbWallTimeWithPauses" : 46329208,
      "dumbWallTimeWithoutPauses" : 46329208,
      "totalWallTimeWithoutPauses" : 46329208
    },
    "fileCount" : {
      "numberOfChangedDuringIndexingFiles" : 0,
      "numberOfFilesIndexedByInfrastructureExtensionsDuringIndexingStage" : 0,
      "numberOfFilesIndexedWithLoadingContent" : 3,
      "numberOfNothingToWriteFiles" : 0
    },
    "totalStatsPerFileType" : [ {
      "fileType" : "Kotlin",
      "partOfTotalProcessingTime" : {
        "part" : 3630959,
        "total" : 3630959
      },
      "partOfTotalContentLoadingTime" : {
        "part" : 163750,
        "total" : 163750
      },
      "totalNumberOfFiles" : 3,
      "totalFilesSize" : 327,
      "totalProcessingSpeed" : {
        "totalBytes" : 327,
        "totalCpuTime" : 3630959
      },
      "biggestContributors" : [ {
        "providerName" : "Module 'Steganography_and_Cryptography.Topics-Multi-dimensional_array-Theory.main' (all roots)",
        "numberOfFiles" : 1,
        "totalFilesSize" : 109,
        "partOfTotalProcessingTimeOfThisFileType" : {
          "part" : 1386210,
          "total" : 3630959
        }
      }, {
        "providerName" : "Module 'Steganography_and_Cryptography.Topics-Multi-dimensional_array-Correct_statements.main' (all roots)",
        "numberOfFiles" : 1,
        "totalFilesSize" : 109,
        "partOfTotalProcessingTimeOfThisFileType" : {
          "part" : 1289917,
          "total" : 3630959
        }
      }, {
        "providerName" : "Module 'Steganography_and_Cryptography.Topics-Multi-dimensional_array-Indexing_rules.main' (all roots)",
        "numberOfFiles" : 1,
        "totalFilesSize" : 109,
        "partOfTotalProcessingTimeOfThisFileType" : {
          "part" : 954832,
          "total" : 3630959
        }
      } ]
    } ],
    "totalStatsPerBaseLanguage" : [ {
      "language" : "kotlin",
      "partOfTotalProcessingTime" : {
        "part" : 3630959,
        "total" : 3630959
      },
      "partOfTotalContentLoadingTime" : {
        "part" : 327500,
        "total" : 163750
      },
      "totalNumberOfFiles" : 3,
      "totalFilesSize" : 327,
      "totalProcessingSpeed" : {
        "totalBytes" : 327,
        "totalCpuTime" : 3630959
      }
    } ],
    "totalStatsPerIndexer" : [ {
      "indexId" : "org.jetbrains.kotlin.idea.vfilefinder.KotlinPartialPackageNamesIndex",
      "partOfTotalIndexingTime" : {
        "part" : 603291,
        "total" : 1356250
      },
      "totalNumberOfFiles" : 3,
      "totalNumberOfFilesIndexedByExtensions" : 0,
      "totalFilesSize" : 327,
      "indexValueChangerEvaluationSpeed" : {
        "totalBytes" : 327,
        "totalCpuTime" : 603291
      }
    }, {
      "indexId" : "org.jetbrains.kotlin.idea.vfilefinder.KotlinShortClassNameFileIndex",
      "partOfTotalIndexingTime" : {
        "part" : 242626,
        "total" : 1356250
      },
      "totalNumberOfFiles" : 3,
      "totalNumberOfFilesIndexedByExtensions" : 0,
      "totalFilesSize" : 327,
      "indexValueChangerEvaluationSpeed" : {
        "totalBytes" : 327,
        "totalCpuTime" : 242626
      }
    }, {
      "indexId" : "Stubs",
      "partOfTotalIndexingTime" : {
        "part" : 226042,
        "total" : 1356250
      },
      "totalNumberOfFiles" : 3,
      "totalNumberOfFilesIndexedByExtensions" : 0,
      "totalFilesSize" : 327,
      "indexValueChangerEvaluationSpeed" : {
        "totalBytes" : 327,
        "totalCpuTime" : 226042
      }
    }, {
      "indexId" : "IdIndex",
      "partOfTotalIndexingTime" : {
        "part" : 98583,
        "total" : 1356250
      },
      "totalNumberOfFiles" : 3,
      "totalNumberOfFilesIndexedByExtensions" : 0,
      "totalFilesSize" : 327,
      "indexValueChangerEvaluationSpeed" : {
        "totalBytes" : 327,
        "totalCpuTime" : 98583
      }
    }, {
      "indexId" : "HashFragmentIndex",
      "partOfTotalIndexingTime" : {
        "part" : 95584,
        "total" : 1356250
      },
      "totalNumberOfFiles" : 3,
      "totalNumberOfFilesIndexedByExtensions" : 0,
      "totalFilesSize" : 327,
      "indexValueChangerEvaluationSpeed" : {
        "totalBytes" : 327,
        "totalCpuTime" : 95584
      }
    }, {
      "indexId" : "org.jetbrains.kotlin.idea.base.indices.names.KotlinTopLevelCallableByPackageShortNameIndex",
      "partOfTotalIndexingTime" : {
        "part" : 55958,
        "total" : 1356250
      },
      "totalNumberOfFiles" : 3,
      "totalNumberOfFilesIndexedByExtensions" : 0,
      "totalFilesSize" : 327,
      "indexValueChangerEvaluationSpeed" : {
        "totalBytes" : 327,
        "totalCpuTime" : 55958
      }
    }, {
      "indexId" : "org.jetbrains.kotlin.idea.vfilefinder.KotlinPackageSourcesMemberNamesIndex",
      "partOfTotalIndexingTime" : {
        "part" : 21833,
        "total" : 1356250
      },
      "totalNumberOfFiles" : 3,
      "totalNumberOfFilesIndexedByExtensions" : 0,
      "totalFilesSize" : 327,
      "indexValueChangerEvaluationSpeed" : {
        "totalBytes" : 327,
        "totalCpuTime" : 21833
      }
    }, {
      "indexId" : "org.jetbrains.kotlin.idea.base.indices.names.KotlinTopLevelClassLikeDeclarationByPackageShortNameIndex",
      "partOfTotalIndexingTime" : {
        "part" : 12333,
        "total" : 1356250
      },
      "totalNumberOfFiles" : 3,
      "totalNumberOfFilesIndexedByExtensions" : 0,
      "totalFilesSize" : 327,
      "indexValueChangerEvaluationSpeed" : {
        "totalBytes" : 327,
        "totalCpuTime" : 12333
      }
    } ],
    "statisticsOfChangedDuringIndexingFiles" : {
      "numberOfFiles" : 0,
      "retrievingTime" : 8542
    },
    "fileProviderStatistics" : [ {
      "providerName" : "Module 'Steganography_and_Cryptography.Topics-Multi-dimensional_array-Theory.main' (all roots)",
      "totalNumberOfIndexedFiles" : 1,
      "totalNumberOfFilesFullyIndexedByExtensions" : 0,
      "totalNumberOfNothingToWriteFiles" : 0,
      "totalIndexingVisibleTime" : 606815,
      "contentLoadingVisibleTime" : 26483,
      "numberOfTooLargeForIndexingFiles" : 0,
      "slowIndexedFiles" : [ ],
      "filesFullyIndexedByExtensions" : [ ],
      "separateApplyingIndexesVisibleTime" : 277826
    }, {
      "providerName" : "Module 'Steganography_and_Cryptography.Topics-Multi-dimensional_array-Correct_statements.main' (all roots)",
      "totalNumberOfIndexedFiles" : 1,
      "totalNumberOfFilesFullyIndexedByExtensions" : 0,
      "totalNumberOfNothingToWriteFiles" : 0,
      "totalIndexingVisibleTime" : 564663,
      "contentLoadingVisibleTime" : 33652,
      "numberOfTooLargeForIndexingFiles" : 0,
      "slowIndexedFiles" : [ ],
      "filesFullyIndexedByExtensions" : [ ],
      "separateApplyingIndexesVisibleTime" : 46128
    }, {
      "providerName" : "Module 'Steganography_and_Cryptography.Topics-Multi-dimensional_array-Indexing_rules.main' (all roots)",
      "totalNumberOfIndexedFiles" : 1,
      "totalNumberOfFilesFullyIndexedByExtensions" : 0,
      "totalNumberOfNothingToWriteFiles" : 0,
      "totalIndexingVisibleTime" : 417979,
      "contentLoadingVisibleTime" : 11545,
      "numberOfTooLargeForIndexingFiles" : 0,
      "slowIndexedFiles" : [ ],
      "filesFullyIndexedByExtensions" : [ ],
      "separateApplyingIndexesVisibleTime" : 95757
    }, {
      "providerName" : "Refreshed files",
      "totalNumberOfIndexedFiles" : 0,
      "totalNumberOfFilesFullyIndexedByExtensions" : 0,
      "totalNumberOfNothingToWriteFiles" : 0,
      "totalIndexingVisibleTime" : 0,
      "contentLoadingVisibleTime" : 0,
      "numberOfTooLargeForIndexingFiles" : 0,
      "slowIndexedFiles" : [ ],
      "filesFullyIndexedByExtensions" : [ ],
      "separateApplyingIndexesVisibleTime" : 0
    } ],
    "visibleTimeToAllThreadTimeRatio" : 0.0
  }
}