{
  "appInfo" : {
    "build" : "233.13135.103",
    "buildDate" : "2023-12-20T05:05:00Z[UTC]",
    "productCode" : "IU",
    "generated" : "2024-02-04T01:30:30.219874Z",
    "os" : "macOS 14.3",
    "runtime" : "JetBrains s.r.o. 17.0.9 17.0.9+7-b1087.9"
  },
  "runtimeInfo" : {
    "maxMemory" : 2147483648,
    "numberOfProcessors" : 10,
    "maxNumberOfIndexingThreads" : 9,
    "maxSizeOfFileForIntelliSense" : 2560000,
    "maxSizeOfFileForContentLoading" : 20971520
  },
  "type" : "DumbIndexing",
  "projectIndexingActivityHistory" : {
    "projectName" : "Steganography and Cryptography",
    "times" : {
      "scanningIds" : [ 15 ],
      "contentLoadingVisibleTime" : 26988,
      "retrievingChangedDuringIndexingFilesTime" : 13250,
      "separateApplyingIndexesVisibleTime" : 274236,
      "updatingStart" : "2024-02-04T01:30:30.171292Z",
      "updatingEnd" : "2024-02-04T01:30:30.219705Z",
      "totalWallTimeWithPauses" : 48413042,
      "wallTimeOnPause" : 0,
      "wasInterrupted" : false,
      "dumbModeStart" : "2024-02-04T01:30:30.171292Z",
      "dumbWallTimeWithPauses" : 48413042,
      "dumbWallTimeWithoutPauses" : 48413042,
      "totalWallTimeWithoutPauses" : 48413042
    },
    "fileCount" : {
      "numberOfChangedDuringIndexingFiles" : 0,
      "numberOfFilesIndexedByInfrastructureExtensionsDuringIndexingStage" : 0,
      "numberOfFilesIndexedWithLoadingContent" : 2,
      "numberOfNothingToWriteFiles" : 0
    },
    "totalStatsPerFileType" : [ {
      "fileType" : "Kotlin",
      "partOfTotalProcessingTime" : {
        "part" : 1680251,
        "total" : 1680251
      },
      "partOfTotalContentLoadingTime" : {
        "part" : 50916,
        "total" : 50916
      },
      "totalNumberOfFiles" : 2,
      "totalFilesSize" : 228,
      "totalProcessingSpeed" : {
        "totalBytes" : 228,
        "totalCpuTime" : 1680251
      },
      "biggestContributors" : [ {
        "providerName" : "Module 'Steganography_and_Cryptography.Topics-Image_libraries-Drawing_two_lines.main' (all roots)",
        "numberOfFiles" : 1,
        "totalFilesSize" : 119,
        "partOfTotalProcessingTimeOfThisFileType" : {
          "part" : 848709,
          "total" : 1680251
        }
      }, {
        "providerName" : "Module 'Steganography_and_Cryptography.Topics-Image_libraries-Color_encoding.main' (all roots)",
        "numberOfFiles" : 1,
        "totalFilesSize" : 109,
        "partOfTotalProcessingTimeOfThisFileType" : {
          "part" : 831542,
          "total" : 1680251
        }
      } ]
    } ],
    "totalStatsPerBaseLanguage" : [ {
      "language" : "kotlin",
      "partOfTotalProcessingTime" : {
        "part" : 1680251,
        "total" : 1680251
      },
      "partOfTotalContentLoadingTime" : {
        "part" : 101832,
        "total" : 50916
      },
      "totalNumberOfFiles" : 2,
      "totalFilesSize" : 228,
      "totalProcessingSpeed" : {
        "totalBytes" : 228,
        "totalCpuTime" : 1680251
      }
    } ],
    "totalStatsPerIndexer" : [ {
      "indexId" : "org.jetbrains.kotlin.idea.vfilefinder.KotlinPartialPackageNamesIndex",
      "partOfTotalIndexingTime" : {
        "part" : 232374,
        "total" : 782167
      },
      "totalNumberOfFiles" : 2,
      "totalNumberOfFilesIndexedByExtensions" : 0,
      "totalFilesSize" : 228,
      "indexValueChangerEvaluationSpeed" : {
        "totalBytes" : 228,
        "totalCpuTime" : 232374
      }
    }, {
      "indexId" : "Stubs",
      "partOfTotalIndexingTime" : {
        "part" : 177167,
        "total" : 782167
      },
      "totalNumberOfFiles" : 2,
      "totalNumberOfFilesIndexedByExtensions" : 0,
      "totalFilesSize" : 228,
      "indexValueChangerEvaluationSpeed" : {
        "totalBytes" : 228,
        "totalCpuTime" : 177167
      }
    }, {
      "indexId" : "HashFragmentIndex",
      "partOfTotalIndexingTime" : {
        "part" : 132667,
        "total" : 782167
      },
      "totalNumberOfFiles" : 2,
      "totalNumberOfFilesIndexedByExtensions" : 0,
      "totalFilesSize" : 228,
      "indexValueChangerEvaluationSpeed" : {
        "totalBytes" : 228,
        "totalCpuTime" : 132667
      }
    }, {
      "indexId" : "IdIndex",
      "partOfTotalIndexingTime" : {
        "part" : 110959,
        "total" : 782167
      },
      "totalNumberOfFiles" : 2,
      "totalNumberOfFilesIndexedByExtensions" : 0,
      "totalFilesSize" : 228,
      "indexValueChangerEvaluationSpeed" : {
        "totalBytes" : 228,
        "totalCpuTime" : 110959
      }
    }, {
      "indexId" : "org.jetbrains.kotlin.idea.vfilefinder.KotlinShortClassNameFileIndex",
      "partOfTotalIndexingTime" : {
        "part" : 89166,
        "total" : 782167
      },
      "totalNumberOfFiles" : 2,
      "totalNumberOfFilesIndexedByExtensions" : 0,
      "totalFilesSize" : 228,
      "indexValueChangerEvaluationSpeed" : {
        "totalBytes" : 228,
        "totalCpuTime" : 89166
      }
    }, {
      "indexId" : "org.jetbrains.kotlin.idea.base.indices.names.KotlinTopLevelCallableByPackageShortNameIndex",
      "partOfTotalIndexingTime" : {
        "part" : 19875,
        "total" : 782167
      },
      "totalNumberOfFiles" : 2,
      "totalNumberOfFilesIndexedByExtensions" : 0,
      "totalFilesSize" : 228,
      "indexValueChangerEvaluationSpeed" : {
        "totalBytes" : 228,
        "totalCpuTime" : 19875
      }
    }, {
      "indexId" : "org.jetbrains.kotlin.idea.vfilefinder.KotlinPackageSourcesMemberNamesIndex",
      "partOfTotalIndexingTime" : {
        "part" : 12667,
        "total" : 782167
      },
      "totalNumberOfFiles" : 2,
      "totalNumberOfFilesIndexedByExtensions" : 0,
      "totalFilesSize" : 228,
      "indexValueChangerEvaluationSpeed" : {
        "totalBytes" : 228,
        "totalCpuTime" : 12667
      }
    }, {
      "indexId" : "org.jetbrains.kotlin.idea.base.indices.names.KotlinTopLevelClassLikeDeclarationByPackageShortNameIndex",
      "partOfTotalIndexingTime" : {
        "part" : 7292,
        "total" : 782167
      },
      "totalNumberOfFiles" : 2,
      "totalNumberOfFilesIndexedByExtensions" : 0,
      "totalFilesSize" : 228,
      "indexValueChangerEvaluationSpeed" : {
        "totalBytes" : 228,
        "totalCpuTime" : 7292
      }
    } ],
    "statisticsOfChangedDuringIndexingFiles" : {
      "numberOfFiles" : 0,
      "retrievingTime" : 13250
    },
    "fileProviderStatistics" : [ {
      "providerName" : "Module 'Steganography_and_Cryptography.Topics-Image_libraries-Drawing_two_lines.main' (all roots)",
      "totalNumberOfIndexedFiles" : 1,
      "totalNumberOfFilesFullyIndexedByExtensions" : 0,
      "totalNumberOfNothingToWriteFiles" : 0,
      "totalIndexingVisibleTime" : 449862,
      "contentLoadingVisibleTime" : 11131,
      "numberOfTooLargeForIndexingFiles" : 0,
      "slowIndexedFiles" : [ ],
      "filesFullyIndexedByExtensions" : [ ],
      "separateApplyingIndexesVisibleTime" : 144881
    }, {
      "providerName" : "Module 'Steganography_and_Cryptography.Topics-Image_libraries-Color_encoding.main' (all roots)",
      "totalNumberOfIndexedFiles" : 1,
      "totalNumberOfFilesFullyIndexedByExtensions" : 0,
      "totalNumberOfNothingToWriteFiles" : 0,
      "totalIndexingVisibleTime" : 440762,
      "contentLoadingVisibleTime" : 15857,
      "numberOfTooLargeForIndexingFiles" : 0,
      "slowIndexedFiles" : [ ],
      "filesFullyIndexedByExtensions" : [ ],
      "separateApplyingIndexesVisibleTime" : 129355
    }, {
      "providerName" : "Refreshed files",
      "totalNumberOfIndexedFiles" : 0,
      "totalNumberOfFilesFullyIndexedByExtensions" : 0,
      "totalNumberOfNothingToWriteFiles" : 0,
      "totalIndexingVisibleTime" : 0,
      "contentLoadingVisibleTime" : 0,
      "numberOfTooLargeForIndexingFiles" : 0,
      "slowIndexedFiles" : [ ],
      "filesFullyIndexedByExtensions" : [ ],
      "separateApplyingIndexesVisibleTime" : 0
    } ],
    "visibleTimeToAllThreadTimeRatio" : 0.0
  }
}