{
  "appInfo" : {
    "build" : "233.13135.103",
    "buildDate" : "2023-12-20T05:05:00Z[UTC]",
    "productCode" : "IU",
    "generated" : "2024-02-03T21:39:55.735159Z",
    "os" : "macOS 14.3",
    "runtime" : "JetBrains s.r.o. 17.0.9 17.0.9+7-b1087.9"
  },
  "runtimeInfo" : {
    "maxMemory" : 2147483648,
    "numberOfProcessors" : 10,
    "maxNumberOfIndexingThreads" : 9,
    "maxSizeOfFileForIntelliSense" : 2560000,
    "maxSizeOfFileForContentLoading" : 20971520
  },
  "type" : "DumbIndexing",
  "projectIndexingActivityHistory" : {
    "projectName" : "Steganography and Cryptography",
    "times" : {
      "scanningIds" : [ ],
      "contentLoadingVisibleTime" : 235021,
      "retrievingChangedDuringIndexingFilesTime" : 16000,
      "separateApplyingIndexesVisibleTime" : 3333196,
      "updatingStart" : "2024-02-03T21:39:55.620827Z",
      "updatingEnd" : "2024-02-03T21:39:55.734959Z",
      "totalWallTimeWithPauses" : 114132667,
      "wallTimeOnPause" : 0,
      "wasInterrupted" : false,
      "dumbModeStart" : "2024-02-03T21:39:55.620827Z",
      "dumbWallTimeWithPauses" : 114132667,
      "dumbWallTimeWithoutPauses" : 114132667,
      "totalWallTimeWithoutPauses" : 114132667
    },
    "fileCount" : {
      "numberOfChangedDuringIndexingFiles" : 18,
      "numberOfFilesIndexedByInfrastructureExtensionsDuringIndexingStage" : 0,
      "numberOfFilesIndexedWithLoadingContent" : 18,
      "numberOfNothingToWriteFiles" : 0
    },
    "totalStatsPerFileType" : [ {
      "fileType" : "HTML",
      "partOfTotalProcessingTime" : {
        "part" : 150379790,
        "total" : 160124957
      },
      "partOfTotalContentLoadingTime" : {
        "part" : 185000,
        "total" : 421041
      },
      "totalNumberOfFiles" : 4,
      "totalFilesSize" : 14598,
      "totalProcessingSpeed" : {
        "totalBytes" : 14598,
        "totalCpuTime" : 150379790
      },
      "biggestContributors" : [ {
        "providerName" : "Refreshed files",
        "numberOfFiles" : 4,
        "totalFilesSize" : 14598,
        "partOfTotalProcessingTimeOfThisFileType" : {
          "part" : 150379790,
          "total" : 150379790
        }
      } ]
    }, {
      "fileType" : "YAML",
      "partOfTotalProcessingTime" : {
        "part" : 7675459,
        "total" : 160124957
      },
      "partOfTotalContentLoadingTime" : {
        "part" : 145416,
        "total" : 421041
      },
      "totalNumberOfFiles" : 10,
      "totalFilesSize" : 2328,
      "totalProcessingSpeed" : {
        "totalBytes" : 2328,
        "totalCpuTime" : 7675459
      },
      "biggestContributors" : [ {
        "providerName" : "Refreshed files",
        "numberOfFiles" : 10,
        "totalFilesSize" : 2328,
        "partOfTotalProcessingTimeOfThisFileType" : {
          "part" : 7675459,
          "total" : 7675459
        }
      } ]
    }, {
      "fileType" : "Kotlin",
      "partOfTotalProcessingTime" : {
        "part" : 2069708,
        "total" : 160124957
      },
      "partOfTotalContentLoadingTime" : {
        "part" : 90625,
        "total" : 421041
      },
      "totalNumberOfFiles" : 4,
      "totalFilesSize" : 368,
      "totalProcessingSpeed" : {
        "totalBytes" : 368,
        "totalCpuTime" : 2069708
      },
      "biggestContributors" : [ {
        "providerName" : "Refreshed files",
        "numberOfFiles" : 4,
        "totalFilesSize" : 368,
        "partOfTotalProcessingTimeOfThisFileType" : {
          "part" : 2069708,
          "total" : 2069708
        }
      } ]
    } ],
    "totalStatsPerBaseLanguage" : [ {
      "language" : "HTML",
      "partOfTotalProcessingTime" : {
        "part" : 150379790,
        "total" : 160124957
      },
      "partOfTotalContentLoadingTime" : {
        "part" : 606041,
        "total" : 421041
      },
      "totalNumberOfFiles" : 4,
      "totalFilesSize" : 14598,
      "totalProcessingSpeed" : {
        "totalBytes" : 14598,
        "totalCpuTime" : 150379790
      }
    }, {
      "language" : "XML",
      "partOfTotalProcessingTime" : {
        "part" : 150379790,
        "total" : 160124957
      },
      "partOfTotalContentLoadingTime" : {
        "part" : 606041,
        "total" : 421041
      },
      "totalNumberOfFiles" : 4,
      "totalFilesSize" : 14598,
      "totalProcessingSpeed" : {
        "totalBytes" : 14598,
        "totalCpuTime" : 150379790
      }
    }, {
      "language" : "yaml",
      "partOfTotalProcessingTime" : {
        "part" : 7675459,
        "total" : 160124957
      },
      "partOfTotalContentLoadingTime" : {
        "part" : 566457,
        "total" : 421041
      },
      "totalNumberOfFiles" : 10,
      "totalFilesSize" : 2328,
      "totalProcessingSpeed" : {
        "totalBytes" : 2328,
        "totalCpuTime" : 7675459
      }
    }, {
      "language" : "kotlin",
      "partOfTotalProcessingTime" : {
        "part" : 2069708,
        "total" : 160124957
      },
      "partOfTotalContentLoadingTime" : {
        "part" : 511666,
        "total" : 421041
      },
      "totalNumberOfFiles" : 4,
      "totalFilesSize" : 368,
      "totalProcessingSpeed" : {
        "totalBytes" : 368,
        "totalCpuTime" : 2069708
      }
    } ],
    "totalStatsPerIndexer" : [ {
      "indexId" : "IdIndex",
      "partOfTotalIndexingTime" : {
        "part" : 50677919,
        "total" : 78307003
      },
      "totalNumberOfFiles" : 14,
      "totalNumberOfFilesIndexedByExtensions" : 0,
      "totalFilesSize" : 16926,
      "indexValueChangerEvaluationSpeed" : {
        "totalBytes" : 16926,
        "totalCpuTime" : 50677919
      }
    }, {
      "indexId" : "CssIndex",
      "partOfTotalIndexingTime" : {
        "part" : 8534999,
        "total" : 78307003
      },
      "totalNumberOfFiles" : 4,
      "totalNumberOfFilesIndexedByExtensions" : 0,
      "totalFilesSize" : 14598,
      "indexValueChangerEvaluationSpeed" : {
        "totalBytes" : 14598,
        "totalCpuTime" : 8534999
      }
    }, {
      "indexId" : "js.implicit.elements.index",
      "partOfTotalIndexingTime" : {
        "part" : 6082166,
        "total" : 78307003
      },
      "totalNumberOfFiles" : 4,
      "totalNumberOfFilesIndexedByExtensions" : 0,
      "totalFilesSize" : 14598,
      "indexValueChangerEvaluationSpeed" : {
        "totalBytes" : 14598,
        "totalCpuTime" : 6082166
      }
    }, {
      "indexId" : "html5.custom.attributes.index",
      "partOfTotalIndexingTime" : {
        "part" : 5575083,
        "total" : 78307003
      },
      "totalNumberOfFiles" : 4,
      "totalNumberOfFilesIndexedByExtensions" : 0,
      "totalFilesSize" : 14598,
      "indexValueChangerEvaluationSpeed" : {
        "totalBytes" : 14598,
        "totalCpuTime" : 5575083
      }
    }, {
      "indexId" : "fileIncludes",
      "partOfTotalIndexingTime" : {
        "part" : 1041709,
        "total" : 78307003
      },
      "totalNumberOfFiles" : 4,
      "totalNumberOfFilesIndexedByExtensions" : 0,
      "totalFilesSize" : 14598,
      "indexValueChangerEvaluationSpeed" : {
        "totalBytes" : 14598,
        "totalCpuTime" : 1041709
      }
    }, {
      "indexId" : "yaml.keys.name",
      "partOfTotalIndexingTime" : {
        "part" : 899373,
        "total" : 78307003
      },
      "totalNumberOfFiles" : 10,
      "totalNumberOfFilesIndexedByExtensions" : 0,
      "totalFilesSize" : 2328,
      "indexValueChangerEvaluationSpeed" : {
        "totalBytes" : 2328,
        "totalCpuTime" : 899373
      }
    }, {
      "indexId" : "css.template.selectors",
      "partOfTotalIndexingTime" : {
        "part" : 844874,
        "total" : 78307003
      },
      "totalNumberOfFiles" : 4,
      "totalNumberOfFilesIndexedByExtensions" : 0,
      "totalFilesSize" : 14598,
      "indexValueChangerEvaluationSpeed" : {
        "totalBytes" : 14598,
        "totalCpuTime" : 844874
      }
    }, {
      "indexId" : "Trigram.Index",
      "partOfTotalIndexingTime" : {
        "part" : 763669,
        "total" : 78307003
      },
      "totalNumberOfFiles" : 18,
      "totalNumberOfFilesIndexedByExtensions" : 0,
      "totalFilesSize" : 17294,
      "indexValueChangerEvaluationSpeed" : {
        "totalBytes" : 17294,
        "totalCpuTime" : 763669
      }
    }, {
      "indexId" : "angularjs.template.cache",
      "partOfTotalIndexingTime" : {
        "part" : 569459,
        "total" : 78307003
      },
      "totalNumberOfFiles" : 4,
      "totalNumberOfFilesIndexedByExtensions" : 0,
      "totalFilesSize" : 14598,
      "indexValueChangerEvaluationSpeed" : {
        "totalBytes" : 14598,
        "totalCpuTime" : 569459
      }
    }, {
      "indexId" : "WebComponentsIndex",
      "partOfTotalIndexingTime" : {
        "part" : 515335,
        "total" : 78307003
      },
      "totalNumberOfFiles" : 4,
      "totalNumberOfFilesIndexedByExtensions" : 0,
      "totalFilesSize" : 14598,
      "indexValueChangerEvaluationSpeed" : {
        "totalBytes" : 14598,
        "totalCpuTime" : 515335
      }
    }, {
      "indexId" : "HtmlScriptSrcIndex",
      "partOfTotalIndexingTime" : {
        "part" : 512584,
        "total" : 78307003
      },
      "totalNumberOfFiles" : 4,
      "totalNumberOfFilesIndexedByExtensions" : 0,
      "totalFilesSize" : 14598,
      "indexValueChangerEvaluationSpeed" : {
        "totalBytes" : 14598,
        "totalCpuTime" : 512584
      }
    }, {
      "indexId" : "HtmlTagIdIndex",
      "partOfTotalIndexingTime" : {
        "part" : 489250,
        "total" : 78307003
      },
      "totalNumberOfFiles" : 4,
      "totalNumberOfFilesIndexedByExtensions" : 0,
      "totalFilesSize" : 14598,
      "indexValueChangerEvaluationSpeed" : {
        "totalBytes" : 14598,
        "totalCpuTime" : 489250
      }
    }, {
      "indexId" : "Stubs",
      "partOfTotalIndexingTime" : {
        "part" : 409250,
        "total" : 78307003
      },
      "totalNumberOfFiles" : 4,
      "totalNumberOfFilesIndexedByExtensions" : 0,
      "totalFilesSize" : 14598,
      "indexValueChangerEvaluationSpeed" : {
        "totalBytes" : 14598,
        "totalCpuTime" : 409250
      }
    }, {
      "indexId" : "angularjs.app.index",
      "partOfTotalIndexingTime" : {
        "part" : 402832,
        "total" : 78307003
      },
      "totalNumberOfFiles" : 4,
      "totalNumberOfFilesIndexedByExtensions" : 0,
      "totalFilesSize" : 14598,
      "indexValueChangerEvaluationSpeed" : {
        "totalBytes" : 14598,
        "totalCpuTime" : 402832
      }
    }, {
      "indexId" : "angularjs.ui.router.views.index",
      "partOfTotalIndexingTime" : {
        "part" : 369125,
        "total" : 78307003
      },
      "totalNumberOfFiles" : 4,
      "totalNumberOfFilesIndexedByExtensions" : 0,
      "totalFilesSize" : 14598,
      "indexValueChangerEvaluationSpeed" : {
        "totalBytes" : 14598,
        "totalCpuTime" : 369125
      }
    }, {
      "indexId" : "OpenapiSpecificationContentIndexer",
      "partOfTotalIndexingTime" : {
        "part" : 338084,
        "total" : 78307003
      },
      "totalNumberOfFiles" : 10,
      "totalNumberOfFilesIndexedByExtensions" : 0,
      "totalFilesSize" : 2328,
      "indexValueChangerEvaluationSpeed" : {
        "totalBytes" : 2328,
        "totalCpuTime" : 338084
      }
    }, {
      "indexId" : "SwReferencesIndex",
      "partOfTotalIndexingTime" : {
        "part" : 121916,
        "total" : 78307003
      },
      "totalNumberOfFiles" : 10,
      "totalNumberOfFilesIndexedByExtensions" : 0,
      "totalFilesSize" : 2328,
      "indexValueChangerEvaluationSpeed" : {
        "totalBytes" : 2328,
        "totalCpuTime" : 121916
      }
    }, {
      "indexId" : "docker.compose.services",
      "partOfTotalIndexingTime" : {
        "part" : 112459,
        "total" : 78307003
      },
      "totalNumberOfFiles" : 10,
      "totalNumberOfFilesIndexedByExtensions" : 0,
      "totalFilesSize" : 2328,
      "indexValueChangerEvaluationSpeed" : {
        "totalBytes" : 2328,
        "totalCpuTime" : 112459
      }
    }, {
      "indexId" : "js.custom.single.entry.index",
      "partOfTotalIndexingTime" : {
        "part" : 46917,
        "total" : 78307003
      },
      "totalNumberOfFiles" : 4,
      "totalNumberOfFilesIndexedByExtensions" : 0,
      "totalFilesSize" : 14598,
      "indexValueChangerEvaluationSpeed" : {
        "totalBytes" : 14598,
        "totalCpuTime" : 46917
      }
    } ],
    "statisticsOfChangedDuringIndexingFiles" : {
      "numberOfFiles" : 18,
      "retrievingTime" : 16000
    },
    "fileProviderStatistics" : [ {
      "providerName" : "Refreshed files",
      "totalNumberOfIndexedFiles" : 18,
      "totalNumberOfFilesFullyIndexedByExtensions" : 0,
      "totalNumberOfNothingToWriteFiles" : 0,
      "totalIndexingVisibleTime" : 89380459,
      "contentLoadingVisibleTime" : 235021,
      "numberOfTooLargeForIndexingFiles" : 0,
      "slowIndexedFiles" : [ ],
      "filesFullyIndexedByExtensions" : [ ],
      "separateApplyingIndexesVisibleTime" : 3333196
    } ],
    "visibleTimeToAllThreadTimeRatio" : 0.5581919313177396
  }
}