{
  "appInfo" : {
    "build" : "233.13135.103",
    "buildDate" : "2023-12-20T05:05:00Z[UTC]",
    "productCode" : "IU",
    "generated" : "2024-02-03T01:50:20.016767Z",
    "os" : "macOS 14.3",
    "runtime" : "JetBrains s.r.o. 17.0.9 17.0.9+7-b1087.9"
  },
  "runtimeInfo" : {
    "maxMemory" : 2147483648,
    "numberOfProcessors" : 10,
    "maxNumberOfIndexingThreads" : 9,
    "maxSizeOfFileForIntelliSense" : 2560000,
    "maxSizeOfFileForContentLoading" : 20971520
  },
  "type" : "Scanning",
  "projectIndexingActivityHistory" : {
    "projectName" : "Steganography and Cryptography",
    "times" : {
      "scanningReason" : "changes in: \"Module 'Steganography_and_Cryptography' (all roots)\", \"Module 'Steganography_and_Cryptography.Steganography_and_Cryptography-task' (all roots)\", \"Module 'Steganography_and_Cryptography.util' (all roots)\", \"Module 'Steganography_and_Cryptography.Steganography_and_Cryptography-task.main' (all roots)\", \"Module 'Steganography_and_Cryptography.Steganography_and_Cryptography-task.test' (all roots)\", \"Module 'Steganography_and_Cryptography.util.main' (all roots)\", \"Module 'Steganography_and_Cryptography.util.test' (all roots)\", \"JDK temurin-21 /Library/Java/JavaVirtualMachines/temurin-21.jdk/Contents/Home\", \"Library Gradle: com.github.hyperskill:hs-test:release-SNAPSHOT (#1 class roots, #0 source roots)\", \"Library Gradle: com.google.code.gson:gson:2.8.9 (#1 class roots, #1 source roots)\" and 16 iterators more",
      "scanningType" : "PARTIAL",
      "scanningId" : 9,
      "creatingIteratorsTime" : 0,
      "concurrentHandlingWallTimeWithoutPauses" : 573133000,
      "concurrentHandlingWallTimeWithPauses" : 573133000,
      "concurrentHandlingSumOfThreadTimesWithPauses" : 1025190541,
      "concurrentIterationAndScannersApplicationSumOfThreadTimesWithPauses" : 43238873,
      "concurrentFileCheckSumOfThreadTimesWithPauses" : 980988875,
      "delayedPushPropertiesStageTime" : 4000,
      "indexExtensionsTime" : 558865,
      "dumbModeStart" : "2024-02-03T01:50:19.442827Z",
      "dumbWallTimeWithPauses" : 573513000,
      "dumbWallTimeWithoutPauses" : 573513000,
      "updatingStart" : "2024-02-03T01:50:19.442693Z",
      "updatingEnd" : "2024-02-03T01:50:20.01634Z",
      "totalWallTimeWithPauses" : 573660167,
      "wallTimeOnPause" : 15000,
      "wasInterrupted" : false,
      "totalWallTimeWithoutPauses" : 573645167
    },
    "fileCount" : {
      "numberOfFileProviders" : 26,
      "numberOfScannedFiles" : 54397,
      "numberOfFilesIndexedByInfrastructureExtensionsDuringScan" : 0,
      "numberOfFilesScheduledForIndexingAfterScan" : 22
    },
    "scanningStatistics" : [ {
      "providerName" : "JDK temurin-21 /Library/Java/JavaVirtualMachines/temurin-21.jdk/Contents/Home",
      "numberOfScannedFiles" : 44380,
      "numberOfSkippedFiles" : 0,
      "numberOfFilesForIndexing" : 0,
      "numberOfFilesFullyIndexedByInfrastructureExtensions" : 0,
      "filesFullyIndexedByInfrastructureExtensions" : [ ],
      "statusTime" : 536315770,
      "totalOneThreadTimeWithPauses" : 572156333,
      "iterationAndScannersApplicationTime" : 16586208,
      "filesCheckTime" : 555505333,
      "timeProcessingUpToDateFiles" : 232550948,
      "timeUpdatingContentLessIndexes" : 0,
      "timeIndexingWithoutContentViaInfrastructureExtension" : 0,
      "roots" : [ ]
    }, {
      "providerName" : "Library Gradle: org.assertj:assertj-core:3.17.2 (#1 class roots, #1 source roots)",
      "numberOfScannedFiles" : 3875,
      "numberOfSkippedFiles" : 0,
      "numberOfFilesForIndexing" : 0,
      "numberOfFilesFullyIndexedByInfrastructureExtensions" : 0,
      "filesFullyIndexedByInfrastructureExtensions" : [ ],
      "statusTime" : 89419797,
      "totalOneThreadTimeWithPauses" : 95721667,
      "iterationAndScannersApplicationTime" : 3191125,
      "filesCheckTime" : 92398458,
      "timeProcessingUpToDateFiles" : 19669452,
      "timeUpdatingContentLessIndexes" : 0,
      "timeIndexingWithoutContentViaInfrastructureExtension" : 0,
      "roots" : [ ]
    }, {
      "providerName" : "Library Gradle: org.assertj:assertj-swing:3.17.1 (#1 class roots, #1 source roots)",
      "numberOfScannedFiles" : 1101,
      "numberOfSkippedFiles" : 0,
      "numberOfFilesForIndexing" : 0,
      "numberOfFilesFullyIndexedByInfrastructureExtensions" : 0,
      "filesFullyIndexedByInfrastructureExtensions" : [ ],
      "statusTime" : 44600885,
      "totalOneThreadTimeWithPauses" : 48954625,
      "iterationAndScannersApplicationTime" : 1367708,
      "filesCheckTime" : 47546292,
      "timeProcessingUpToDateFiles" : 6033035,
      "timeUpdatingContentLessIndexes" : 0,
      "timeIndexingWithoutContentViaInfrastructureExtension" : 0,
      "roots" : [ ]
    }, {
      "providerName" : "Library Gradle: org.apache.httpcomponents:httpclient:4.5.13 (#1 class roots, #1 source roots)",
      "numberOfScannedFiles" : 911,
      "numberOfSkippedFiles" : 0,
      "numberOfFilesForIndexing" : 0,
      "numberOfFilesFullyIndexedByInfrastructureExtensions" : 0,
      "filesFullyIndexedByInfrastructureExtensions" : [ ],
      "statusTime" : 37128675,
      "totalOneThreadTimeWithPauses" : 42441750,
      "iterationAndScannersApplicationTime" : 1672917,
      "filesCheckTime" : 40741625,
      "timeProcessingUpToDateFiles" : 4549514,
      "timeUpdatingContentLessIndexes" : 0,
      "timeIndexingWithoutContentViaInfrastructureExtension" : 0,
      "roots" : [ ]
    }, {
      "providerName" : "Library Gradle: org.jetbrains.kotlin:kotlin-stdlib:1.6.10 (#1 class roots, #1 source roots)",
      "numberOfScannedFiles" : 1061,
      "numberOfSkippedFiles" : 0,
      "numberOfFilesForIndexing" : 0,
      "numberOfFilesFullyIndexedByInfrastructureExtensions" : 0,
      "filesFullyIndexedByInfrastructureExtensions" : [ ],
      "statusTime" : 37620343,
      "totalOneThreadTimeWithPauses" : 40683708,
      "iterationAndScannersApplicationTime" : 355708,
      "filesCheckTime" : 40309667,
      "timeProcessingUpToDateFiles" : 5735385,
      "timeUpdatingContentLessIndexes" : 0,
      "timeIndexingWithoutContentViaInfrastructureExtension" : 0,
      "roots" : [ ]
    }, {
      "providerName" : "Library Gradle: junit:junit:4.13.2 (#1 class roots, #1 source roots)",
      "numberOfScannedFiles" : 578,
      "numberOfSkippedFiles" : 0,
      "numberOfFilesForIndexing" : 0,
      "numberOfFilesFullyIndexedByInfrastructureExtensions" : 0,
      "filesFullyIndexedByInfrastructureExtensions" : [ ],
      "statusTime" : 29852915,
      "totalOneThreadTimeWithPauses" : 32278125,
      "iterationAndScannersApplicationTime" : 465292,
      "filesCheckTime" : 31793250,
      "timeProcessingUpToDateFiles" : 5225223,
      "timeUpdatingContentLessIndexes" : 0,
      "timeIndexingWithoutContentViaInfrastructureExtension" : 0,
      "roots" : [ ]
    }, {
      "providerName" : "Module 'Steganography_and_Cryptography' (all roots)",
      "numberOfScannedFiles" : 28,
      "numberOfSkippedFiles" : 0,
      "numberOfFilesForIndexing" : 20,
      "numberOfFilesFullyIndexedByInfrastructureExtensions" : 0,
      "filesFullyIndexedByInfrastructureExtensions" : [ ],
      "statusTime" : 8362165,
      "totalOneThreadTimeWithPauses" : 29104667,
      "iterationAndScannersApplicationTime" : 15576166,
      "filesCheckTime" : 13492000,
      "timeProcessingUpToDateFiles" : 0,
      "timeUpdatingContentLessIndexes" : 2477249,
      "timeIndexingWithoutContentViaInfrastructureExtension" : 517825,
      "roots" : [ ]
    }, {
      "providerName" : "Library Gradle: org.jetbrains.kotlin:kotlin-stdlib-common:1.6.10 (#1 class roots, #1 source roots)",
      "numberOfScannedFiles" : 462,
      "numberOfSkippedFiles" : 0,
      "numberOfFilesForIndexing" : 0,
      "numberOfFilesFullyIndexedByInfrastructureExtensions" : 0,
      "filesFullyIndexedByInfrastructureExtensions" : [ ],
      "statusTime" : 21889094,
      "totalOneThreadTimeWithPauses" : 28226500,
      "iterationAndScannersApplicationTime" : 238958,
      "filesCheckTime" : 27959875,
      "timeProcessingUpToDateFiles" : 2336568,
      "timeUpdatingContentLessIndexes" : 0,
      "timeIndexingWithoutContentViaInfrastructureExtension" : 0,
      "roots" : [ ]
    }, {
      "providerName" : "Library Gradle: org.apache.httpcomponents:httpcore:4.4.13 (#1 class roots, #1 source roots)",
      "numberOfScannedFiles" : 523,
      "numberOfSkippedFiles" : 0,
      "numberOfFilesForIndexing" : 0,
      "numberOfFilesFullyIndexedByInfrastructureExtensions" : 0,
      "filesFullyIndexedByInfrastructureExtensions" : [ ],
      "statusTime" : 26588869,
      "totalOneThreadTimeWithPauses" : 28074208,
      "iterationAndScannersApplicationTime" : 494375,
      "filesCheckTime" : 27554750,
      "timeProcessingUpToDateFiles" : 5987405,
      "timeUpdatingContentLessIndexes" : 0,
      "timeIndexingWithoutContentViaInfrastructureExtension" : 0,
      "roots" : [ ]
    }, {
      "providerName" : "Library Gradle: commons-codec:commons-codec:1.11 (#1 class roots, #1 source roots)",
      "numberOfScannedFiles" : 432,
      "numberOfSkippedFiles" : 0,
      "numberOfFilesForIndexing" : 0,
      "numberOfFilesFullyIndexedByInfrastructureExtensions" : 0,
      "filesFullyIndexedByInfrastructureExtensions" : [ ],
      "statusTime" : 18774085,
      "totalOneThreadTimeWithPauses" : 20655959,
      "iterationAndScannersApplicationTime" : 295000,
      "filesCheckTime" : 20336167,
      "timeProcessingUpToDateFiles" : 3041129,
      "timeUpdatingContentLessIndexes" : 0,
      "timeIndexingWithoutContentViaInfrastructureExtension" : 0,
      "roots" : [ ]
    }, {
      "providerName" : "Library Gradle: com.google.code.gson:gson:2.8.9 (#1 class roots, #1 source roots)",
      "numberOfScannedFiles" : 279,
      "numberOfSkippedFiles" : 0,
      "numberOfFilesForIndexing" : 0,
      "numberOfFilesFullyIndexedByInfrastructureExtensions" : 0,
      "filesFullyIndexedByInfrastructureExtensions" : [ ],
      "statusTime" : 11655040,
      "totalOneThreadTimeWithPauses" : 14970500,
      "iterationAndScannersApplicationTime" : 298875,
      "filesCheckTime" : 14639542,
      "timeProcessingUpToDateFiles" : 3216167,
      "timeUpdatingContentLessIndexes" : 0,
      "timeIndexingWithoutContentViaInfrastructureExtension" : 0,
      "roots" : [ ]
    }, {
      "providerName" : "Library Gradle: com.github.hyperskill:hs-test:release-SNAPSHOT (#1 class roots, #0 source roots)",
      "numberOfScannedFiles" : 163,
      "numberOfSkippedFiles" : 0,
      "numberOfFilesForIndexing" : 0,
      "numberOfFilesFullyIndexedByInfrastructureExtensions" : 0,
      "filesFullyIndexedByInfrastructureExtensions" : [ ],
      "statusTime" : 10810746,
      "totalOneThreadTimeWithPauses" : 13138875,
      "iterationAndScannersApplicationTime" : 423750,
      "filesCheckTime" : 12677458,
      "timeProcessingUpToDateFiles" : 734637,
      "timeUpdatingContentLessIndexes" : 0,
      "timeIndexingWithoutContentViaInfrastructureExtension" : 0,
      "roots" : [ ]
    }, {
      "providerName" : "Library Gradle: org.jetbrains:annotations:13.0 (#1 class roots, #1 source roots)",
      "numberOfScannedFiles" : 52,
      "numberOfSkippedFiles" : 0,
      "numberOfFilesForIndexing" : 0,
      "numberOfFilesFullyIndexedByInfrastructureExtensions" : 0,
      "filesFullyIndexedByInfrastructureExtensions" : [ ],
      "statusTime" : 9352871,
      "totalOneThreadTimeWithPauses" : 10908792,
      "iterationAndScannersApplicationTime" : 43959,
      "filesCheckTime" : 10838917,
      "timeProcessingUpToDateFiles" : 410466,
      "timeUpdatingContentLessIndexes" : 0,
      "timeIndexingWithoutContentViaInfrastructureExtension" : 0,
      "roots" : [ ]
    }, {
      "providerName" : "Library Gradle: org.assertj:assertj-swing-junit:3.17.1 (#1 class roots, #1 source roots)",
      "numberOfScannedFiles" : 223,
      "numberOfSkippedFiles" : 0,
      "numberOfFilesForIndexing" : 0,
      "numberOfFilesFullyIndexedByInfrastructureExtensions" : 0,
      "filesFullyIndexedByInfrastructureExtensions" : [ ],
      "statusTime" : 9391412,
      "totalOneThreadTimeWithPauses" : 10683708,
      "iterationAndScannersApplicationTime" : 716125,
      "filesCheckTime" : 9941917,
      "timeProcessingUpToDateFiles" : 2193740,
      "timeUpdatingContentLessIndexes" : 0,
      "timeIndexingWithoutContentViaInfrastructureExtension" : 0,
      "roots" : [ ]
    }, {
      "providerName" : "Library Gradle: org.easytesting:fest-reflect:1.4.1 (#1 class roots, #1 source roots)",
      "numberOfScannedFiles" : 89,
      "numberOfSkippedFiles" : 0,
      "numberOfFilesForIndexing" : 0,
      "numberOfFilesFullyIndexedByInfrastructureExtensions" : 0,
      "filesFullyIndexedByInfrastructureExtensions" : [ ],
      "statusTime" : 5499166,
      "totalOneThreadTimeWithPauses" : 6522542,
      "iterationAndScannersApplicationTime" : 90833,
      "filesCheckTime" : 6413208,
      "timeProcessingUpToDateFiles" : 440329,
      "timeUpdatingContentLessIndexes" : 0,
      "timeIndexingWithoutContentViaInfrastructureExtension" : 0,
      "roots" : [ ]
    }, {
      "providerName" : "Module 'Steganography_and_Cryptography.Steganography_and_Cryptography-task.main' (all roots)",
      "numberOfScannedFiles" : 1,
      "numberOfSkippedFiles" : 0,
      "numberOfFilesForIndexing" : 1,
      "numberOfFilesFullyIndexedByInfrastructureExtensions" : 0,
      "filesFullyIndexedByInfrastructureExtensions" : [ ],
      "statusTime" : 2938833,
      "totalOneThreadTimeWithPauses" : 6077708,
      "iterationAndScannersApplicationTime" : 131583,
      "filesCheckTime" : 5895000,
      "timeProcessingUpToDateFiles" : 0,
      "timeUpdatingContentLessIndexes" : 50584,
      "timeIndexingWithoutContentViaInfrastructureExtension" : 15083,
      "roots" : [ ]
    }, {
      "providerName" : "Module 'Steganography_and_Cryptography.Steganography_and_Cryptography-task.test' (all roots)",
      "numberOfScannedFiles" : 1,
      "numberOfSkippedFiles" : 0,
      "numberOfFilesForIndexing" : 1,
      "numberOfFilesFullyIndexedByInfrastructureExtensions" : 0,
      "filesFullyIndexedByInfrastructureExtensions" : [ ],
      "statusTime" : 3274000,
      "totalOneThreadTimeWithPauses" : 5142750,
      "iterationAndScannersApplicationTime" : 305833,
      "filesCheckTime" : 4774250,
      "timeProcessingUpToDateFiles" : 0,
      "timeUpdatingContentLessIndexes" : 90000,
      "timeIndexingWithoutContentViaInfrastructureExtension" : 25957,
      "roots" : [ ]
    }, {
      "providerName" : "Library Gradle: commons-logging:commons-logging:1.2 (#1 class roots, #1 source roots)",
      "numberOfScannedFiles" : 53,
      "numberOfSkippedFiles" : 0,
      "numberOfFilesForIndexing" : 0,
      "numberOfFilesFullyIndexedByInfrastructureExtensions" : 0,
      "filesFullyIndexedByInfrastructureExtensions" : [ ],
      "statusTime" : 3492959,
      "totalOneThreadTimeWithPauses" : 4253292,
      "iterationAndScannersApplicationTime" : 55000,
      "filesCheckTime" : 4177917,
      "timeProcessingUpToDateFiles" : 268837,
      "timeUpdatingContentLessIndexes" : 0,
      "timeIndexingWithoutContentViaInfrastructureExtension" : 0,
      "roots" : [ ]
    }, {
      "providerName" : "Library Gradle: org.jetbrains.kotlin:kotlin-stdlib-jdk8:1.6.10 (#1 class roots, #1 source roots)",
      "numberOfScannedFiles" : 22,
      "numberOfSkippedFiles" : 0,
      "numberOfFilesForIndexing" : 0,
      "numberOfFilesFullyIndexedByInfrastructureExtensions" : 0,
      "filesFullyIndexedByInfrastructureExtensions" : [ ],
      "statusTime" : 3927875,
      "totalOneThreadTimeWithPauses" : 4215625,
      "iterationAndScannersApplicationTime" : 28791,
      "filesCheckTime" : 4174792,
      "timeProcessingUpToDateFiles" : 82881,
      "timeUpdatingContentLessIndexes" : 0,
      "timeIndexingWithoutContentViaInfrastructureExtension" : 0,
      "roots" : [ ]
    }, {
      "providerName" : "Library Gradle: org.hamcrest:hamcrest-core:1.3 (#1 class roots, #1 source roots)",
      "numberOfScannedFiles" : 88,
      "numberOfSkippedFiles" : 0,
      "numberOfFilesForIndexing" : 0,
      "numberOfFilesFullyIndexedByInfrastructureExtensions" : 0,
      "filesFullyIndexedByInfrastructureExtensions" : [ ],
      "statusTime" : 3344623,
      "totalOneThreadTimeWithPauses" : 3658875,
      "iterationAndScannersApplicationTime" : 54042,
      "filesCheckTime" : 3591333,
      "timeProcessingUpToDateFiles" : 447603,
      "timeUpdatingContentLessIndexes" : 0,
      "timeIndexingWithoutContentViaInfrastructureExtension" : 0,
      "roots" : [ ]
    }, {
      "providerName" : "Library Gradle: org.easytesting:fest-util:1.2.5 (#1 class roots, #1 source roots)",
      "numberOfScannedFiles" : 59,
      "numberOfSkippedFiles" : 0,
      "numberOfFilesForIndexing" : 0,
      "numberOfFilesFullyIndexedByInfrastructureExtensions" : 0,
      "filesFullyIndexedByInfrastructureExtensions" : [ ],
      "statusTime" : 2493330,
      "totalOneThreadTimeWithPauses" : 2850958,
      "iterationAndScannersApplicationTime" : 58542,
      "filesCheckTime" : 2769542,
      "timeProcessingUpToDateFiles" : 284162,
      "timeUpdatingContentLessIndexes" : 0,
      "timeIndexingWithoutContentViaInfrastructureExtension" : 0,
      "roots" : [ ]
    }, {
      "providerName" : "Module 'Steganography_and_Cryptography.Steganography_and_Cryptography-task' (all roots)",
      "numberOfScannedFiles" : 0,
      "numberOfSkippedFiles" : 0,
      "numberOfFilesForIndexing" : 0,
      "numberOfFilesFullyIndexedByInfrastructureExtensions" : 0,
      "filesFullyIndexedByInfrastructureExtensions" : [ ],
      "statusTime" : 0,
      "totalOneThreadTimeWithPauses" : 2244875,
      "iterationAndScannersApplicationTime" : 209458,
      "filesCheckTime" : 1917833,
      "timeProcessingUpToDateFiles" : 0,
      "timeUpdatingContentLessIndexes" : 0,
      "timeIndexingWithoutContentViaInfrastructureExtension" : 0,
      "roots" : [ ]
    }, {
      "providerName" : "Library Gradle: org.jetbrains.kotlin:kotlin-stdlib-jdk7:1.6.10 (#1 class roots, #1 source roots)",
      "numberOfScannedFiles" : 16,
      "numberOfSkippedFiles" : 0,
      "numberOfFilesForIndexing" : 0,
      "numberOfFilesFullyIndexedByInfrastructureExtensions" : 0,
      "filesFullyIndexedByInfrastructureExtensions" : [ ],
      "statusTime" : 1144123,
      "totalOneThreadTimeWithPauses" : 1368458,
      "iterationAndScannersApplicationTime" : 23959,
      "filesCheckTime" : 1333833,
      "timeProcessingUpToDateFiles" : 66286,
      "timeUpdatingContentLessIndexes" : 0,
      "timeIndexingWithoutContentViaInfrastructureExtension" : 0,
      "roots" : [ ]
    }, {
      "providerName" : "Module 'Steganography_and_Cryptography.util' (all roots)",
      "numberOfScannedFiles" : 0,
      "numberOfSkippedFiles" : 0,
      "numberOfFilesForIndexing" : 0,
      "numberOfFilesFullyIndexedByInfrastructureExtensions" : 0,
      "filesFullyIndexedByInfrastructureExtensions" : [ ],
      "statusTime" : 0,
      "totalOneThreadTimeWithPauses" : 616292,
      "iterationAndScannersApplicationTime" : 405958,
      "filesCheckTime" : 151458,
      "timeProcessingUpToDateFiles" : 0,
      "timeUpdatingContentLessIndexes" : 0,
      "timeIndexingWithoutContentViaInfrastructureExtension" : 0,
      "roots" : [ ]
    }, {
      "providerName" : "Module 'Steganography_and_Cryptography.util.main' (all roots)",
      "numberOfScannedFiles" : 0,
      "numberOfSkippedFiles" : 0,
      "numberOfFilesForIndexing" : 0,
      "numberOfFilesFullyIndexedByInfrastructureExtensions" : 0,
      "filesFullyIndexedByInfrastructureExtensions" : [ ],
      "statusTime" : 0,
      "totalOneThreadTimeWithPauses" : 147958,
      "iterationAndScannersApplicationTime" : 91458,
      "filesCheckTime" : 33541,
      "timeProcessingUpToDateFiles" : 0,
      "timeUpdatingContentLessIndexes" : 0,
      "timeIndexingWithoutContentViaInfrastructureExtension" : 0,
      "roots" : [ ]
    }, {
      "providerName" : "Module 'Steganography_and_Cryptography.util.test' (all roots)",
      "numberOfScannedFiles" : 0,
      "numberOfSkippedFiles" : 0,
      "numberOfFilesForIndexing" : 0,
      "numberOfFilesFullyIndexedByInfrastructureExtensions" : 0,
      "filesFullyIndexedByInfrastructureExtensions" : [ ],
      "statusTime" : 0,
      "totalOneThreadTimeWithPauses" : 91791,
      "iterationAndScannersApplicationTime" : 57250,
      "filesCheckTime" : 20917,
      "timeProcessingUpToDateFiles" : 0,
      "timeUpdatingContentLessIndexes" : 0,
      "timeIndexingWithoutContentViaInfrastructureExtension" : 0,
      "roots" : [ ]
    } ]
  }
}