{
  "appInfo" : {
    "build" : "233.13135.103",
    "buildDate" : "2023-12-20T05:05:00Z[UTC]",
    "productCode" : "IU",
    "generated" : "2024-02-04T15:30:55.534662Z",
    "os" : "macOS 14.3",
    "runtime" : "JetBrains s.r.o. 17.0.9 17.0.9+7-b1087.9"
  },
  "runtimeInfo" : {
    "maxMemory" : 2147483648,
    "numberOfProcessors" : 10,
    "maxNumberOfIndexingThreads" : 9,
    "maxSizeOfFileForIntelliSense" : 2560000,
    "maxSizeOfFileForContentLoading" : 20971520
  },
  "type" : "DumbIndexing",
  "projectIndexingActivityHistory" : {
    "projectName" : "Steganography and Cryptography",
    "times" : {
      "scanningIds" : [ ],
      "contentLoadingVisibleTime" : 1101120,
      "retrievingChangedDuringIndexingFilesTime" : 25958,
      "separateApplyingIndexesVisibleTime" : 6768682,
      "updatingStart" : "2024-02-04T15:30:55.370075Z",
      "updatingEnd" : "2024-02-04T15:30:55.534143Z",
      "totalWallTimeWithPauses" : 164068833,
      "wallTimeOnPause" : 0,
      "wasInterrupted" : false,
      "dumbModeStart" : "2024-02-04T15:30:55.370075Z",
      "dumbWallTimeWithPauses" : 164068833,
      "dumbWallTimeWithoutPauses" : 164068833,
      "totalWallTimeWithoutPauses" : 164068833
    },
    "fileCount" : {
      "numberOfChangedDuringIndexingFiles" : 5,
      "numberOfFilesIndexedByInfrastructureExtensionsDuringIndexingStage" : 0,
      "numberOfFilesIndexedWithLoadingContent" : 5,
      "numberOfNothingToWriteFiles" : 0
    },
    "totalStatsPerFileType" : [ {
      "fileType" : "CSS",
      "partOfTotalProcessingTime" : {
        "part" : 158133498,
        "total" : 343406831
      },
      "partOfTotalContentLoadingTime" : {
        "part" : 651708,
        "total" : 2713833
      },
      "totalNumberOfFiles" : 2,
      "totalFilesSize" : 3780,
      "totalProcessingSpeed" : {
        "totalBytes" : 3780,
        "totalCpuTime" : 158133498
      },
      "biggestContributors" : [ {
        "providerName" : "Refreshed files",
        "numberOfFiles" : 2,
        "totalFilesSize" : 3780,
        "partOfTotalProcessingTimeOfThisFileType" : {
          "part" : 158133498,
          "total" : 158133498
        }
      } ]
    }, {
      "fileType" : "JavaScript",
      "partOfTotalProcessingTime" : {
        "part" : 140522541,
        "total" : 343406831
      },
      "partOfTotalContentLoadingTime" : {
        "part" : 361458,
        "total" : 2713833
      },
      "totalNumberOfFiles" : 1,
      "totalFilesSize" : 5252,
      "totalProcessingSpeed" : {
        "totalBytes" : 5252,
        "totalCpuTime" : 140522541
      },
      "biggestContributors" : [ {
        "providerName" : "Refreshed files",
        "numberOfFiles" : 1,
        "totalFilesSize" : 5252,
        "partOfTotalProcessingTimeOfThisFileType" : {
          "part" : 140522541,
          "total" : 140522541
        }
      } ]
    }, {
      "fileType" : "HTML",
      "partOfTotalProcessingTime" : {
        "part" : 44750792,
        "total" : 343406831
      },
      "partOfTotalContentLoadingTime" : {
        "part" : 1700667,
        "total" : 2713833
      },
      "totalNumberOfFiles" : 2,
      "totalFilesSize" : 9043,
      "totalProcessingSpeed" : {
        "totalBytes" : 9043,
        "totalCpuTime" : 44750792
      },
      "biggestContributors" : [ {
        "providerName" : "Refreshed files",
        "numberOfFiles" : 2,
        "totalFilesSize" : 9043,
        "partOfTotalProcessingTimeOfThisFileType" : {
          "part" : 44750792,
          "total" : 44750792
        }
      } ]
    } ],
    "totalStatsPerBaseLanguage" : [ {
      "language" : "CSS",
      "partOfTotalProcessingTime" : {
        "part" : 158133498,
        "total" : 343406831
      },
      "partOfTotalContentLoadingTime" : {
        "part" : 3365541,
        "total" : 2713833
      },
      "totalNumberOfFiles" : 2,
      "totalFilesSize" : 3780,
      "totalProcessingSpeed" : {
        "totalBytes" : 3780,
        "totalCpuTime" : 158133498
      }
    }, {
      "language" : "JavaScript",
      "partOfTotalProcessingTime" : {
        "part" : 140522541,
        "total" : 343406831
      },
      "partOfTotalContentLoadingTime" : {
        "part" : 3075291,
        "total" : 2713833
      },
      "totalNumberOfFiles" : 1,
      "totalFilesSize" : 5252,
      "totalProcessingSpeed" : {
        "totalBytes" : 5252,
        "totalCpuTime" : 140522541
      }
    }, {
      "language" : "HTML",
      "partOfTotalProcessingTime" : {
        "part" : 44750792,
        "total" : 343406831
      },
      "partOfTotalContentLoadingTime" : {
        "part" : 4414500,
        "total" : 2713833
      },
      "totalNumberOfFiles" : 2,
      "totalFilesSize" : 9043,
      "totalProcessingSpeed" : {
        "totalBytes" : 9043,
        "totalCpuTime" : 44750792
      }
    }, {
      "language" : "XML",
      "partOfTotalProcessingTime" : {
        "part" : 44750792,
        "total" : 343406831
      },
      "partOfTotalContentLoadingTime" : {
        "part" : 4414500,
        "total" : 2713833
      },
      "totalNumberOfFiles" : 2,
      "totalFilesSize" : 9043,
      "totalProcessingSpeed" : {
        "totalBytes" : 9043,
        "totalCpuTime" : 44750792
      }
    } ],
    "totalStatsPerIndexer" : [ {
      "indexId" : "CssIndex",
      "partOfTotalIndexingTime" : {
        "part" : 134838292,
        "total" : 322603920
      },
      "totalNumberOfFiles" : 4,
      "totalNumberOfFilesIndexedByExtensions" : 0,
      "totalFilesSize" : 12823,
      "indexValueChangerEvaluationSpeed" : {
        "totalBytes" : 12823,
        "totalCpuTime" : 134838292
      }
    }, {
      "indexId" : "Stubs",
      "partOfTotalIndexingTime" : {
        "part" : 85729210,
        "total" : 322603920
      },
      "totalNumberOfFiles" : 5,
      "totalNumberOfFilesIndexedByExtensions" : 0,
      "totalFilesSize" : 18075,
      "indexValueChangerEvaluationSpeed" : {
        "totalBytes" : 18075,
        "totalCpuTime" : 85729210
      }
    }, {
      "indexId" : "js.test.names",
      "partOfTotalIndexingTime" : {
        "part" : 52025208,
        "total" : 322603920
      },
      "totalNumberOfFiles" : 1,
      "totalNumberOfFilesIndexedByExtensions" : 0,
      "totalFilesSize" : 5252,
      "indexValueChangerEvaluationSpeed" : {
        "totalBytes" : 5252,
        "totalCpuTime" : 52025208
      }
    }, {
      "indexId" : "js.implicit.elements.index",
      "partOfTotalIndexingTime" : {
        "part" : 23086208,
        "total" : 322603920
      },
      "totalNumberOfFiles" : 2,
      "totalNumberOfFilesIndexedByExtensions" : 0,
      "totalFilesSize" : 9043,
      "indexValueChangerEvaluationSpeed" : {
        "totalBytes" : 9043,
        "totalCpuTime" : 23086208
      }
    }, {
      "indexId" : "fileIncludes",
      "partOfTotalIndexingTime" : {
        "part" : 11447417,
        "total" : 322603920
      },
      "totalNumberOfFiles" : 5,
      "totalNumberOfFilesIndexedByExtensions" : 0,
      "totalFilesSize" : 18075,
      "indexValueChangerEvaluationSpeed" : {
        "totalBytes" : 18075,
        "totalCpuTime" : 11447417
      }
    }, {
      "indexId" : "IdIndex",
      "partOfTotalIndexingTime" : {
        "part" : 10565668,
        "total" : 322603920
      },
      "totalNumberOfFiles" : 5,
      "totalNumberOfFilesIndexedByExtensions" : 0,
      "totalFilesSize" : 18075,
      "indexValueChangerEvaluationSpeed" : {
        "totalBytes" : 18075,
        "totalCpuTime" : 10565668
      }
    }, {
      "indexId" : "html5.custom.attributes.index",
      "partOfTotalIndexingTime" : {
        "part" : 1516250,
        "total" : 322603920
      },
      "totalNumberOfFiles" : 2,
      "totalNumberOfFilesIndexedByExtensions" : 0,
      "totalFilesSize" : 9043,
      "indexValueChangerEvaluationSpeed" : {
        "totalBytes" : 9043,
        "totalCpuTime" : 1516250
      }
    }, {
      "indexId" : "css.template.selectors",
      "partOfTotalIndexingTime" : {
        "part" : 805833,
        "total" : 322603920
      },
      "totalNumberOfFiles" : 2,
      "totalNumberOfFilesIndexedByExtensions" : 0,
      "totalFilesSize" : 9043,
      "indexValueChangerEvaluationSpeed" : {
        "totalBytes" : 9043,
        "totalCpuTime" : 805833
      }
    }, {
      "indexId" : "Trigram.Index",
      "partOfTotalIndexingTime" : {
        "part" : 708001,
        "total" : 322603920
      },
      "totalNumberOfFiles" : 5,
      "totalNumberOfFilesIndexedByExtensions" : 0,
      "totalFilesSize" : 18075,
      "indexValueChangerEvaluationSpeed" : {
        "totalBytes" : 18075,
        "totalCpuTime" : 708001
      }
    }, {
      "indexId" : "org.jetbrains.kotlin.idea.versions.KotlinJsMetadataVersionIndex",
      "partOfTotalIndexingTime" : {
        "part" : 572625,
        "total" : 322603920
      },
      "totalNumberOfFiles" : 1,
      "totalNumberOfFilesIndexedByExtensions" : 0,
      "totalFilesSize" : 5252,
      "indexValueChangerEvaluationSpeed" : {
        "totalBytes" : 5252,
        "totalCpuTime" : 572625
      }
    }, {
      "indexId" : "HtmlTagIdIndex",
      "partOfTotalIndexingTime" : {
        "part" : 276084,
        "total" : 322603920
      },
      "totalNumberOfFiles" : 2,
      "totalNumberOfFilesIndexedByExtensions" : 0,
      "totalFilesSize" : 9043,
      "indexValueChangerEvaluationSpeed" : {
        "totalBytes" : 9043,
        "totalCpuTime" : 276084
      }
    }, {
      "indexId" : "WebComponentsIndex",
      "partOfTotalIndexingTime" : {
        "part" : 255125,
        "total" : 322603920
      },
      "totalNumberOfFiles" : 2,
      "totalNumberOfFilesIndexedByExtensions" : 0,
      "totalFilesSize" : 9043,
      "indexValueChangerEvaluationSpeed" : {
        "totalBytes" : 9043,
        "totalCpuTime" : 255125
      }
    }, {
      "indexId" : "angularjs.template.cache",
      "partOfTotalIndexingTime" : {
        "part" : 229625,
        "total" : 322603920
      },
      "totalNumberOfFiles" : 2,
      "totalNumberOfFilesIndexedByExtensions" : 0,
      "totalFilesSize" : 9043,
      "indexValueChangerEvaluationSpeed" : {
        "totalBytes" : 9043,
        "totalCpuTime" : 229625
      }
    }, {
      "indexId" : "HtmlScriptSrcIndex",
      "partOfTotalIndexingTime" : {
        "part" : 200208,
        "total" : 322603920
      },
      "totalNumberOfFiles" : 2,
      "totalNumberOfFilesIndexedByExtensions" : 0,
      "totalFilesSize" : 9043,
      "indexValueChangerEvaluationSpeed" : {
        "totalBytes" : 9043,
        "totalCpuTime" : 200208
      }
    }, {
      "indexId" : "angularjs.app.index",
      "partOfTotalIndexingTime" : {
        "part" : 160167,
        "total" : 322603920
      },
      "totalNumberOfFiles" : 2,
      "totalNumberOfFilesIndexedByExtensions" : 0,
      "totalFilesSize" : 9043,
      "indexValueChangerEvaluationSpeed" : {
        "totalBytes" : 9043,
        "totalCpuTime" : 160167
      }
    }, {
      "indexId" : "angularjs.ui.router.views.index",
      "partOfTotalIndexingTime" : {
        "part" : 144416,
        "total" : 322603920
      },
      "totalNumberOfFiles" : 2,
      "totalNumberOfFilesIndexedByExtensions" : 0,
      "totalFilesSize" : 9043,
      "indexValueChangerEvaluationSpeed" : {
        "totalBytes" : 9043,
        "totalCpuTime" : 144416
      }
    }, {
      "indexId" : "js.string.literal.words.index",
      "partOfTotalIndexingTime" : {
        "part" : 33583,
        "total" : 322603920
      },
      "totalNumberOfFiles" : 1,
      "totalNumberOfFilesIndexedByExtensions" : 0,
      "totalFilesSize" : 5252,
      "indexValueChangerEvaluationSpeed" : {
        "totalBytes" : 5252,
        "totalCpuTime" : 33583
      }
    }, {
      "indexId" : "js.custom.single.entry.index",
      "partOfTotalIndexingTime" : {
        "part" : 10000,
        "total" : 322603920
      },
      "totalNumberOfFiles" : 3,
      "totalNumberOfFilesIndexedByExtensions" : 0,
      "totalFilesSize" : 14295,
      "indexValueChangerEvaluationSpeed" : {
        "totalBytes" : 14295,
        "totalCpuTime" : 10000
      }
    } ],
    "statisticsOfChangedDuringIndexingFiles" : {
      "numberOfFiles" : 5,
      "retrievingTime" : 25958
    },
    "fileProviderStatistics" : [ {
      "providerName" : "Refreshed files",
      "totalNumberOfIndexedFiles" : 5,
      "totalNumberOfFilesFullyIndexedByExtensions" : 0,
      "totalNumberOfNothingToWriteFiles" : 0,
      "totalIndexingVisibleTime" : 139335125,
      "contentLoadingVisibleTime" : 1101120,
      "numberOfTooLargeForIndexingFiles" : 0,
      "slowIndexedFiles" : [ ],
      "filesFullyIndexedByExtensions" : [ ],
      "separateApplyingIndexesVisibleTime" : 6768682
    } ],
    "visibleTimeToAllThreadTimeRatio" : 0.4057436032773617
  }
}