{
  "appInfo" : {
    "build" : "233.13135.103",
    "buildDate" : "2023-12-20T05:05:00Z[UTC]",
    "productCode" : "IU",
    "generated" : "2024-02-03T13:37:02.446292Z",
    "os" : "macOS 14.3",
    "runtime" : "JetBrains s.r.o. 17.0.9 17.0.9+7-b1087.9"
  },
  "runtimeInfo" : {
    "maxMemory" : 2147483648,
    "numberOfProcessors" : 10,
    "maxNumberOfIndexingThreads" : 9,
    "maxSizeOfFileForIntelliSense" : 2560000,
    "maxSizeOfFileForContentLoading" : 20971520
  },
  "type" : "DumbIndexing",
  "projectIndexingActivityHistory" : {
    "projectName" : "Steganography and Cryptography",
    "times" : {
      "scanningIds" : [ ],
      "contentLoadingVisibleTime" : 412018,
      "retrievingChangedDuringIndexingFilesTime" : 1417417,
      "separateApplyingIndexesVisibleTime" : 10798501,
      "updatingStart" : "2024-02-03T13:37:02.266174Z",
      "updatingEnd" : "2024-02-03T13:37:02.444052Z",
      "totalWallTimeWithPauses" : 177871958,
      "wallTimeOnPause" : 0,
      "wasInterrupted" : false,
      "dumbModeStart" : "2024-02-03T13:37:02.266174Z",
      "dumbWallTimeWithPauses" : 177871958,
      "dumbWallTimeWithoutPauses" : 177871958,
      "totalWallTimeWithoutPauses" : 177871958
    },
    "fileCount" : {
      "numberOfChangedDuringIndexingFiles" : 15,
      "numberOfFilesIndexedByInfrastructureExtensionsDuringIndexingStage" : 0,
      "numberOfFilesIndexedWithLoadingContent" : 15,
      "numberOfNothingToWriteFiles" : 0
    },
    "totalStatsPerFileType" : [ {
      "fileType" : "HTML",
      "partOfTotalProcessingTime" : {
        "part" : 156258998,
        "total" : 180851042
      },
      "partOfTotalContentLoadingTime" : {
        "part" : 65083,
        "total" : 484459
      },
      "totalNumberOfFiles" : 3,
      "totalFilesSize" : 6285,
      "totalProcessingSpeed" : {
        "totalBytes" : 6285,
        "totalCpuTime" : 156258998
      },
      "biggestContributors" : [ {
        "providerName" : "Refreshed files",
        "numberOfFiles" : 3,
        "totalFilesSize" : 6285,
        "partOfTotalProcessingTimeOfThisFileType" : {
          "part" : 156258998,
          "total" : 156258998
        }
      } ]
    }, {
      "fileType" : "YAML",
      "partOfTotalProcessingTime" : {
        "part" : 21969502,
        "total" : 180851042
      },
      "partOfTotalContentLoadingTime" : {
        "part" : 326960,
        "total" : 484459
      },
      "totalNumberOfFiles" : 9,
      "totalFilesSize" : 2358,
      "totalProcessingSpeed" : {
        "totalBytes" : 2358,
        "totalCpuTime" : 21969502
      },
      "biggestContributors" : [ {
        "providerName" : "Refreshed files",
        "numberOfFiles" : 9,
        "totalFilesSize" : 2358,
        "partOfTotalProcessingTimeOfThisFileType" : {
          "part" : 21969502,
          "total" : 21969502
        }
      } ]
    }, {
      "fileType" : "Kotlin",
      "partOfTotalProcessingTime" : {
        "part" : 2622542,
        "total" : 180851042
      },
      "partOfTotalContentLoadingTime" : {
        "part" : 92416,
        "total" : 484459
      },
      "totalNumberOfFiles" : 3,
      "totalFilesSize" : 329,
      "totalProcessingSpeed" : {
        "totalBytes" : 329,
        "totalCpuTime" : 2622542
      },
      "biggestContributors" : [ {
        "providerName" : "Refreshed files",
        "numberOfFiles" : 3,
        "totalFilesSize" : 329,
        "partOfTotalProcessingTimeOfThisFileType" : {
          "part" : 2622542,
          "total" : 2622542
        }
      } ]
    } ],
    "totalStatsPerBaseLanguage" : [ {
      "language" : "HTML",
      "partOfTotalProcessingTime" : {
        "part" : 156258998,
        "total" : 180851042
      },
      "partOfTotalContentLoadingTime" : {
        "part" : 549542,
        "total" : 484459
      },
      "totalNumberOfFiles" : 3,
      "totalFilesSize" : 6285,
      "totalProcessingSpeed" : {
        "totalBytes" : 6285,
        "totalCpuTime" : 156258998
      }
    }, {
      "language" : "XML",
      "partOfTotalProcessingTime" : {
        "part" : 156258998,
        "total" : 180851042
      },
      "partOfTotalContentLoadingTime" : {
        "part" : 549542,
        "total" : 484459
      },
      "totalNumberOfFiles" : 3,
      "totalFilesSize" : 6285,
      "totalProcessingSpeed" : {
        "totalBytes" : 6285,
        "totalCpuTime" : 156258998
      }
    }, {
      "language" : "yaml",
      "partOfTotalProcessingTime" : {
        "part" : 21969502,
        "total" : 180851042
      },
      "partOfTotalContentLoadingTime" : {
        "part" : 811419,
        "total" : 484459
      },
      "totalNumberOfFiles" : 9,
      "totalFilesSize" : 2358,
      "totalProcessingSpeed" : {
        "totalBytes" : 2358,
        "totalCpuTime" : 21969502
      }
    }, {
      "language" : "kotlin",
      "partOfTotalProcessingTime" : {
        "part" : 2622542,
        "total" : 180851042
      },
      "partOfTotalContentLoadingTime" : {
        "part" : 576875,
        "total" : 484459
      },
      "totalNumberOfFiles" : 3,
      "totalFilesSize" : 329,
      "totalProcessingSpeed" : {
        "totalBytes" : 329,
        "totalCpuTime" : 2622542
      }
    } ],
    "totalStatsPerIndexer" : [ {
      "indexId" : "IdIndex",
      "partOfTotalIndexingTime" : {
        "part" : 69590666,
        "total" : 84916748
      },
      "totalNumberOfFiles" : 12,
      "totalNumberOfFilesIndexedByExtensions" : 0,
      "totalFilesSize" : 8643,
      "indexValueChangerEvaluationSpeed" : {
        "totalBytes" : 8643,
        "totalCpuTime" : 69590666
      }
    }, {
      "indexId" : "js.implicit.elements.index",
      "partOfTotalIndexingTime" : {
        "part" : 3652875,
        "total" : 84916748
      },
      "totalNumberOfFiles" : 3,
      "totalNumberOfFilesIndexedByExtensions" : 0,
      "totalFilesSize" : 6285,
      "indexValueChangerEvaluationSpeed" : {
        "totalBytes" : 6285,
        "totalCpuTime" : 3652875
      }
    }, {
      "indexId" : "yaml.keys.name",
      "partOfTotalIndexingTime" : {
        "part" : 3245832,
        "total" : 84916748
      },
      "totalNumberOfFiles" : 9,
      "totalNumberOfFilesIndexedByExtensions" : 0,
      "totalFilesSize" : 2358,
      "indexValueChangerEvaluationSpeed" : {
        "totalBytes" : 2358,
        "totalCpuTime" : 3245832
      }
    }, {
      "indexId" : "docker.compose.services",
      "partOfTotalIndexingTime" : {
        "part" : 1532581,
        "total" : 84916748
      },
      "totalNumberOfFiles" : 9,
      "totalNumberOfFilesIndexedByExtensions" : 0,
      "totalFilesSize" : 2358,
      "indexValueChangerEvaluationSpeed" : {
        "totalBytes" : 2358,
        "totalCpuTime" : 1532581
      }
    }, {
      "indexId" : "CssIndex",
      "partOfTotalIndexingTime" : {
        "part" : 1193750,
        "total" : 84916748
      },
      "totalNumberOfFiles" : 3,
      "totalNumberOfFilesIndexedByExtensions" : 0,
      "totalFilesSize" : 6285,
      "indexValueChangerEvaluationSpeed" : {
        "totalBytes" : 6285,
        "totalCpuTime" : 1193750
      }
    }, {
      "indexId" : "html5.custom.attributes.index",
      "partOfTotalIndexingTime" : {
        "part" : 929708,
        "total" : 84916748
      },
      "totalNumberOfFiles" : 3,
      "totalNumberOfFilesIndexedByExtensions" : 0,
      "totalFilesSize" : 6285,
      "indexValueChangerEvaluationSpeed" : {
        "totalBytes" : 6285,
        "totalCpuTime" : 929708
      }
    }, {
      "indexId" : "fileIncludes",
      "partOfTotalIndexingTime" : {
        "part" : 887167,
        "total" : 84916748
      },
      "totalNumberOfFiles" : 3,
      "totalNumberOfFilesIndexedByExtensions" : 0,
      "totalFilesSize" : 6285,
      "indexValueChangerEvaluationSpeed" : {
        "totalBytes" : 6285,
        "totalCpuTime" : 887167
      }
    }, {
      "indexId" : "css.template.selectors",
      "partOfTotalIndexingTime" : {
        "part" : 658167,
        "total" : 84916748
      },
      "totalNumberOfFiles" : 3,
      "totalNumberOfFilesIndexedByExtensions" : 0,
      "totalFilesSize" : 6285,
      "indexValueChangerEvaluationSpeed" : {
        "totalBytes" : 6285,
        "totalCpuTime" : 658167
      }
    }, {
      "indexId" : "OpenapiSpecificationContentIndexer",
      "partOfTotalIndexingTime" : {
        "part" : 640500,
        "total" : 84916748
      },
      "totalNumberOfFiles" : 9,
      "totalNumberOfFilesIndexedByExtensions" : 0,
      "totalFilesSize" : 2358,
      "indexValueChangerEvaluationSpeed" : {
        "totalBytes" : 2358,
        "totalCpuTime" : 640500
      }
    }, {
      "indexId" : "Trigram.Index",
      "partOfTotalIndexingTime" : {
        "part" : 571085,
        "total" : 84916748
      },
      "totalNumberOfFiles" : 15,
      "totalNumberOfFilesIndexedByExtensions" : 0,
      "totalFilesSize" : 8972,
      "indexValueChangerEvaluationSpeed" : {
        "totalBytes" : 8972,
        "totalCpuTime" : 571085
      }
    }, {
      "indexId" : "HtmlTagIdIndex",
      "partOfTotalIndexingTime" : {
        "part" : 506375,
        "total" : 84916748
      },
      "totalNumberOfFiles" : 3,
      "totalNumberOfFilesIndexedByExtensions" : 0,
      "totalFilesSize" : 6285,
      "indexValueChangerEvaluationSpeed" : {
        "totalBytes" : 6285,
        "totalCpuTime" : 506375
      }
    }, {
      "indexId" : "Stubs",
      "partOfTotalIndexingTime" : {
        "part" : 386042,
        "total" : 84916748
      },
      "totalNumberOfFiles" : 3,
      "totalNumberOfFilesIndexedByExtensions" : 0,
      "totalFilesSize" : 6285,
      "indexValueChangerEvaluationSpeed" : {
        "totalBytes" : 6285,
        "totalCpuTime" : 386042
      }
    }, {
      "indexId" : "SwReferencesIndex",
      "partOfTotalIndexingTime" : {
        "part" : 268376,
        "total" : 84916748
      },
      "totalNumberOfFiles" : 9,
      "totalNumberOfFilesIndexedByExtensions" : 0,
      "totalFilesSize" : 2358,
      "indexValueChangerEvaluationSpeed" : {
        "totalBytes" : 2358,
        "totalCpuTime" : 268376
      }
    }, {
      "indexId" : "HtmlScriptSrcIndex",
      "partOfTotalIndexingTime" : {
        "part" : 190251,
        "total" : 84916748
      },
      "totalNumberOfFiles" : 3,
      "totalNumberOfFilesIndexedByExtensions" : 0,
      "totalFilesSize" : 6285,
      "indexValueChangerEvaluationSpeed" : {
        "totalBytes" : 6285,
        "totalCpuTime" : 190251
      }
    }, {
      "indexId" : "WebComponentsIndex",
      "partOfTotalIndexingTime" : {
        "part" : 189000,
        "total" : 84916748
      },
      "totalNumberOfFiles" : 3,
      "totalNumberOfFilesIndexedByExtensions" : 0,
      "totalFilesSize" : 6285,
      "indexValueChangerEvaluationSpeed" : {
        "totalBytes" : 6285,
        "totalCpuTime" : 189000
      }
    }, {
      "indexId" : "angularjs.template.cache",
      "partOfTotalIndexingTime" : {
        "part" : 170666,
        "total" : 84916748
      },
      "totalNumberOfFiles" : 3,
      "totalNumberOfFilesIndexedByExtensions" : 0,
      "totalFilesSize" : 6285,
      "indexValueChangerEvaluationSpeed" : {
        "totalBytes" : 6285,
        "totalCpuTime" : 170666
      }
    }, {
      "indexId" : "angularjs.app.index",
      "partOfTotalIndexingTime" : {
        "part" : 140583,
        "total" : 84916748
      },
      "totalNumberOfFiles" : 3,
      "totalNumberOfFilesIndexedByExtensions" : 0,
      "totalFilesSize" : 6285,
      "indexValueChangerEvaluationSpeed" : {
        "totalBytes" : 6285,
        "totalCpuTime" : 140583
      }
    }, {
      "indexId" : "angularjs.ui.router.views.index",
      "partOfTotalIndexingTime" : {
        "part" : 137916,
        "total" : 84916748
      },
      "totalNumberOfFiles" : 3,
      "totalNumberOfFilesIndexedByExtensions" : 0,
      "totalFilesSize" : 6285,
      "indexValueChangerEvaluationSpeed" : {
        "totalBytes" : 6285,
        "totalCpuTime" : 137916
      }
    }, {
      "indexId" : "js.custom.single.entry.index",
      "partOfTotalIndexingTime" : {
        "part" : 25208,
        "total" : 84916748
      },
      "totalNumberOfFiles" : 3,
      "totalNumberOfFilesIndexedByExtensions" : 0,
      "totalFilesSize" : 6285,
      "indexValueChangerEvaluationSpeed" : {
        "totalBytes" : 6285,
        "totalCpuTime" : 25208
      }
    } ],
    "statisticsOfChangedDuringIndexingFiles" : {
      "numberOfFiles" : 15,
      "retrievingTime" : 1417417
    },
    "fileProviderStatistics" : [ {
      "providerName" : "Refreshed files",
      "totalNumberOfIndexedFiles" : 15,
      "totalNumberOfFilesFullyIndexedByExtensions" : 0,
      "totalNumberOfNothingToWriteFiles" : 0,
      "totalIndexingVisibleTime" : 153808584,
      "contentLoadingVisibleTime" : 412018,
      "numberOfTooLargeForIndexingFiles" : 0,
      "slowIndexedFiles" : [ ],
      "filesFullyIndexedByExtensions" : [ ],
      "separateApplyingIndexesVisibleTime" : 10798501
    } ],
    "visibleTimeToAllThreadTimeRatio" : 0.850471096539217
  }
}