{
  "appInfo" : {
    "build" : "233.13135.103",
    "buildDate" : "2023-12-20T05:05:00Z[UTC]",
    "productCode" : "IU",
    "generated" : "2024-02-04T01:23:19.990077Z",
    "os" : "macOS 14.3",
    "runtime" : "JetBrains s.r.o. 17.0.9 17.0.9+7-b1087.9"
  },
  "runtimeInfo" : {
    "maxMemory" : 2147483648,
    "numberOfProcessors" : 10,
    "maxNumberOfIndexingThreads" : 9,
    "maxSizeOfFileForIntelliSense" : 2560000,
    "maxSizeOfFileForContentLoading" : 20971520
  },
  "type" : "DumbIndexing",
  "projectIndexingActivityHistory" : {
    "projectName" : "Steganography and Cryptography",
    "times" : {
      "scanningIds" : [ 14 ],
      "contentLoadingVisibleTime" : 48572,
      "retrievingChangedDuringIndexingFilesTime" : 9667,
      "separateApplyingIndexesVisibleTime" : 252389,
      "updatingStart" : "2024-02-04T01:23:19.941552Z",
      "updatingEnd" : "2024-02-04T01:23:19.989882Z",
      "totalWallTimeWithPauses" : 48332125,
      "wallTimeOnPause" : 0,
      "wasInterrupted" : false,
      "dumbModeStart" : "2024-02-04T01:23:19.941552Z",
      "dumbWallTimeWithPauses" : 48332125,
      "dumbWallTimeWithoutPauses" : 48332125,
      "totalWallTimeWithoutPauses" : 48332125
    },
    "fileCount" : {
      "numberOfChangedDuringIndexingFiles" : 0,
      "numberOfFilesIndexedByInfrastructureExtensionsDuringIndexingStage" : 0,
      "numberOfFilesIndexedWithLoadingContent" : 4,
      "numberOfNothingToWriteFiles" : 0
    },
    "totalStatsPerFileType" : [ {
      "fileType" : "Kotlin",
      "partOfTotalProcessingTime" : {
        "part" : 4078209,
        "total" : 4078209
      },
      "partOfTotalContentLoadingTime" : {
        "part" : 164625,
        "total" : 164625
      },
      "totalNumberOfFiles" : 4,
      "totalFilesSize" : 448,
      "totalProcessingSpeed" : {
        "totalBytes" : 448,
        "totalCpuTime" : 4078209
      },
      "biggestContributors" : [ {
        "providerName" : "Module 'Steganography_and_Cryptography.Topics-Image_libraries-Theory.main' (all roots)",
        "numberOfFiles" : 1,
        "totalFilesSize" : 109,
        "partOfTotalProcessingTimeOfThisFileType" : {
          "part" : 1175082,
          "total" : 4078209
        }
      }, {
        "providerName" : "Module 'Steganography_and_Cryptography.Topics-Image_libraries-Drawing_four_circles.main' (all roots)",
        "numberOfFiles" : 1,
        "totalFilesSize" : 121,
        "partOfTotalProcessingTimeOfThisFileType" : {
          "part" : 1148626,
          "total" : 4078209
        }
      }, {
        "providerName" : "Module 'Steganography_and_Cryptography.Topics-Image_libraries-Supported_formats.main' (all roots)",
        "numberOfFiles" : 1,
        "totalFilesSize" : 109,
        "partOfTotalProcessingTimeOfThisFileType" : {
          "part" : 928750,
          "total" : 4078209
        }
      }, {
        "providerName" : "Module 'Steganography_and_Cryptography.Topics-Image_libraries-Representing_images_in_Kotlin.main' (all roots)",
        "numberOfFiles" : 1,
        "totalFilesSize" : 109,
        "partOfTotalProcessingTimeOfThisFileType" : {
          "part" : 825751,
          "total" : 4078209
        }
      } ]
    } ],
    "totalStatsPerBaseLanguage" : [ {
      "language" : "kotlin",
      "partOfTotalProcessingTime" : {
        "part" : 4078209,
        "total" : 4078209
      },
      "partOfTotalContentLoadingTime" : {
        "part" : 329250,
        "total" : 164625
      },
      "totalNumberOfFiles" : 4,
      "totalFilesSize" : 448,
      "totalProcessingSpeed" : {
        "totalBytes" : 448,
        "totalCpuTime" : 4078209
      }
    } ],
    "totalStatsPerIndexer" : [ {
      "indexId" : "org.jetbrains.kotlin.idea.vfilefinder.KotlinPartialPackageNamesIndex",
      "partOfTotalIndexingTime" : {
        "part" : 899125,
        "total" : 2252915
      },
      "totalNumberOfFiles" : 4,
      "totalNumberOfFilesIndexedByExtensions" : 0,
      "totalFilesSize" : 448,
      "indexValueChangerEvaluationSpeed" : {
        "totalBytes" : 448,
        "totalCpuTime" : 899125
      }
    }, {
      "indexId" : "Stubs",
      "partOfTotalIndexingTime" : {
        "part" : 513458,
        "total" : 2252915
      },
      "totalNumberOfFiles" : 4,
      "totalNumberOfFilesIndexedByExtensions" : 0,
      "totalFilesSize" : 448,
      "indexValueChangerEvaluationSpeed" : {
        "totalBytes" : 448,
        "totalCpuTime" : 513458
      }
    }, {
      "indexId" : "HashFragmentIndex",
      "partOfTotalIndexingTime" : {
        "part" : 285874,
        "total" : 2252915
      },
      "totalNumberOfFiles" : 4,
      "totalNumberOfFilesIndexedByExtensions" : 0,
      "totalFilesSize" : 448,
      "indexValueChangerEvaluationSpeed" : {
        "totalBytes" : 448,
        "totalCpuTime" : 285874
      }
    }, {
      "indexId" : "IdIndex",
      "partOfTotalIndexingTime" : {
        "part" : 199583,
        "total" : 2252915
      },
      "totalNumberOfFiles" : 4,
      "totalNumberOfFilesIndexedByExtensions" : 0,
      "totalFilesSize" : 448,
      "indexValueChangerEvaluationSpeed" : {
        "totalBytes" : 448,
        "totalCpuTime" : 199583
      }
    }, {
      "indexId" : "org.jetbrains.kotlin.idea.vfilefinder.KotlinShortClassNameFileIndex",
      "partOfTotalIndexingTime" : {
        "part" : 177542,
        "total" : 2252915
      },
      "totalNumberOfFiles" : 4,
      "totalNumberOfFilesIndexedByExtensions" : 0,
      "totalFilesSize" : 448,
      "indexValueChangerEvaluationSpeed" : {
        "totalBytes" : 448,
        "totalCpuTime" : 177542
      }
    }, {
      "indexId" : "org.jetbrains.kotlin.idea.vfilefinder.KotlinPackageSourcesMemberNamesIndex",
      "partOfTotalIndexingTime" : {
        "part" : 90583,
        "total" : 2252915
      },
      "totalNumberOfFiles" : 4,
      "totalNumberOfFilesIndexedByExtensions" : 0,
      "totalFilesSize" : 448,
      "indexValueChangerEvaluationSpeed" : {
        "totalBytes" : 448,
        "totalCpuTime" : 90583
      }
    }, {
      "indexId" : "org.jetbrains.kotlin.idea.base.indices.names.KotlinTopLevelCallableByPackageShortNameIndex",
      "partOfTotalIndexingTime" : {
        "part" : 69750,
        "total" : 2252915
      },
      "totalNumberOfFiles" : 4,
      "totalNumberOfFilesIndexedByExtensions" : 0,
      "totalFilesSize" : 448,
      "indexValueChangerEvaluationSpeed" : {
        "totalBytes" : 448,
        "totalCpuTime" : 69750
      }
    }, {
      "indexId" : "org.jetbrains.kotlin.idea.base.indices.names.KotlinTopLevelClassLikeDeclarationByPackageShortNameIndex",
      "partOfTotalIndexingTime" : {
        "part" : 17000,
        "total" : 2252915
      },
      "totalNumberOfFiles" : 4,
      "totalNumberOfFilesIndexedByExtensions" : 0,
      "totalFilesSize" : 448,
      "indexValueChangerEvaluationSpeed" : {
        "totalBytes" : 448,
        "totalCpuTime" : 17000
      }
    } ],
    "statisticsOfChangedDuringIndexingFiles" : {
      "numberOfFiles" : 0,
      "retrievingTime" : 9667
    },
    "fileProviderStatistics" : [ {
      "providerName" : "Module 'Steganography_and_Cryptography.Topics-Image_libraries-Theory.main' (all roots)",
      "totalNumberOfIndexedFiles" : 1,
      "totalNumberOfFilesFullyIndexedByExtensions" : 0,
      "totalNumberOfNothingToWriteFiles" : 0,
      "totalIndexingVisibleTime" : 346724,
      "contentLoadingVisibleTime" : 9478,
      "numberOfTooLargeForIndexingFiles" : 0,
      "slowIndexedFiles" : [ ],
      "filesFullyIndexedByExtensions" : [ ],
      "separateApplyingIndexesVisibleTime" : 36882
    }, {
      "providerName" : "Module 'Steganography_and_Cryptography.Topics-Image_libraries-Drawing_four_circles.main' (all roots)",
      "totalNumberOfIndexedFiles" : 1,
      "totalNumberOfFilesFullyIndexedByExtensions" : 0,
      "totalNumberOfNothingToWriteFiles" : 0,
      "totalIndexingVisibleTime" : 338918,
      "contentLoadingVisibleTime" : 24625,
      "numberOfTooLargeForIndexingFiles" : 0,
      "slowIndexedFiles" : [ ],
      "filesFullyIndexedByExtensions" : [ ],
      "separateApplyingIndexesVisibleTime" : 164658
    }, {
      "providerName" : "Module 'Steganography_and_Cryptography.Topics-Image_libraries-Supported_formats.main' (all roots)",
      "totalNumberOfIndexedFiles" : 1,
      "totalNumberOfFilesFullyIndexedByExtensions" : 0,
      "totalNumberOfNothingToWriteFiles" : 0,
      "totalIndexingVisibleTime" : 274040,
      "contentLoadingVisibleTime" : 7646,
      "numberOfTooLargeForIndexingFiles" : 0,
      "slowIndexedFiles" : [ ],
      "filesFullyIndexedByExtensions" : [ ],
      "separateApplyingIndexesVisibleTime" : 25351
    }, {
      "providerName" : "Module 'Steganography_and_Cryptography.Topics-Image_libraries-Representing_images_in_Kotlin.main' (all roots)",
      "totalNumberOfIndexedFiles" : 1,
      "totalNumberOfFilesFullyIndexedByExtensions" : 0,
      "totalNumberOfNothingToWriteFiles" : 0,
      "totalIndexingVisibleTime" : 243649,
      "contentLoadingVisibleTime" : 6823,
      "numberOfTooLargeForIndexingFiles" : 0,
      "slowIndexedFiles" : [ ],
      "filesFullyIndexedByExtensions" : [ ],
      "separateApplyingIndexesVisibleTime" : 25498
    }, {
      "providerName" : "Refreshed files",
      "totalNumberOfIndexedFiles" : 0,
      "totalNumberOfFilesFullyIndexedByExtensions" : 0,
      "totalNumberOfNothingToWriteFiles" : 0,
      "totalIndexingVisibleTime" : 0,
      "contentLoadingVisibleTime" : 0,
      "numberOfTooLargeForIndexingFiles" : 0,
      "slowIndexedFiles" : [ ],
      "filesFullyIndexedByExtensions" : [ ],
      "separateApplyingIndexesVisibleTime" : 0
    } ],
    "visibleTimeToAllThreadTimeRatio" : 0.0
  }
}