{
  "appInfo" : {
    "build" : "233.13135.103",
    "buildDate" : "2023-12-20T05:05:00Z[UTC]",
    "productCode" : "IU",
    "generated" : "2024-02-04T15:09:41.209834Z",
    "os" : "macOS 14.3",
    "runtime" : "JetBrains s.r.o. 17.0.9 17.0.9+7-b1087.9"
  },
  "runtimeInfo" : {
    "maxMemory" : 2147483648,
    "numberOfProcessors" : 10,
    "maxNumberOfIndexingThreads" : 9,
    "maxSizeOfFileForIntelliSense" : 2560000,
    "maxSizeOfFileForContentLoading" : 20971520
  },
  "type" : "DumbIndexing",
  "projectIndexingActivityHistory" : {
    "projectName" : "Steganography and Cryptography",
    "times" : {
      "scanningIds" : [ ],
      "contentLoadingVisibleTime" : 100896,
      "retrievingChangedDuringIndexingFilesTime" : 37292,
      "separateApplyingIndexesVisibleTime" : 821493,
      "updatingStart" : "2024-02-04T15:09:41.184731Z",
      "updatingEnd" : "2024-02-04T15:09:41.209627Z",
      "totalWallTimeWithPauses" : 24894750,
      "wallTimeOnPause" : 0,
      "wasInterrupted" : false,
      "dumbModeStart" : "2024-02-04T15:09:41.184731Z",
      "dumbWallTimeWithPauses" : 24894750,
      "dumbWallTimeWithoutPauses" : 24894750,
      "totalWallTimeWithoutPauses" : 24894750
    },
    "fileCount" : {
      "numberOfChangedDuringIndexingFiles" : 24,
      "numberOfFilesIndexedByInfrastructureExtensionsDuringIndexingStage" : 0,
      "numberOfFilesIndexedWithLoadingContent" : 24,
      "numberOfNothingToWriteFiles" : 0
    },
    "totalStatsPerFileType" : [ {
      "fileType" : "YAML",
      "partOfTotalProcessingTime" : {
        "part" : 16265210,
        "total" : 16265210
      },
      "partOfTotalContentLoadingTime" : {
        "part" : 492917,
        "total" : 492917
      },
      "totalNumberOfFiles" : 24,
      "totalFilesSize" : 5575,
      "totalProcessingSpeed" : {
        "totalBytes" : 5575,
        "totalCpuTime" : 16265210
      },
      "biggestContributors" : [ {
        "providerName" : "Refreshed files",
        "numberOfFiles" : 24,
        "totalFilesSize" : 5575,
        "partOfTotalProcessingTimeOfThisFileType" : {
          "part" : 16265210,
          "total" : 16265210
        }
      } ]
    } ],
    "totalStatsPerBaseLanguage" : [ {
      "language" : "yaml",
      "partOfTotalProcessingTime" : {
        "part" : 16265210,
        "total" : 16265210
      },
      "partOfTotalContentLoadingTime" : {
        "part" : 985834,
        "total" : 492917
      },
      "totalNumberOfFiles" : 24,
      "totalFilesSize" : 5575,
      "totalProcessingSpeed" : {
        "totalBytes" : 5575,
        "totalCpuTime" : 16265210
      }
    } ],
    "totalStatsPerIndexer" : [ {
      "indexId" : "yaml.keys.name",
      "partOfTotalIndexingTime" : {
        "part" : 3047165,
        "total" : 8302874
      },
      "totalNumberOfFiles" : 24,
      "totalNumberOfFilesIndexedByExtensions" : 0,
      "totalFilesSize" : 5575,
      "indexValueChangerEvaluationSpeed" : {
        "totalBytes" : 5575,
        "totalCpuTime" : 3047165
      }
    }, {
      "indexId" : "IdIndex",
      "partOfTotalIndexingTime" : {
        "part" : 1838254,
        "total" : 8302874
      },
      "totalNumberOfFiles" : 24,
      "totalNumberOfFilesIndexedByExtensions" : 0,
      "totalFilesSize" : 5575,
      "indexValueChangerEvaluationSpeed" : {
        "totalBytes" : 5575,
        "totalCpuTime" : 1838254
      }
    }, {
      "indexId" : "Trigram.Index",
      "partOfTotalIndexingTime" : {
        "part" : 1242163,
        "total" : 8302874
      },
      "totalNumberOfFiles" : 24,
      "totalNumberOfFilesIndexedByExtensions" : 0,
      "totalFilesSize" : 5575,
      "indexValueChangerEvaluationSpeed" : {
        "totalBytes" : 5575,
        "totalCpuTime" : 1242163
      }
    }, {
      "indexId" : "OpenapiSpecificationContentIndexer",
      "partOfTotalIndexingTime" : {
        "part" : 971916,
        "total" : 8302874
      },
      "totalNumberOfFiles" : 24,
      "totalNumberOfFilesIndexedByExtensions" : 0,
      "totalFilesSize" : 5575,
      "indexValueChangerEvaluationSpeed" : {
        "totalBytes" : 5575,
        "totalCpuTime" : 971916
      }
    }, {
      "indexId" : "docker.compose.services",
      "partOfTotalIndexingTime" : {
        "part" : 852709,
        "total" : 8302874
      },
      "totalNumberOfFiles" : 24,
      "totalNumberOfFilesIndexedByExtensions" : 0,
      "totalFilesSize" : 5575,
      "indexValueChangerEvaluationSpeed" : {
        "totalBytes" : 5575,
        "totalCpuTime" : 852709
      }
    }, {
      "indexId" : "SwReferencesIndex",
      "partOfTotalIndexingTime" : {
        "part" : 350667,
        "total" : 8302874
      },
      "totalNumberOfFiles" : 24,
      "totalNumberOfFilesIndexedByExtensions" : 0,
      "totalFilesSize" : 5575,
      "indexValueChangerEvaluationSpeed" : {
        "totalBytes" : 5575,
        "totalCpuTime" : 350667
      }
    } ],
    "statisticsOfChangedDuringIndexingFiles" : {
      "numberOfFiles" : 24,
      "retrievingTime" : 37292
    },
    "fileProviderStatistics" : [ {
      "providerName" : "Refreshed files",
      "totalNumberOfIndexedFiles" : 24,
      "totalNumberOfFilesFullyIndexedByExtensions" : 0,
      "totalNumberOfNothingToWriteFiles" : 0,
      "totalIndexingVisibleTime" : 3329375,
      "contentLoadingVisibleTime" : 100896,
      "numberOfTooLargeForIndexingFiles" : 0,
      "slowIndexedFiles" : [ ],
      "filesFullyIndexedByExtensions" : [ ],
      "separateApplyingIndexesVisibleTime" : 821493
    } ],
    "visibleTimeToAllThreadTimeRatio" : 0.2046930227153538
  }
}