{
  "appInfo" : {
    "build" : "233.13135.103",
    "buildDate" : "2023-12-20T05:05:00Z[UTC]",
    "productCode" : "IU",
    "generated" : "2024-02-03T22:50:54.57648Z",
    "os" : "macOS 14.3",
    "runtime" : "JetBrains s.r.o. 17.0.9 17.0.9+7-b1087.9"
  },
  "runtimeInfo" : {
    "maxMemory" : 2147483648,
    "numberOfProcessors" : 10,
    "maxNumberOfIndexingThreads" : 9,
    "maxSizeOfFileForIntelliSense" : 2560000,
    "maxSizeOfFileForContentLoading" : 20971520
  },
  "type" : "Scanning",
  "projectIndexingActivityHistory" : {
    "projectName" : "Steganography and Cryptography",
    "times" : {
      "scanningReason" : "changes in: \"Module 'Steganography_and_Cryptography.Topics-Image_colors-Generate_ARGB_value.main' (all roots)\", \"Module 'Steganography_and_Cryptography.Topics-Image_colors-Generate_ARGB_value.test' (all roots)\", \"Module 'Steganography_and_Cryptography.Topics-Image_colors-Negative_image.main' (all roots)\", \"Module 'Steganography_and_Cryptography.Topics-Image_colors-Negative_image.test' (all roots)\", \"Module 'Steganography_and_Cryptography.Topics-Image_colors-RGB_24-bit.main' (all roots)\", \"Module 'Steganography_and_Cryptography.Topics-Image_colors-RGB_24-bit.test' (all roots)\", \"Module 'Steganography_and_Cryptography.Topics-Image_colors-RGB_color.main' (all roots)\", \"Module 'Steganography_and_Cryptography.Topics-Image_colors-RGB_color.test' (all roots)\", \"Module 'Steganography_and_Cryptography.Topics-Image_colors-Theory.main' (all roots)\", \"Module 'Steganography_and_Cryptography.Topics-Image_colors-Theory.test' (all roots)\" and 27 iterators more",
      "scanningType" : "PARTIAL",
      "scanningId" : 13,
      "creatingIteratorsTime" : 0,
      "concurrentHandlingWallTimeWithoutPauses" : 427835000,
      "concurrentHandlingWallTimeWithPauses" : 427835000,
      "concurrentHandlingSumOfThreadTimesWithPauses" : 654052583,
      "concurrentIterationAndScannersApplicationSumOfThreadTimesWithPauses" : 34433585,
      "concurrentFileCheckSumOfThreadTimesWithPauses" : 618714086,
      "delayedPushPropertiesStageTime" : 1000,
      "indexExtensionsTime" : 192457,
      "dumbWallTimeWithPauses" : 0,
      "dumbWallTimeWithoutPauses" : 0,
      "updatingStart" : "2024-02-03T22:50:54.147871Z",
      "updatingEnd" : "2024-02-03T22:50:54.576151Z",
      "totalWallTimeWithPauses" : 428280792,
      "wallTimeOnPause" : 3000,
      "wasInterrupted" : false,
      "totalWallTimeWithoutPauses" : 428277792
    },
    "fileCount" : {
      "numberOfFileProviders" : 37,
      "numberOfScannedFiles" : 54391,
      "numberOfFilesIndexedByInfrastructureExtensionsDuringScan" : 0,
      "numberOfFilesScheduledForIndexingAfterScan" : 6
    },
    "scanningStatistics" : [ {
      "providerName" : "JDK temurin-21 /Library/Java/JavaVirtualMachines/temurin-21.jdk/Contents/Home",
      "numberOfScannedFiles" : 44380,
      "numberOfSkippedFiles" : 0,
      "numberOfFilesForIndexing" : 0,
      "numberOfFilesFullyIndexedByInfrastructureExtensions" : 0,
      "filesFullyIndexedByInfrastructureExtensions" : [ ],
      "statusTime" : 402232594,
      "totalOneThreadTimeWithPauses" : 423433292,
      "iterationAndScannersApplicationTime" : 12910792,
      "filesCheckTime" : 410480750,
      "timeProcessingUpToDateFiles" : 240367768,
      "timeUpdatingContentLessIndexes" : 0,
      "timeIndexingWithoutContentViaInfrastructureExtension" : 0,
      "roots" : [ ]
    }, {
      "providerName" : "Library Gradle: org.assertj:assertj-core:3.17.2 (#1 class roots, #1 source roots)",
      "numberOfScannedFiles" : 3875,
      "numberOfSkippedFiles" : 0,
      "numberOfFilesForIndexing" : 0,
      "numberOfFilesFullyIndexedByInfrastructureExtensions" : 0,
      "filesFullyIndexedByInfrastructureExtensions" : [ ],
      "statusTime" : 48202278,
      "totalOneThreadTimeWithPauses" : 52850542,
      "iterationAndScannersApplicationTime" : 3766584,
      "filesCheckTime" : 49064000,
      "timeProcessingUpToDateFiles" : 13903050,
      "timeUpdatingContentLessIndexes" : 0,
      "timeIndexingWithoutContentViaInfrastructureExtension" : 0,
      "roots" : [ ]
    }, {
      "providerName" : "Library Gradle: org.apache.httpcomponents:httpclient:4.5.13 (#1 class roots, #1 source roots)",
      "numberOfScannedFiles" : 911,
      "numberOfSkippedFiles" : 0,
      "numberOfFilesForIndexing" : 0,
      "numberOfFilesFullyIndexedByInfrastructureExtensions" : 0,
      "filesFullyIndexedByInfrastructureExtensions" : [ ],
      "statusTime" : 23485220,
      "totalOneThreadTimeWithPauses" : 26233958,
      "iterationAndScannersApplicationTime" : 1988292,
      "filesCheckTime" : 24212542,
      "timeProcessingUpToDateFiles" : 3748146,
      "timeUpdatingContentLessIndexes" : 0,
      "timeIndexingWithoutContentViaInfrastructureExtension" : 0,
      "roots" : [ ]
    }, {
      "providerName" : "Library Gradle: org.assertj:assertj-swing:3.17.1 (#1 class roots, #1 source roots)",
      "numberOfScannedFiles" : 1101,
      "numberOfSkippedFiles" : 0,
      "numberOfFilesForIndexing" : 0,
      "numberOfFilesFullyIndexedByInfrastructureExtensions" : 0,
      "filesFullyIndexedByInfrastructureExtensions" : [ ],
      "statusTime" : 23189402,
      "totalOneThreadTimeWithPauses" : 25665791,
      "iterationAndScannersApplicationTime" : 1274833,
      "filesCheckTime" : 24370000,
      "timeProcessingUpToDateFiles" : 3962498,
      "timeUpdatingContentLessIndexes" : 0,
      "timeIndexingWithoutContentViaInfrastructureExtension" : 0,
      "roots" : [ ]
    }, {
      "providerName" : "Library Gradle: org.jetbrains.kotlin:kotlin-stdlib:1.6.10 (#1 class roots, #1 source roots)",
      "numberOfScannedFiles" : 1061,
      "numberOfSkippedFiles" : 0,
      "numberOfFilesForIndexing" : 0,
      "numberOfFilesFullyIndexedByInfrastructureExtensions" : 0,
      "filesFullyIndexedByInfrastructureExtensions" : [ ],
      "statusTime" : 19021741,
      "totalOneThreadTimeWithPauses" : 19830125,
      "iterationAndScannersApplicationTime" : 383042,
      "filesCheckTime" : 19428125,
      "timeProcessingUpToDateFiles" : 4429239,
      "timeUpdatingContentLessIndexes" : 0,
      "timeIndexingWithoutContentViaInfrastructureExtension" : 0,
      "roots" : [ ]
    }, {
      "providerName" : "Library Gradle: junit:junit:4.13.2 (#1 class roots, #1 source roots)",
      "numberOfScannedFiles" : 578,
      "numberOfSkippedFiles" : 0,
      "numberOfFilesForIndexing" : 0,
      "numberOfFilesFullyIndexedByInfrastructureExtensions" : 0,
      "filesFullyIndexedByInfrastructureExtensions" : [ ],
      "statusTime" : 15588346,
      "totalOneThreadTimeWithPauses" : 19365792,
      "iterationAndScannersApplicationTime" : 2541792,
      "filesCheckTime" : 16795834,
      "timeProcessingUpToDateFiles" : 2851996,
      "timeUpdatingContentLessIndexes" : 0,
      "timeIndexingWithoutContentViaInfrastructureExtension" : 0,
      "roots" : [ ]
    }, {
      "providerName" : "Library Gradle: org.apache.httpcomponents:httpcore:4.4.13 (#1 class roots, #1 source roots)",
      "numberOfScannedFiles" : 523,
      "numberOfSkippedFiles" : 0,
      "numberOfFilesForIndexing" : 0,
      "numberOfFilesFullyIndexedByInfrastructureExtensions" : 0,
      "filesFullyIndexedByInfrastructureExtensions" : [ ],
      "statusTime" : 15933331,
      "totalOneThreadTimeWithPauses" : 18550834,
      "iterationAndScannersApplicationTime" : 1942875,
      "filesCheckTime" : 16585542,
      "timeProcessingUpToDateFiles" : 2125301,
      "timeUpdatingContentLessIndexes" : 0,
      "timeIndexingWithoutContentViaInfrastructureExtension" : 0,
      "roots" : [ ]
    }, {
      "providerName" : "Library Gradle: commons-codec:commons-codec:1.11 (#1 class roots, #1 source roots)",
      "numberOfScannedFiles" : 432,
      "numberOfSkippedFiles" : 0,
      "numberOfFilesForIndexing" : 0,
      "numberOfFilesFullyIndexedByInfrastructureExtensions" : 0,
      "filesFullyIndexedByInfrastructureExtensions" : [ ],
      "statusTime" : 13041053,
      "totalOneThreadTimeWithPauses" : 16379500,
      "iterationAndScannersApplicationTime" : 2578833,
      "filesCheckTime" : 13777500,
      "timeProcessingUpToDateFiles" : 1371410,
      "timeUpdatingContentLessIndexes" : 0,
      "timeIndexingWithoutContentViaInfrastructureExtension" : 0,
      "roots" : [ ]
    }, {
      "providerName" : "Library Gradle: org.jetbrains.kotlin:kotlin-stdlib-common:1.6.10 (#1 class roots, #1 source roots)",
      "numberOfScannedFiles" : 462,
      "numberOfSkippedFiles" : 0,
      "numberOfFilesForIndexing" : 0,
      "numberOfFilesFullyIndexedByInfrastructureExtensions" : 0,
      "filesFullyIndexedByInfrastructureExtensions" : [ ],
      "statusTime" : 12427171,
      "totalOneThreadTimeWithPauses" : 13916833,
      "iterationAndScannersApplicationTime" : 901125,
      "filesCheckTime" : 12982250,
      "timeProcessingUpToDateFiles" : 2001195,
      "timeUpdatingContentLessIndexes" : 0,
      "timeIndexingWithoutContentViaInfrastructureExtension" : 0,
      "roots" : [ ]
    }, {
      "providerName" : "Library Gradle: org.assertj:assertj-swing-junit:3.17.1 (#1 class roots, #1 source roots)",
      "numberOfScannedFiles" : 223,
      "numberOfSkippedFiles" : 0,
      "numberOfFilesForIndexing" : 0,
      "numberOfFilesFullyIndexedByInfrastructureExtensions" : 0,
      "filesFullyIndexedByInfrastructureExtensions" : [ ],
      "statusTime" : 4501923,
      "totalOneThreadTimeWithPauses" : 5720750,
      "iterationAndScannersApplicationTime" : 967000,
      "filesCheckTime" : 4739792,
      "timeProcessingUpToDateFiles" : 542361,
      "timeUpdatingContentLessIndexes" : 0,
      "timeIndexingWithoutContentViaInfrastructureExtension" : 0,
      "roots" : [ ]
    }, {
      "providerName" : "Library Gradle: org.easytesting:fest-reflect:1.4.1 (#1 class roots, #1 source roots)",
      "numberOfScannedFiles" : 89,
      "numberOfSkippedFiles" : 0,
      "numberOfFilesForIndexing" : 0,
      "numberOfFilesFullyIndexedByInfrastructureExtensions" : 0,
      "filesFullyIndexedByInfrastructureExtensions" : [ ],
      "statusTime" : 4047580,
      "totalOneThreadTimeWithPauses" : 4598417,
      "iterationAndScannersApplicationTime" : 62417,
      "filesCheckTime" : 4519750,
      "timeProcessingUpToDateFiles" : 329293,
      "timeUpdatingContentLessIndexes" : 0,
      "timeIndexingWithoutContentViaInfrastructureExtension" : 0,
      "roots" : [ ]
    }, {
      "providerName" : "Library Gradle: com.google.code.gson:gson:2.8.9 (#1 class roots, #1 source roots)",
      "numberOfScannedFiles" : 279,
      "numberOfSkippedFiles" : 0,
      "numberOfFilesForIndexing" : 0,
      "numberOfFilesFullyIndexedByInfrastructureExtensions" : 0,
      "filesFullyIndexedByInfrastructureExtensions" : [ ],
      "statusTime" : 2700455,
      "totalOneThreadTimeWithPauses" : 3059750,
      "iterationAndScannersApplicationTime" : 188084,
      "filesCheckTime" : 2850667,
      "timeProcessingUpToDateFiles" : 667567,
      "timeUpdatingContentLessIndexes" : 0,
      "timeIndexingWithoutContentViaInfrastructureExtension" : 0,
      "roots" : [ ]
    }, {
      "providerName" : "Library Gradle: org.hamcrest:hamcrest-core:1.3 (#1 class roots, #1 source roots)",
      "numberOfScannedFiles" : 88,
      "numberOfSkippedFiles" : 0,
      "numberOfFilesForIndexing" : 0,
      "numberOfFilesFullyIndexedByInfrastructureExtensions" : 0,
      "filesFullyIndexedByInfrastructureExtensions" : [ ],
      "statusTime" : 2261793,
      "totalOneThreadTimeWithPauses" : 2881000,
      "iterationAndScannersApplicationTime" : 294459,
      "filesCheckTime" : 2571042,
      "timeProcessingUpToDateFiles" : 375619,
      "timeUpdatingContentLessIndexes" : 0,
      "timeIndexingWithoutContentViaInfrastructureExtension" : 0,
      "roots" : [ ]
    }, {
      "providerName" : "Library Gradle: com.github.hyperskill:hs-test:release-SNAPSHOT (#1 class roots, #0 source roots)",
      "numberOfScannedFiles" : 163,
      "numberOfSkippedFiles" : 0,
      "numberOfFilesForIndexing" : 0,
      "numberOfFilesFullyIndexedByInfrastructureExtensions" : 0,
      "filesFullyIndexedByInfrastructureExtensions" : [ ],
      "statusTime" : 1844535,
      "totalOneThreadTimeWithPauses" : 2306167,
      "iterationAndScannersApplicationTime" : 175959,
      "filesCheckTime" : 2103250,
      "timeProcessingUpToDateFiles" : 624736,
      "timeUpdatingContentLessIndexes" : 0,
      "timeIndexingWithoutContentViaInfrastructureExtension" : 0,
      "roots" : [ ]
    }, {
      "providerName" : "Library Gradle: org.easytesting:fest-util:1.2.5 (#1 class roots, #1 source roots)",
      "numberOfScannedFiles" : 59,
      "numberOfSkippedFiles" : 0,
      "numberOfFilesForIndexing" : 0,
      "numberOfFilesFullyIndexedByInfrastructureExtensions" : 0,
      "filesFullyIndexedByInfrastructureExtensions" : [ ],
      "statusTime" : 1466457,
      "totalOneThreadTimeWithPauses" : 1686834,
      "iterationAndScannersApplicationTime" : 39292,
      "filesCheckTime" : 1567125,
      "timeProcessingUpToDateFiles" : 197211,
      "timeUpdatingContentLessIndexes" : 0,
      "timeIndexingWithoutContentViaInfrastructureExtension" : 0,
      "roots" : [ ]
    }, {
      "providerName" : "Module 'Steganography_and_Cryptography.Topics-Image_colors-RGB_24-bit.main' (all roots)",
      "numberOfScannedFiles" : 1,
      "numberOfSkippedFiles" : 0,
      "numberOfFilesForIndexing" : 1,
      "numberOfFilesFullyIndexedByInfrastructureExtensions" : 0,
      "filesFullyIndexedByInfrastructureExtensions" : [ ],
      "statusTime" : 713292,
      "totalOneThreadTimeWithPauses" : 1641125,
      "iterationAndScannersApplicationTime" : 468458,
      "filesCheckTime" : 1147417,
      "timeProcessingUpToDateFiles" : 5250,
      "timeUpdatingContentLessIndexes" : 92209,
      "timeIndexingWithoutContentViaInfrastructureExtension" : 54957,
      "roots" : [ ]
    }, {
      "providerName" : "Library Gradle: org.jetbrains:annotations:13.0 (#1 class roots, #1 source roots)",
      "numberOfScannedFiles" : 52,
      "numberOfSkippedFiles" : 0,
      "numberOfFilesForIndexing" : 0,
      "numberOfFilesFullyIndexedByInfrastructureExtensions" : 0,
      "filesFullyIndexedByInfrastructureExtensions" : [ ],
      "statusTime" : 1377873,
      "totalOneThreadTimeWithPauses" : 1603000,
      "iterationAndScannersApplicationTime" : 28458,
      "filesCheckTime" : 1496416,
      "timeProcessingUpToDateFiles" : 169369,
      "timeUpdatingContentLessIndexes" : 0,
      "timeIndexingWithoutContentViaInfrastructureExtension" : 0,
      "roots" : [ ]
    }, {
      "providerName" : "Module 'Steganography_and_Cryptography.Topics-Image_colors-Generate_ARGB_value.main' (all roots)",
      "numberOfScannedFiles" : 1,
      "numberOfSkippedFiles" : 0,
      "numberOfFilesForIndexing" : 1,
      "numberOfFilesFullyIndexedByInfrastructureExtensions" : 0,
      "filesFullyIndexedByInfrastructureExtensions" : [ ],
      "statusTime" : 479375,
      "totalOneThreadTimeWithPauses" : 1370791,
      "iterationAndScannersApplicationTime" : 524083,
      "filesCheckTime" : 813459,
      "timeProcessingUpToDateFiles" : 39834,
      "timeUpdatingContentLessIndexes" : 73708,
      "timeIndexingWithoutContentViaInfrastructureExtension" : 21248,
      "roots" : [ ]
    }, {
      "providerName" : "Library Gradle: commons-logging:commons-logging:1.2 (#1 class roots, #1 source roots)",
      "numberOfScannedFiles" : 53,
      "numberOfSkippedFiles" : 0,
      "numberOfFilesForIndexing" : 0,
      "numberOfFilesFullyIndexedByInfrastructureExtensions" : 0,
      "filesFullyIndexedByInfrastructureExtensions" : [ ],
      "statusTime" : 1078334,
      "totalOneThreadTimeWithPauses" : 1263958,
      "iterationAndScannersApplicationTime" : 59125,
      "filesCheckTime" : 1196000,
      "timeProcessingUpToDateFiles" : 187963,
      "timeUpdatingContentLessIndexes" : 0,
      "timeIndexingWithoutContentViaInfrastructureExtension" : 0,
      "roots" : [ ]
    }, {
      "providerName" : "Module 'Steganography_and_Cryptography.Topics-Image_colors-Negative_image.main' (all roots)",
      "numberOfScannedFiles" : 1,
      "numberOfSkippedFiles" : 0,
      "numberOfFilesForIndexing" : 1,
      "numberOfFilesFullyIndexedByInfrastructureExtensions" : 0,
      "filesFullyIndexedByInfrastructureExtensions" : [ ],
      "statusTime" : 535333,
      "totalOneThreadTimeWithPauses" : 1139750,
      "iterationAndScannersApplicationTime" : 301958,
      "filesCheckTime" : 800917,
      "timeProcessingUpToDateFiles" : 435417,
      "timeUpdatingContentLessIndexes" : 34375,
      "timeIndexingWithoutContentViaInfrastructureExtension" : 7959,
      "roots" : [ ]
    }, {
      "providerName" : "Module 'Steganography_and_Cryptography.Topics-Image_colors-Negative_image' (all roots)",
      "numberOfScannedFiles" : 3,
      "numberOfSkippedFiles" : 0,
      "numberOfFilesForIndexing" : 0,
      "numberOfFilesFullyIndexedByInfrastructureExtensions" : 0,
      "filesFullyIndexedByInfrastructureExtensions" : [ ],
      "statusTime" : 798917,
      "totalOneThreadTimeWithPauses" : 1124208,
      "iterationAndScannersApplicationTime" : 94791,
      "filesCheckTime" : 1010250,
      "timeProcessingUpToDateFiles" : 31873,
      "timeUpdatingContentLessIndexes" : 0,
      "timeIndexingWithoutContentViaInfrastructureExtension" : 0,
      "roots" : [ ]
    }, {
      "providerName" : "Module 'Steganography_and_Cryptography.Topics-Image_colors-Generate_ARGB_value' (all roots)",
      "numberOfScannedFiles" : 3,
      "numberOfSkippedFiles" : 0,
      "numberOfFilesForIndexing" : 0,
      "numberOfFilesFullyIndexedByInfrastructureExtensions" : 0,
      "filesFullyIndexedByInfrastructureExtensions" : [ ],
      "statusTime" : 926542,
      "totalOneThreadTimeWithPauses" : 1076667,
      "iterationAndScannersApplicationTime" : 67042,
      "filesCheckTime" : 1002708,
      "timeProcessingUpToDateFiles" : 18167,
      "timeUpdatingContentLessIndexes" : 0,
      "timeIndexingWithoutContentViaInfrastructureExtension" : 0,
      "roots" : [ ]
    }, {
      "providerName" : "Module 'Steganography_and_Cryptography.Topics-Image_colors-RGB_24-bit' (all roots)",
      "numberOfScannedFiles" : 3,
      "numberOfSkippedFiles" : 0,
      "numberOfFilesForIndexing" : 0,
      "numberOfFilesFullyIndexedByInfrastructureExtensions" : 0,
      "filesFullyIndexedByInfrastructureExtensions" : [ ],
      "statusTime" : 691500,
      "totalOneThreadTimeWithPauses" : 919542,
      "iterationAndScannersApplicationTime" : 143125,
      "filesCheckTime" : 766959,
      "timeProcessingUpToDateFiles" : 11997,
      "timeUpdatingContentLessIndexes" : 0,
      "timeIndexingWithoutContentViaInfrastructureExtension" : 0,
      "roots" : [ ]
    }, {
      "providerName" : "Module 'Steganography_and_Cryptography.Topics-Image_colors-Theory.main' (all roots)",
      "numberOfScannedFiles" : 1,
      "numberOfSkippedFiles" : 0,
      "numberOfFilesForIndexing" : 1,
      "numberOfFilesFullyIndexedByInfrastructureExtensions" : 0,
      "filesFullyIndexedByInfrastructureExtensions" : [ ],
      "statusTime" : 448584,
      "totalOneThreadTimeWithPauses" : 905125,
      "iterationAndScannersApplicationTime" : 272584,
      "filesCheckTime" : 615708,
      "timeProcessingUpToDateFiles" : 96375,
      "timeUpdatingContentLessIndexes" : 219791,
      "timeIndexingWithoutContentViaInfrastructureExtension" : 37333,
      "roots" : [ ]
    }, {
      "providerName" : "Library Gradle: org.jetbrains.kotlin:kotlin-stdlib-jdk8:1.6.10 (#1 class roots, #1 source roots)",
      "numberOfScannedFiles" : 22,
      "numberOfSkippedFiles" : 0,
      "numberOfFilesForIndexing" : 0,
      "numberOfFilesFullyIndexedByInfrastructureExtensions" : 0,
      "filesFullyIndexedByInfrastructureExtensions" : [ ],
      "statusTime" : 645373,
      "totalOneThreadTimeWithPauses" : 899541,
      "iterationAndScannersApplicationTime" : 24875,
      "filesCheckTime" : 857875,
      "timeProcessingUpToDateFiles" : 137660,
      "timeUpdatingContentLessIndexes" : 0,
      "timeIndexingWithoutContentViaInfrastructureExtension" : 0,
      "roots" : [ ]
    }, {
      "providerName" : "Module 'Steganography_and_Cryptography.Topics-Image_colors-RGB_color' (all roots)",
      "numberOfScannedFiles" : 3,
      "numberOfSkippedFiles" : 0,
      "numberOfFilesForIndexing" : 0,
      "numberOfFilesFullyIndexedByInfrastructureExtensions" : 0,
      "filesFullyIndexedByInfrastructureExtensions" : [ ],
      "statusTime" : 651167,
      "totalOneThreadTimeWithPauses" : 859334,
      "iterationAndScannersApplicationTime" : 110000,
      "filesCheckTime" : 735875,
      "timeProcessingUpToDateFiles" : 24083,
      "timeUpdatingContentLessIndexes" : 0,
      "timeIndexingWithoutContentViaInfrastructureExtension" : 0,
      "roots" : [ ]
    }, {
      "providerName" : "Module 'Steganography_and_Cryptography.Topics-Image_colors-RGB_color.main' (all roots)",
      "numberOfScannedFiles" : 1,
      "numberOfSkippedFiles" : 0,
      "numberOfFilesForIndexing" : 1,
      "numberOfFilesFullyIndexedByInfrastructureExtensions" : 0,
      "filesFullyIndexedByInfrastructureExtensions" : [ ],
      "statusTime" : 200167,
      "totalOneThreadTimeWithPauses" : 801041,
      "iterationAndScannersApplicationTime" : 208833,
      "filesCheckTime" : 539042,
      "timeProcessingUpToDateFiles" : 3875,
      "timeUpdatingContentLessIndexes" : 63833,
      "timeIndexingWithoutContentViaInfrastructureExtension" : 62585,
      "roots" : [ ]
    }, {
      "providerName" : "Module 'Steganography_and_Cryptography.Topics-Image_colors-Alpha_Channel' (all roots)",
      "numberOfScannedFiles" : 3,
      "numberOfSkippedFiles" : 0,
      "numberOfFilesForIndexing" : 0,
      "numberOfFilesFullyIndexedByInfrastructureExtensions" : 0,
      "filesFullyIndexedByInfrastructureExtensions" : [ ],
      "statusTime" : 608042,
      "totalOneThreadTimeWithPauses" : 760666,
      "iterationAndScannersApplicationTime" : 64708,
      "filesCheckTime" : 688500,
      "timeProcessingUpToDateFiles" : 272456,
      "timeUpdatingContentLessIndexes" : 0,
      "timeIndexingWithoutContentViaInfrastructureExtension" : 0,
      "roots" : [ ]
    }, {
      "providerName" : "Module 'Steganography_and_Cryptography.Topics-Image_colors-Negative_image.test' (all roots)",
      "numberOfScannedFiles" : 0,
      "numberOfSkippedFiles" : 0,
      "numberOfFilesForIndexing" : 0,
      "numberOfFilesFullyIndexedByInfrastructureExtensions" : 0,
      "filesFullyIndexedByInfrastructureExtensions" : [ ],
      "statusTime" : 0,
      "totalOneThreadTimeWithPauses" : 696375,
      "iterationAndScannersApplicationTime" : 535792,
      "filesCheckTime" : 138833,
      "timeProcessingUpToDateFiles" : 0,
      "timeUpdatingContentLessIndexes" : 0,
      "timeIndexingWithoutContentViaInfrastructureExtension" : 0,
      "roots" : [ ]
    }, {
      "providerName" : "Module 'Steganography_and_Cryptography.Topics-Image_colors-Generate_ARGB_value.test' (all roots)",
      "numberOfScannedFiles" : 0,
      "numberOfSkippedFiles" : 0,
      "numberOfFilesForIndexing" : 0,
      "numberOfFilesFullyIndexedByInfrastructureExtensions" : 0,
      "filesFullyIndexedByInfrastructureExtensions" : [ ],
      "statusTime" : 0,
      "totalOneThreadTimeWithPauses" : 494375,
      "iterationAndScannersApplicationTime" : 416500,
      "filesCheckTime" : 19750,
      "timeProcessingUpToDateFiles" : 0,
      "timeUpdatingContentLessIndexes" : 0,
      "timeIndexingWithoutContentViaInfrastructureExtension" : 0,
      "roots" : [ ]
    }, {
      "providerName" : "Module 'Steganography_and_Cryptography.Topics-Image_colors-RGB_24-bit.test' (all roots)",
      "numberOfScannedFiles" : 0,
      "numberOfSkippedFiles" : 0,
      "numberOfFilesForIndexing" : 0,
      "numberOfFilesFullyIndexedByInfrastructureExtensions" : 0,
      "filesFullyIndexedByInfrastructureExtensions" : [ ],
      "statusTime" : 0,
      "totalOneThreadTimeWithPauses" : 416042,
      "iterationAndScannersApplicationTime" : 385416,
      "filesCheckTime" : 19458,
      "timeProcessingUpToDateFiles" : 0,
      "timeUpdatingContentLessIndexes" : 0,
      "timeIndexingWithoutContentViaInfrastructureExtension" : 0,
      "roots" : [ ]
    }, {
      "providerName" : "Library Gradle: org.jetbrains.kotlin:kotlin-stdlib-jdk7:1.6.10 (#1 class roots, #1 source roots)",
      "numberOfScannedFiles" : 16,
      "numberOfSkippedFiles" : 0,
      "numberOfFilesForIndexing" : 0,
      "numberOfFilesFullyIndexedByInfrastructureExtensions" : 0,
      "filesFullyIndexedByInfrastructureExtensions" : [ ],
      "statusTime" : 264667,
      "totalOneThreadTimeWithPauses" : 397166,
      "iterationAndScannersApplicationTime" : 22500,
      "filesCheckTime" : 353292,
      "timeProcessingUpToDateFiles" : 61087,
      "timeUpdatingContentLessIndexes" : 0,
      "timeIndexingWithoutContentViaInfrastructureExtension" : 0,
      "roots" : [ ]
    }, {
      "providerName" : "Module 'Steganography_and_Cryptography.Topics-Image_colors-Alpha_Channel.main' (all roots)",
      "numberOfScannedFiles" : 1,
      "numberOfSkippedFiles" : 0,
      "numberOfFilesForIndexing" : 1,
      "numberOfFilesFullyIndexedByInfrastructureExtensions" : 0,
      "filesFullyIndexedByInfrastructureExtensions" : [ ],
      "statusTime" : 77084,
      "totalOneThreadTimeWithPauses" : 295459,
      "iterationAndScannersApplicationTime" : 119791,
      "filesCheckTime" : 162292,
      "timeProcessingUpToDateFiles" : 2208,
      "timeUpdatingContentLessIndexes" : 23208,
      "timeIndexingWithoutContentViaInfrastructureExtension" : 8375,
      "roots" : [ ]
    }, {
      "providerName" : "Module 'Steganography_and_Cryptography.Topics-Image_colors-RGB_color.test' (all roots)",
      "numberOfScannedFiles" : 0,
      "numberOfSkippedFiles" : 0,
      "numberOfFilesForIndexing" : 0,
      "numberOfFilesFullyIndexedByInfrastructureExtensions" : 0,
      "filesFullyIndexedByInfrastructureExtensions" : [ ],
      "statusTime" : 0,
      "totalOneThreadTimeWithPauses" : 283292,
      "iterationAndScannersApplicationTime" : 205875,
      "filesCheckTime" : 65417,
      "timeProcessingUpToDateFiles" : 0,
      "timeUpdatingContentLessIndexes" : 0,
      "timeIndexingWithoutContentViaInfrastructureExtension" : 0,
      "roots" : [ ]
    }, {
      "providerName" : "Module 'Steganography_and_Cryptography.Topics-Image_colors-Theory' (all roots)",
      "numberOfScannedFiles" : 3,
      "numberOfSkippedFiles" : 0,
      "numberOfFilesForIndexing" : 0,
      "numberOfFilesFullyIndexedByInfrastructureExtensions" : 0,
      "filesFullyIndexedByInfrastructureExtensions" : [ ],
      "statusTime" : 144667,
      "totalOneThreadTimeWithPauses" : 283250,
      "iterationAndScannersApplicationTime" : 77375,
      "filesCheckTime" : 197042,
      "timeProcessingUpToDateFiles" : 9206,
      "timeUpdatingContentLessIndexes" : 0,
      "timeIndexingWithoutContentViaInfrastructureExtension" : 0,
      "roots" : [ ]
    }, {
      "providerName" : "Module 'Steganography_and_Cryptography.Topics-Image_colors-Alpha_Channel.test' (all roots)",
      "numberOfScannedFiles" : 0,
      "numberOfSkippedFiles" : 0,
      "numberOfFilesForIndexing" : 0,
      "numberOfFilesFullyIndexedByInfrastructureExtensions" : 0,
      "filesFullyIndexedByInfrastructureExtensions" : [ ],
      "statusTime" : 0,
      "totalOneThreadTimeWithPauses" : 246416,
      "iterationAndScannersApplicationTime" : 216792,
      "filesCheckTime" : 20666,
      "timeProcessingUpToDateFiles" : 0,
      "timeUpdatingContentLessIndexes" : 0,
      "timeIndexingWithoutContentViaInfrastructureExtension" : 0,
      "roots" : [ ]
    }, {
      "providerName" : "Module 'Steganography_and_Cryptography.Topics-Image_colors-Theory.test' (all roots)",
      "numberOfScannedFiles" : 0,
      "numberOfSkippedFiles" : 0,
      "numberOfFilesForIndexing" : 0,
      "numberOfFilesFullyIndexedByInfrastructureExtensions" : 0,
      "filesFullyIndexedByInfrastructureExtensions" : [ ],
      "statusTime" : 0,
      "totalOneThreadTimeWithPauses" : 95875,
      "iterationAndScannersApplicationTime" : 70125,
      "filesCheckTime" : 18041,
      "timeProcessingUpToDateFiles" : 0,
      "timeUpdatingContentLessIndexes" : 0,
      "timeIndexingWithoutContentViaInfrastructureExtension" : 0,
      "roots" : [ ]
    } ]
  }
}