{
  "appInfo" : {
    "build" : "233.13135.103",
    "buildDate" : "2023-12-20T05:05:00Z[UTC]",
    "productCode" : "IU",
    "generated" : "2024-02-04T01:23:16.391801Z",
    "os" : "macOS 14.3",
    "runtime" : "JetBrains s.r.o. 17.0.9 17.0.9+7-b1087.9"
  },
  "runtimeInfo" : {
    "maxMemory" : 2147483648,
    "numberOfProcessors" : 10,
    "maxNumberOfIndexingThreads" : 9,
    "maxSizeOfFileForIntelliSense" : 2560000,
    "maxSizeOfFileForContentLoading" : 20971520
  },
  "type" : "DumbIndexing",
  "projectIndexingActivityHistory" : {
    "projectName" : "Steganography and Cryptography",
    "times" : {
      "scanningIds" : [ ],
      "contentLoadingVisibleTime" : 199274,
      "retrievingChangedDuringIndexingFilesTime" : 55541,
      "separateApplyingIndexesVisibleTime" : 2508649,
      "updatingStart" : "2024-02-04T01:23:16.357586Z",
      "updatingEnd" : "2024-02-04T01:23:16.391532Z",
      "totalWallTimeWithPauses" : 33944333,
      "wallTimeOnPause" : 0,
      "wasInterrupted" : false,
      "dumbModeStart" : "2024-02-04T01:23:16.357586Z",
      "dumbWallTimeWithPauses" : 33944333,
      "dumbWallTimeWithoutPauses" : 33944333,
      "totalWallTimeWithoutPauses" : 33944333
    },
    "fileCount" : {
      "numberOfChangedDuringIndexingFiles" : 18,
      "numberOfFilesIndexedByInfrastructureExtensionsDuringIndexingStage" : 0,
      "numberOfFilesIndexedWithLoadingContent" : 18,
      "numberOfNothingToWriteFiles" : 0
    },
    "totalStatsPerFileType" : [ {
      "fileType" : "HTML",
      "partOfTotalProcessingTime" : {
        "part" : 20735875,
        "total" : 30844501
      },
      "partOfTotalContentLoadingTime" : {
        "part" : 194166,
        "total" : 568208
      },
      "totalNumberOfFiles" : 4,
      "totalFilesSize" : 11572,
      "totalProcessingSpeed" : {
        "totalBytes" : 11572,
        "totalCpuTime" : 20735875
      },
      "biggestContributors" : [ {
        "providerName" : "Refreshed files",
        "numberOfFiles" : 4,
        "totalFilesSize" : 11572,
        "partOfTotalProcessingTimeOfThisFileType" : {
          "part" : 20735875,
          "total" : 20735875
        }
      } ]
    }, {
      "fileType" : "YAML",
      "partOfTotalProcessingTime" : {
        "part" : 8041292,
        "total" : 30844501
      },
      "partOfTotalContentLoadingTime" : {
        "part" : 213458,
        "total" : 568208
      },
      "totalNumberOfFiles" : 10,
      "totalFilesSize" : 2095,
      "totalProcessingSpeed" : {
        "totalBytes" : 2095,
        "totalCpuTime" : 8041292
      },
      "biggestContributors" : [ {
        "providerName" : "Refreshed files",
        "numberOfFiles" : 10,
        "totalFilesSize" : 2095,
        "partOfTotalProcessingTimeOfThisFileType" : {
          "part" : 8041292,
          "total" : 8041292
        }
      } ]
    }, {
      "fileType" : "Kotlin",
      "partOfTotalProcessingTime" : {
        "part" : 2067334,
        "total" : 30844501
      },
      "partOfTotalContentLoadingTime" : {
        "part" : 160584,
        "total" : 568208
      },
      "totalNumberOfFiles" : 4,
      "totalFilesSize" : 448,
      "totalProcessingSpeed" : {
        "totalBytes" : 448,
        "totalCpuTime" : 2067334
      },
      "biggestContributors" : [ {
        "providerName" : "Refreshed files",
        "numberOfFiles" : 4,
        "totalFilesSize" : 448,
        "partOfTotalProcessingTimeOfThisFileType" : {
          "part" : 2067334,
          "total" : 2067334
        }
      } ]
    } ],
    "totalStatsPerBaseLanguage" : [ {
      "language" : "HTML",
      "partOfTotalProcessingTime" : {
        "part" : 20735875,
        "total" : 30844501
      },
      "partOfTotalContentLoadingTime" : {
        "part" : 762374,
        "total" : 568208
      },
      "totalNumberOfFiles" : 4,
      "totalFilesSize" : 11572,
      "totalProcessingSpeed" : {
        "totalBytes" : 11572,
        "totalCpuTime" : 20735875
      }
    }, {
      "language" : "XML",
      "partOfTotalProcessingTime" : {
        "part" : 20735875,
        "total" : 30844501
      },
      "partOfTotalContentLoadingTime" : {
        "part" : 762374,
        "total" : 568208
      },
      "totalNumberOfFiles" : 4,
      "totalFilesSize" : 11572,
      "totalProcessingSpeed" : {
        "totalBytes" : 11572,
        "totalCpuTime" : 20735875
      }
    }, {
      "language" : "yaml",
      "partOfTotalProcessingTime" : {
        "part" : 8041292,
        "total" : 30844501
      },
      "partOfTotalContentLoadingTime" : {
        "part" : 781666,
        "total" : 568208
      },
      "totalNumberOfFiles" : 10,
      "totalFilesSize" : 2095,
      "totalProcessingSpeed" : {
        "totalBytes" : 2095,
        "totalCpuTime" : 8041292
      }
    }, {
      "language" : "kotlin",
      "partOfTotalProcessingTime" : {
        "part" : 2067334,
        "total" : 30844501
      },
      "partOfTotalContentLoadingTime" : {
        "part" : 728792,
        "total" : 568208
      },
      "totalNumberOfFiles" : 4,
      "totalFilesSize" : 448,
      "totalProcessingSpeed" : {
        "totalBytes" : 448,
        "totalCpuTime" : 2067334
      }
    } ],
    "totalStatsPerIndexer" : [ {
      "indexId" : "js.implicit.elements.index",
      "partOfTotalIndexingTime" : {
        "part" : 5954583,
        "total" : 20693290
      },
      "totalNumberOfFiles" : 4,
      "totalNumberOfFilesIndexedByExtensions" : 0,
      "totalFilesSize" : 11572,
      "indexValueChangerEvaluationSpeed" : {
        "totalBytes" : 11572,
        "totalCpuTime" : 5954583
      }
    }, {
      "indexId" : "Trigram.Index",
      "partOfTotalIndexingTime" : {
        "part" : 2266790,
        "total" : 20693290
      },
      "totalNumberOfFiles" : 18,
      "totalNumberOfFilesIndexedByExtensions" : 0,
      "totalFilesSize" : 14115,
      "indexValueChangerEvaluationSpeed" : {
        "totalBytes" : 14115,
        "totalCpuTime" : 2266790
      }
    }, {
      "indexId" : "IdIndex",
      "partOfTotalIndexingTime" : {
        "part" : 2170790,
        "total" : 20693290
      },
      "totalNumberOfFiles" : 14,
      "totalNumberOfFilesIndexedByExtensions" : 0,
      "totalFilesSize" : 13667,
      "indexValueChangerEvaluationSpeed" : {
        "totalBytes" : 13667,
        "totalCpuTime" : 2170790
      }
    }, {
      "indexId" : "yaml.keys.name",
      "partOfTotalIndexingTime" : {
        "part" : 1774916,
        "total" : 20693290
      },
      "totalNumberOfFiles" : 10,
      "totalNumberOfFilesIndexedByExtensions" : 0,
      "totalFilesSize" : 2095,
      "indexValueChangerEvaluationSpeed" : {
        "totalBytes" : 2095,
        "totalCpuTime" : 1774916
      }
    }, {
      "indexId" : "CssIndex",
      "partOfTotalIndexingTime" : {
        "part" : 1723542,
        "total" : 20693290
      },
      "totalNumberOfFiles" : 4,
      "totalNumberOfFilesIndexedByExtensions" : 0,
      "totalFilesSize" : 11572,
      "indexValueChangerEvaluationSpeed" : {
        "totalBytes" : 11572,
        "totalCpuTime" : 1723542
      }
    }, {
      "indexId" : "fileIncludes",
      "partOfTotalIndexingTime" : {
        "part" : 1287250,
        "total" : 20693290
      },
      "totalNumberOfFiles" : 4,
      "totalNumberOfFilesIndexedByExtensions" : 0,
      "totalFilesSize" : 11572,
      "indexValueChangerEvaluationSpeed" : {
        "totalBytes" : 11572,
        "totalCpuTime" : 1287250
      }
    }, {
      "indexId" : "css.template.selectors",
      "partOfTotalIndexingTime" : {
        "part" : 940042,
        "total" : 20693290
      },
      "totalNumberOfFiles" : 4,
      "totalNumberOfFilesIndexedByExtensions" : 0,
      "totalFilesSize" : 11572,
      "indexValueChangerEvaluationSpeed" : {
        "totalBytes" : 11572,
        "totalCpuTime" : 940042
      }
    }, {
      "indexId" : "html5.custom.attributes.index",
      "partOfTotalIndexingTime" : {
        "part" : 845042,
        "total" : 20693290
      },
      "totalNumberOfFiles" : 4,
      "totalNumberOfFilesIndexedByExtensions" : 0,
      "totalFilesSize" : 11572,
      "indexValueChangerEvaluationSpeed" : {
        "totalBytes" : 11572,
        "totalCpuTime" : 845042
      }
    }, {
      "indexId" : "WebComponentsIndex",
      "partOfTotalIndexingTime" : {
        "part" : 785249,
        "total" : 20693290
      },
      "totalNumberOfFiles" : 4,
      "totalNumberOfFilesIndexedByExtensions" : 0,
      "totalFilesSize" : 11572,
      "indexValueChangerEvaluationSpeed" : {
        "totalBytes" : 11572,
        "totalCpuTime" : 785249
      }
    }, {
      "indexId" : "OpenapiSpecificationContentIndexer",
      "partOfTotalIndexingTime" : {
        "part" : 675251,
        "total" : 20693290
      },
      "totalNumberOfFiles" : 10,
      "totalNumberOfFilesIndexedByExtensions" : 0,
      "totalFilesSize" : 2095,
      "indexValueChangerEvaluationSpeed" : {
        "totalBytes" : 2095,
        "totalCpuTime" : 675251
      }
    }, {
      "indexId" : "angularjs.template.cache",
      "partOfTotalIndexingTime" : {
        "part" : 334292,
        "total" : 20693290
      },
      "totalNumberOfFiles" : 4,
      "totalNumberOfFilesIndexedByExtensions" : 0,
      "totalFilesSize" : 11572,
      "indexValueChangerEvaluationSpeed" : {
        "totalBytes" : 11572,
        "totalCpuTime" : 334292
      }
    }, {
      "indexId" : "angularjs.ui.router.views.index",
      "partOfTotalIndexingTime" : {
        "part" : 313374,
        "total" : 20693290
      },
      "totalNumberOfFiles" : 4,
      "totalNumberOfFilesIndexedByExtensions" : 0,
      "totalFilesSize" : 11572,
      "indexValueChangerEvaluationSpeed" : {
        "totalBytes" : 11572,
        "totalCpuTime" : 313374
      }
    }, {
      "indexId" : "Stubs",
      "partOfTotalIndexingTime" : {
        "part" : 300042,
        "total" : 20693290
      },
      "totalNumberOfFiles" : 4,
      "totalNumberOfFilesIndexedByExtensions" : 0,
      "totalFilesSize" : 11572,
      "indexValueChangerEvaluationSpeed" : {
        "totalBytes" : 11572,
        "totalCpuTime" : 300042
      }
    }, {
      "indexId" : "angularjs.app.index",
      "partOfTotalIndexingTime" : {
        "part" : 264708,
        "total" : 20693290
      },
      "totalNumberOfFiles" : 4,
      "totalNumberOfFilesIndexedByExtensions" : 0,
      "totalFilesSize" : 11572,
      "indexValueChangerEvaluationSpeed" : {
        "totalBytes" : 11572,
        "totalCpuTime" : 264708
      }
    }, {
      "indexId" : "HtmlScriptSrcIndex",
      "partOfTotalIndexingTime" : {
        "part" : 264208,
        "total" : 20693290
      },
      "totalNumberOfFiles" : 4,
      "totalNumberOfFilesIndexedByExtensions" : 0,
      "totalFilesSize" : 11572,
      "indexValueChangerEvaluationSpeed" : {
        "totalBytes" : 11572,
        "totalCpuTime" : 264208
      }
    }, {
      "indexId" : "HtmlTagIdIndex",
      "partOfTotalIndexingTime" : {
        "part" : 258666,
        "total" : 20693290
      },
      "totalNumberOfFiles" : 4,
      "totalNumberOfFilesIndexedByExtensions" : 0,
      "totalFilesSize" : 11572,
      "indexValueChangerEvaluationSpeed" : {
        "totalBytes" : 11572,
        "totalCpuTime" : 258666
      }
    }, {
      "indexId" : "SwReferencesIndex",
      "partOfTotalIndexingTime" : {
        "part" : 225001,
        "total" : 20693290
      },
      "totalNumberOfFiles" : 10,
      "totalNumberOfFilesIndexedByExtensions" : 0,
      "totalFilesSize" : 2095,
      "indexValueChangerEvaluationSpeed" : {
        "totalBytes" : 2095,
        "totalCpuTime" : 225001
      }
    }, {
      "indexId" : "docker.compose.services",
      "partOfTotalIndexingTime" : {
        "part" : 162084,
        "total" : 20693290
      },
      "totalNumberOfFiles" : 10,
      "totalNumberOfFilesIndexedByExtensions" : 0,
      "totalFilesSize" : 2095,
      "indexValueChangerEvaluationSpeed" : {
        "totalBytes" : 2095,
        "totalCpuTime" : 162084
      }
    }, {
      "indexId" : "js.custom.single.entry.index",
      "partOfTotalIndexingTime" : {
        "part" : 147460,
        "total" : 20693290
      },
      "totalNumberOfFiles" : 4,
      "totalNumberOfFilesIndexedByExtensions" : 0,
      "totalFilesSize" : 11572,
      "indexValueChangerEvaluationSpeed" : {
        "totalBytes" : 11572,
        "totalCpuTime" : 147460
      }
    } ],
    "statisticsOfChangedDuringIndexingFiles" : {
      "numberOfFiles" : 18,
      "retrievingTime" : 55541
    },
    "fileProviderStatistics" : [ {
      "providerName" : "Refreshed files",
      "totalNumberOfIndexedFiles" : 18,
      "totalNumberOfFilesFullyIndexedByExtensions" : 0,
      "totalNumberOfNothingToWriteFiles" : 0,
      "totalIndexingVisibleTime" : 10817375,
      "contentLoadingVisibleTime" : 199274,
      "numberOfTooLargeForIndexingFiles" : 0,
      "slowIndexedFiles" : [ ],
      "filesFullyIndexedByExtensions" : [ ],
      "separateApplyingIndexesVisibleTime" : 2508649
    } ],
    "visibleTimeToAllThreadTimeRatio" : 0.35070675969113585
  }
}