{
  "appInfo" : {
    "build" : "233.13135.103",
    "buildDate" : "2023-12-20T05:05:00Z[UTC]",
    "productCode" : "IU",
    "generated" : "2024-02-04T14:58:03.696998Z",
    "os" : "macOS 14.3",
    "runtime" : "JetBrains s.r.o. 17.0.9 17.0.9+7-b1087.9"
  },
  "runtimeInfo" : {
    "maxMemory" : 2147483648,
    "numberOfProcessors" : 10,
    "maxNumberOfIndexingThreads" : 9,
    "maxSizeOfFileForIntelliSense" : 2560000,
    "maxSizeOfFileForContentLoading" : 20971520
  },
  "type" : "DumbIndexing",
  "projectIndexingActivityHistory" : {
    "projectName" : "Steganography and Cryptography",
    "times" : {
      "scanningIds" : [ ],
      "contentLoadingVisibleTime" : 137922,
      "retrievingChangedDuringIndexingFilesTime" : 53625,
      "separateApplyingIndexesVisibleTime" : 769521,
      "updatingStart" : "2024-02-04T14:58:03.669579Z",
      "updatingEnd" : "2024-02-04T14:58:03.696496Z",
      "totalWallTimeWithPauses" : 26915584,
      "wallTimeOnPause" : 0,
      "wasInterrupted" : false,
      "dumbModeStart" : "2024-02-04T14:58:03.669579Z",
      "dumbWallTimeWithPauses" : 26915584,
      "dumbWallTimeWithoutPauses" : 26915584,
      "totalWallTimeWithoutPauses" : 26915584
    },
    "fileCount" : {
      "numberOfChangedDuringIndexingFiles" : 24,
      "numberOfFilesIndexedByInfrastructureExtensionsDuringIndexingStage" : 0,
      "numberOfFilesIndexedWithLoadingContent" : 24,
      "numberOfNothingToWriteFiles" : 0
    },
    "totalStatsPerFileType" : [ {
      "fileType" : "YAML",
      "partOfTotalProcessingTime" : {
        "part" : 17476622,
        "total" : 17476622
      },
      "partOfTotalContentLoadingTime" : {
        "part" : 716790,
        "total" : 716790
      },
      "totalNumberOfFiles" : 24,
      "totalFilesSize" : 5576,
      "totalProcessingSpeed" : {
        "totalBytes" : 5576,
        "totalCpuTime" : 17476622
      },
      "biggestContributors" : [ {
        "providerName" : "Refreshed files",
        "numberOfFiles" : 24,
        "totalFilesSize" : 5576,
        "partOfTotalProcessingTimeOfThisFileType" : {
          "part" : 17476622,
          "total" : 17476622
        }
      } ]
    } ],
    "totalStatsPerBaseLanguage" : [ {
      "language" : "yaml",
      "partOfTotalProcessingTime" : {
        "part" : 17476622,
        "total" : 17476622
      },
      "partOfTotalContentLoadingTime" : {
        "part" : 1433580,
        "total" : 716790
      },
      "totalNumberOfFiles" : 24,
      "totalFilesSize" : 5576,
      "totalProcessingSpeed" : {
        "totalBytes" : 5576,
        "totalCpuTime" : 17476622
      }
    } ],
    "totalStatsPerIndexer" : [ {
      "indexId" : "yaml.keys.name",
      "partOfTotalIndexingTime" : {
        "part" : 3221463,
        "total" : 8088088
      },
      "totalNumberOfFiles" : 24,
      "totalNumberOfFilesIndexedByExtensions" : 0,
      "totalFilesSize" : 5576,
      "indexValueChangerEvaluationSpeed" : {
        "totalBytes" : 5576,
        "totalCpuTime" : 3221463
      }
    }, {
      "indexId" : "IdIndex",
      "partOfTotalIndexingTime" : {
        "part" : 2285456,
        "total" : 8088088
      },
      "totalNumberOfFiles" : 24,
      "totalNumberOfFilesIndexedByExtensions" : 0,
      "totalFilesSize" : 5576,
      "indexValueChangerEvaluationSpeed" : {
        "totalBytes" : 5576,
        "totalCpuTime" : 2285456
      }
    }, {
      "indexId" : "OpenapiSpecificationContentIndexer",
      "partOfTotalIndexingTime" : {
        "part" : 1115293,
        "total" : 8088088
      },
      "totalNumberOfFiles" : 24,
      "totalNumberOfFilesIndexedByExtensions" : 0,
      "totalFilesSize" : 5576,
      "indexValueChangerEvaluationSpeed" : {
        "totalBytes" : 5576,
        "totalCpuTime" : 1115293
      }
    }, {
      "indexId" : "SwReferencesIndex",
      "partOfTotalIndexingTime" : {
        "part" : 574583,
        "total" : 8088088
      },
      "totalNumberOfFiles" : 24,
      "totalNumberOfFilesIndexedByExtensions" : 0,
      "totalFilesSize" : 5576,
      "indexValueChangerEvaluationSpeed" : {
        "totalBytes" : 5576,
        "totalCpuTime" : 574583
      }
    }, {
      "indexId" : "docker.compose.services",
      "partOfTotalIndexingTime" : {
        "part" : 452335,
        "total" : 8088088
      },
      "totalNumberOfFiles" : 24,
      "totalNumberOfFilesIndexedByExtensions" : 0,
      "totalFilesSize" : 5576,
      "indexValueChangerEvaluationSpeed" : {
        "totalBytes" : 5576,
        "totalCpuTime" : 452335
      }
    }, {
      "indexId" : "Trigram.Index",
      "partOfTotalIndexingTime" : {
        "part" : 438958,
        "total" : 8088088
      },
      "totalNumberOfFiles" : 24,
      "totalNumberOfFilesIndexedByExtensions" : 0,
      "totalFilesSize" : 5576,
      "indexValueChangerEvaluationSpeed" : {
        "totalBytes" : 5576,
        "totalCpuTime" : 438958
      }
    } ],
    "statisticsOfChangedDuringIndexingFiles" : {
      "numberOfFiles" : 24,
      "retrievingTime" : 53625
    },
    "fileProviderStatistics" : [ {
      "providerName" : "Refreshed files",
      "totalNumberOfIndexedFiles" : 24,
      "totalNumberOfFilesFullyIndexedByExtensions" : 0,
      "totalNumberOfNothingToWriteFiles" : 0,
      "totalIndexingVisibleTime" : 3362792,
      "contentLoadingVisibleTime" : 137922,
      "numberOfTooLargeForIndexingFiles" : 0,
      "slowIndexedFiles" : [ ],
      "filesFullyIndexedByExtensions" : [ ],
      "separateApplyingIndexesVisibleTime" : 769521
    } ],
    "visibleTimeToAllThreadTimeRatio" : 0.1924165894301542
  }
}