{
  "appInfo" : {
    "build" : "233.13135.103",
    "buildDate" : "2023-12-20T05:05:00Z[UTC]",
    "productCode" : "IU",
    "generated" : "2024-02-04T14:29:27.31944Z",
    "os" : "macOS 14.3",
    "runtime" : "JetBrains s.r.o. 17.0.9 17.0.9+7-b1087.9"
  },
  "runtimeInfo" : {
    "maxMemory" : 2147483648,
    "numberOfProcessors" : 10,
    "maxNumberOfIndexingThreads" : 9,
    "maxSizeOfFileForIntelliSense" : 2560000,
    "maxSizeOfFileForContentLoading" : 20971520
  },
  "type" : "DumbIndexing",
  "projectIndexingActivityHistory" : {
    "projectName" : "Steganography and Cryptography",
    "times" : {
      "scanningIds" : [ ],
      "contentLoadingVisibleTime" : 583237,
      "retrievingChangedDuringIndexingFilesTime" : 41584,
      "separateApplyingIndexesVisibleTime" : 510923,
      "updatingStart" : "2024-02-04T14:29:27.282099Z",
      "updatingEnd" : "2024-02-04T14:29:27.311988Z",
      "totalWallTimeWithPauses" : 29888083,
      "wallTimeOnPause" : 0,
      "wasInterrupted" : false,
      "dumbModeStart" : "2024-02-04T14:29:27.282099Z",
      "dumbWallTimeWithPauses" : 29888083,
      "dumbWallTimeWithoutPauses" : 29888083,
      "totalWallTimeWithoutPauses" : 29888083
    },
    "fileCount" : {
      "numberOfChangedDuringIndexingFiles" : 49,
      "numberOfFilesIndexedByInfrastructureExtensionsDuringIndexingStage" : 0,
      "numberOfFilesIndexedWithLoadingContent" : 49,
      "numberOfNothingToWriteFiles" : 0
    },
    "totalStatsPerFileType" : [ {
      "fileType" : "UNKNOWN",
      "partOfTotalProcessingTime" : {
        "part" : 5960790,
        "total" : 9834748
      },
      "partOfTotalContentLoadingTime" : {
        "part" : 957171,
        "total" : 1287504
      },
      "totalNumberOfFiles" : 46,
      "totalFilesSize" : 0,
      "totalProcessingSpeed" : {
        "totalBytes" : 0,
        "totalCpuTime" : 5960790
      },
      "biggestContributors" : [ {
        "providerName" : "Refreshed files",
        "numberOfFiles" : 46,
        "totalFilesSize" : 0,
        "partOfTotalProcessingTimeOfThisFileType" : {
          "part" : 5960790,
          "total" : 5960790
        }
      } ]
    }, {
      "fileType" : "CLASS",
      "partOfTotalProcessingTime" : {
        "part" : 3097916,
        "total" : 9834748
      },
      "partOfTotalContentLoadingTime" : {
        "part" : 218375,
        "total" : 1287504
      },
      "totalNumberOfFiles" : 2,
      "totalFilesSize" : 4792,
      "totalProcessingSpeed" : {
        "totalBytes" : 4792,
        "totalCpuTime" : 3097916
      },
      "biggestContributors" : [ {
        "providerName" : "Refreshed files",
        "numberOfFiles" : 2,
        "totalFilesSize" : 4792,
        "partOfTotalProcessingTimeOfThisFileType" : {
          "part" : 3097916,
          "total" : 3097916
        }
      } ]
    }, {
      "fileType" : "kotlin_module",
      "partOfTotalProcessingTime" : {
        "part" : 776042,
        "total" : 9834748
      },
      "partOfTotalContentLoadingTime" : {
        "part" : 111958,
        "total" : 1287504
      },
      "totalNumberOfFiles" : 1,
      "totalFilesSize" : 48,
      "totalProcessingSpeed" : {
        "totalBytes" : 48,
        "totalCpuTime" : 776042
      },
      "biggestContributors" : [ {
        "providerName" : "Refreshed files",
        "numberOfFiles" : 1,
        "totalFilesSize" : 48,
        "partOfTotalProcessingTimeOfThisFileType" : {
          "part" : 776042,
          "total" : 776042
        }
      } ]
    } ],
    "totalStatsPerBaseLanguage" : [ ],
    "totalStatsPerIndexer" : [ {
      "indexId" : "Stubs",
      "partOfTotalIndexingTime" : {
        "part" : 1268208,
        "total" : 2428211
      },
      "totalNumberOfFiles" : 2,
      "totalNumberOfFilesIndexedByExtensions" : 0,
      "totalFilesSize" : 4792,
      "indexValueChangerEvaluationSpeed" : {
        "totalBytes" : 4792,
        "totalCpuTime" : 1268208
      }
    }, {
      "indexId" : "org.jetbrains.kotlin.idea.vfilefinder.KotlinClassFileIndex",
      "partOfTotalIndexingTime" : {
        "part" : 469500,
        "total" : 2428211
      },
      "totalNumberOfFiles" : 2,
      "totalNumberOfFilesIndexedByExtensions" : 0,
      "totalFilesSize" : 4792,
      "indexValueChangerEvaluationSpeed" : {
        "totalBytes" : 4792,
        "totalCpuTime" : 469500
      }
    }, {
      "indexId" : "bytecodeAnalysis",
      "partOfTotalIndexingTime" : {
        "part" : 226126,
        "total" : 2428211
      },
      "totalNumberOfFiles" : 2,
      "totalNumberOfFilesIndexedByExtensions" : 0,
      "totalFilesSize" : 4792,
      "indexValueChangerEvaluationSpeed" : {
        "totalBytes" : 4792,
        "totalCpuTime" : 226126
      }
    }, {
      "indexId" : "org.jetbrains.kotlin.idea.vfilefinder.KotlinModuleMappingIndex",
      "partOfTotalIndexingTime" : {
        "part" : 172417,
        "total" : 2428211
      },
      "totalNumberOfFiles" : 1,
      "totalNumberOfFilesIndexedByExtensions" : 0,
      "totalFilesSize" : 48,
      "indexValueChangerEvaluationSpeed" : {
        "totalBytes" : 48,
        "totalCpuTime" : 172417
      }
    }, {
      "indexId" : "org.jetbrains.kotlin.idea.versions.KotlinJvmMetadataVersionIndex",
      "partOfTotalIndexingTime" : {
        "part" : 116000,
        "total" : 2428211
      },
      "totalNumberOfFiles" : 2,
      "totalNumberOfFilesIndexedByExtensions" : 0,
      "totalFilesSize" : 4792,
      "indexValueChangerEvaluationSpeed" : {
        "totalBytes" : 4792,
        "totalCpuTime" : 116000
      }
    }, {
      "indexId" : "org.jetbrains.kotlin.idea.base.indices.names.KotlinTopLevelCallableByPackageShortNameIndex",
      "partOfTotalIndexingTime" : {
        "part" : 60000,
        "total" : 2428211
      },
      "totalNumberOfFiles" : 2,
      "totalNumberOfFilesIndexedByExtensions" : 0,
      "totalFilesSize" : 4792,
      "indexValueChangerEvaluationSpeed" : {
        "totalBytes" : 4792,
        "totalCpuTime" : 60000
      }
    }, {
      "indexId" : "org.jetbrains.kotlin.idea.vfilefinder.KotlinPartialPackageNamesIndex",
      "partOfTotalIndexingTime" : {
        "part" : 35875,
        "total" : 2428211
      },
      "totalNumberOfFiles" : 2,
      "totalNumberOfFilesIndexedByExtensions" : 0,
      "totalFilesSize" : 4792,
      "indexValueChangerEvaluationSpeed" : {
        "totalBytes" : 4792,
        "totalCpuTime" : 35875
      }
    }, {
      "indexId" : "org.jetbrains.kotlin.idea.vfilefinder.KotlinShortClassNameFileIndex",
      "partOfTotalIndexingTime" : {
        "part" : 35251,
        "total" : 2428211
      },
      "totalNumberOfFiles" : 2,
      "totalNumberOfFilesIndexedByExtensions" : 0,
      "totalFilesSize" : 4792,
      "indexValueChangerEvaluationSpeed" : {
        "totalBytes" : 4792,
        "totalCpuTime" : 35251
      }
    }, {
      "indexId" : "org.jetbrains.kotlin.idea.vfilefinder.KotlinJvmModuleAnnotationsIndex",
      "partOfTotalIndexingTime" : {
        "part" : 23875,
        "total" : 2428211
      },
      "totalNumberOfFiles" : 1,
      "totalNumberOfFilesIndexedByExtensions" : 0,
      "totalFilesSize" : 48,
      "indexValueChangerEvaluationSpeed" : {
        "totalBytes" : 48,
        "totalCpuTime" : 23875
      }
    }, {
      "indexId" : "org.jetbrains.kotlin.idea.base.indices.names.KotlinTopLevelClassLikeDeclarationByPackageShortNameIndex",
      "partOfTotalIndexingTime" : {
        "part" : 20959,
        "total" : 2428211
      },
      "totalNumberOfFiles" : 2,
      "totalNumberOfFilesIndexedByExtensions" : 0,
      "totalFilesSize" : 4792,
      "indexValueChangerEvaluationSpeed" : {
        "totalBytes" : 4792,
        "totalCpuTime" : 20959
      }
    } ],
    "statisticsOfChangedDuringIndexingFiles" : {
      "numberOfFiles" : 49,
      "retrievingTime" : 41584
    },
    "fileProviderStatistics" : [ {
      "providerName" : "Refreshed files",
      "totalNumberOfIndexedFiles" : 49,
      "totalNumberOfFilesFullyIndexedByExtensions" : 0,
      "totalNumberOfNothingToWriteFiles" : 0,
      "totalIndexingVisibleTime" : 4455125,
      "contentLoadingVisibleTime" : 583237,
      "numberOfTooLargeForIndexingFiles" : 0,
      "slowIndexedFiles" : [ ],
      "filesFullyIndexedByExtensions" : [ ],
      "separateApplyingIndexesVisibleTime" : 510923
    } ],
    "visibleTimeToAllThreadTimeRatio" : 0.45299838897753153
  }
}