{
  "appInfo" : {
    "build" : "233.13135.103",
    "buildDate" : "2023-12-20T05:05:00Z[UTC]",
    "productCode" : "IU",
    "generated" : "2024-02-04T01:30:30.169379Z",
    "os" : "macOS 14.3",
    "runtime" : "JetBrains s.r.o. 17.0.9 17.0.9+7-b1087.9"
  },
  "runtimeInfo" : {
    "maxMemory" : 2147483648,
    "numberOfProcessors" : 10,
    "maxNumberOfIndexingThreads" : 9,
    "maxSizeOfFileForIntelliSense" : 2560000,
    "maxSizeOfFileForContentLoading" : 20971520
  },
  "type" : "Scanning",
  "projectIndexingActivityHistory" : {
    "projectName" : "Steganography and Cryptography",
    "times" : {
      "scanningReason" : "changes in: \"Module 'Steganography_and_Cryptography.Topics-Image_libraries-Color_encoding' (all roots)\", \"Module 'Steganography_and_Cryptography.Topics-Image_libraries-Drawing_two_lines' (all roots)\", \"Module 'Steganography_and_Cryptography.Topics-Image_libraries-Color_encoding.main' (all roots)\", \"Module 'Steganography_and_Cryptography.Topics-Image_libraries-Color_encoding.test' (all roots)\", \"Module 'Steganography_and_Cryptography.Topics-Image_libraries-Drawing_two_lines.main' (all roots)\", \"Module 'Steganography_and_Cryptography.Topics-Image_libraries-Drawing_two_lines.test' (all roots)\", \"JDK temurin-21 /Library/Java/JavaVirtualMachines/temurin-21.jdk/Contents/Home\", \"Library Gradle: com.github.hyperskill:hs-test:release-SNAPSHOT (#1 class roots, #0 source roots)\", \"Library Gradle: com.google.code.gson:gson:2.8.9 (#1 class roots, #1 source roots)\", \"Library Gradle: commons-codec:commons-codec:1.11 (#1 class roots, #1 source roots)\" and 15 iterators more",
      "scanningType" : "PARTIAL",
      "scanningId" : 15,
      "creatingIteratorsTime" : 1000,
      "concurrentHandlingWallTimeWithoutPauses" : 481809000,
      "concurrentHandlingWallTimeWithPauses" : 481899000,
      "concurrentHandlingSumOfThreadTimesWithPauses" : 761462877,
      "concurrentIterationAndScannersApplicationSumOfThreadTimesWithPauses" : 53122455,
      "concurrentFileCheckSumOfThreadTimesWithPauses" : 706961000,
      "delayedPushPropertiesStageTime" : 5000,
      "indexExtensionsTime" : 67293,
      "dumbWallTimeWithPauses" : 0,
      "dumbWallTimeWithoutPauses" : 0,
      "updatingStart" : "2024-02-04T01:30:29.686461Z",
      "updatingEnd" : "2024-02-04T01:30:30.16907Z",
      "totalWallTimeWithPauses" : 482609916,
      "wallTimeOnPause" : 90000,
      "wasInterrupted" : false,
      "totalWallTimeWithoutPauses" : 482519916
    },
    "fileCount" : {
      "numberOfFileProviders" : 25,
      "numberOfScannedFiles" : 54375,
      "numberOfFilesIndexedByInfrastructureExtensionsDuringScan" : 0,
      "numberOfFilesScheduledForIndexingAfterScan" : 2
    },
    "scanningStatistics" : [ {
      "providerName" : "JDK temurin-21 /Library/Java/JavaVirtualMachines/temurin-21.jdk/Contents/Home",
      "numberOfScannedFiles" : 44380,
      "numberOfSkippedFiles" : 0,
      "numberOfFilesForIndexing" : 0,
      "numberOfFilesFullyIndexedByInfrastructureExtensions" : 0,
      "filesFullyIndexedByInfrastructureExtensions" : [ ],
      "statusTime" : 445403313,
      "totalOneThreadTimeWithPauses" : 478860500,
      "iterationAndScannersApplicationTime" : 24467958,
      "filesCheckTime" : 454339042,
      "timeProcessingUpToDateFiles" : 276396930,
      "timeUpdatingContentLessIndexes" : 0,
      "timeIndexingWithoutContentViaInfrastructureExtension" : 0,
      "roots" : [ ]
    }, {
      "providerName" : "Library Gradle: org.assertj:assertj-core:3.17.2 (#1 class roots, #1 source roots)",
      "numberOfScannedFiles" : 3875,
      "numberOfSkippedFiles" : 0,
      "numberOfFilesForIndexing" : 0,
      "numberOfFilesFullyIndexedByInfrastructureExtensions" : 0,
      "filesFullyIndexedByInfrastructureExtensions" : [ ],
      "statusTime" : 52797643,
      "totalOneThreadTimeWithPauses" : 58444459,
      "iterationAndScannersApplicationTime" : 4716041,
      "filesCheckTime" : 53659750,
      "timeProcessingUpToDateFiles" : 11600883,
      "timeUpdatingContentLessIndexes" : 0,
      "timeIndexingWithoutContentViaInfrastructureExtension" : 0,
      "roots" : [ ]
    }, {
      "providerName" : "Library Gradle: org.assertj:assertj-swing:3.17.1 (#1 class roots, #1 source roots)",
      "numberOfScannedFiles" : 1101,
      "numberOfSkippedFiles" : 0,
      "numberOfFilesForIndexing" : 0,
      "numberOfFilesFullyIndexedByInfrastructureExtensions" : 0,
      "filesFullyIndexedByInfrastructureExtensions" : [ ],
      "statusTime" : 32351745,
      "totalOneThreadTimeWithPauses" : 38185042,
      "iterationAndScannersApplicationTime" : 3367042,
      "filesCheckTime" : 34791834,
      "timeProcessingUpToDateFiles" : 4317311,
      "timeUpdatingContentLessIndexes" : 0,
      "timeIndexingWithoutContentViaInfrastructureExtension" : 0,
      "roots" : [ ]
    }, {
      "providerName" : "Library Gradle: org.apache.httpcomponents:httpclient:4.5.13 (#1 class roots, #1 source roots)",
      "numberOfScannedFiles" : 911,
      "numberOfSkippedFiles" : 0,
      "numberOfFilesForIndexing" : 0,
      "numberOfFilesFullyIndexedByInfrastructureExtensions" : 0,
      "filesFullyIndexedByInfrastructureExtensions" : [ ],
      "statusTime" : 19355404,
      "totalOneThreadTimeWithPauses" : 30572833,
      "iterationAndScannersApplicationTime" : 2710708,
      "filesCheckTime" : 27843959,
      "timeProcessingUpToDateFiles" : 2697001,
      "timeUpdatingContentLessIndexes" : 0,
      "timeIndexingWithoutContentViaInfrastructureExtension" : 0,
      "roots" : [ ]
    }, {
      "providerName" : "Library Gradle: junit:junit:4.13.2 (#1 class roots, #1 source roots)",
      "numberOfScannedFiles" : 578,
      "numberOfSkippedFiles" : 0,
      "numberOfFilesForIndexing" : 0,
      "numberOfFilesFullyIndexedByInfrastructureExtensions" : 0,
      "filesFullyIndexedByInfrastructureExtensions" : [ ],
      "statusTime" : 23802208,
      "totalOneThreadTimeWithPauses" : 26654083,
      "iterationAndScannersApplicationTime" : 1444083,
      "filesCheckTime" : 25190167,
      "timeProcessingUpToDateFiles" : 2269877,
      "timeUpdatingContentLessIndexes" : 0,
      "timeIndexingWithoutContentViaInfrastructureExtension" : 0,
      "roots" : [ ]
    }, {
      "providerName" : "Library Gradle: org.apache.httpcomponents:httpcore:4.4.13 (#1 class roots, #1 source roots)",
      "numberOfScannedFiles" : 523,
      "numberOfSkippedFiles" : 0,
      "numberOfFilesForIndexing" : 0,
      "numberOfFilesFullyIndexedByInfrastructureExtensions" : 0,
      "filesFullyIndexedByInfrastructureExtensions" : [ ],
      "statusTime" : 19736264,
      "totalOneThreadTimeWithPauses" : 24550625,
      "iterationAndScannersApplicationTime" : 2583792,
      "filesCheckTime" : 21947792,
      "timeProcessingUpToDateFiles" : 1740751,
      "timeUpdatingContentLessIndexes" : 0,
      "timeIndexingWithoutContentViaInfrastructureExtension" : 0,
      "roots" : [ ]
    }, {
      "providerName" : "Library Gradle: org.jetbrains.kotlin:kotlin-stdlib:1.6.10 (#1 class roots, #1 source roots)",
      "numberOfScannedFiles" : 1061,
      "numberOfSkippedFiles" : 0,
      "numberOfFilesForIndexing" : 0,
      "numberOfFilesFullyIndexedByInfrastructureExtensions" : 0,
      "filesFullyIndexedByInfrastructureExtensions" : [ ],
      "statusTime" : 19357453,
      "totalOneThreadTimeWithPauses" : 20250500,
      "iterationAndScannersApplicationTime" : 413958,
      "filesCheckTime" : 19809125,
      "timeProcessingUpToDateFiles" : 4934144,
      "timeUpdatingContentLessIndexes" : 0,
      "timeIndexingWithoutContentViaInfrastructureExtension" : 0,
      "roots" : [ ]
    }, {
      "providerName" : "Library Gradle: commons-codec:commons-codec:1.11 (#1 class roots, #1 source roots)",
      "numberOfScannedFiles" : 432,
      "numberOfSkippedFiles" : 0,
      "numberOfFilesForIndexing" : 0,
      "numberOfFilesFullyIndexedByInfrastructureExtensions" : 0,
      "filesFullyIndexedByInfrastructureExtensions" : [ ],
      "statusTime" : 13890244,
      "totalOneThreadTimeWithPauses" : 17803584,
      "iterationAndScannersApplicationTime" : 1653708,
      "filesCheckTime" : 16112292,
      "timeProcessingUpToDateFiles" : 874689,
      "timeUpdatingContentLessIndexes" : 0,
      "timeIndexingWithoutContentViaInfrastructureExtension" : 0,
      "roots" : [ ]
    }, {
      "providerName" : "Library Gradle: org.jetbrains.kotlin:kotlin-stdlib-common:1.6.10 (#1 class roots, #1 source roots)",
      "numberOfScannedFiles" : 462,
      "numberOfSkippedFiles" : 0,
      "numberOfFilesForIndexing" : 0,
      "numberOfFilesFullyIndexedByInfrastructureExtensions" : 0,
      "filesFullyIndexedByInfrastructureExtensions" : [ ],
      "statusTime" : 14621038,
      "totalOneThreadTimeWithPauses" : 15917792,
      "iterationAndScannersApplicationTime" : 628417,
      "filesCheckTime" : 15251208,
      "timeProcessingUpToDateFiles" : 2438473,
      "timeUpdatingContentLessIndexes" : 0,
      "timeIndexingWithoutContentViaInfrastructureExtension" : 0,
      "roots" : [ ]
    }, {
      "providerName" : "Library Gradle: org.hamcrest:hamcrest-core:1.3 (#1 class roots, #1 source roots)",
      "numberOfScannedFiles" : 88,
      "numberOfSkippedFiles" : 0,
      "numberOfFilesForIndexing" : 0,
      "numberOfFilesFullyIndexedByInfrastructureExtensions" : 0,
      "filesFullyIndexedByInfrastructureExtensions" : [ ],
      "statusTime" : 5888956,
      "totalOneThreadTimeWithPauses" : 14077000,
      "iterationAndScannersApplicationTime" : 7349166,
      "filesCheckTime" : 6190250,
      "timeProcessingUpToDateFiles" : 375377,
      "timeUpdatingContentLessIndexes" : 0,
      "timeIndexingWithoutContentViaInfrastructureExtension" : 0,
      "roots" : [ ]
    }, {
      "providerName" : "Library Gradle: org.easytesting:fest-util:1.2.5 (#1 class roots, #1 source roots)",
      "numberOfScannedFiles" : 59,
      "numberOfSkippedFiles" : 0,
      "numberOfFilesForIndexing" : 0,
      "numberOfFilesFullyIndexedByInfrastructureExtensions" : 0,
      "filesFullyIndexedByInfrastructureExtensions" : [ ],
      "statusTime" : 9068493,
      "totalOneThreadTimeWithPauses" : 9458500,
      "iterationAndScannersApplicationTime" : 140250,
      "filesCheckTime" : 9263875,
      "timeProcessingUpToDateFiles" : 6369715,
      "timeUpdatingContentLessIndexes" : 0,
      "timeIndexingWithoutContentViaInfrastructureExtension" : 0,
      "roots" : [ ]
    }, {
      "providerName" : "Library Gradle: org.assertj:assertj-swing-junit:3.17.1 (#1 class roots, #1 source roots)",
      "numberOfScannedFiles" : 223,
      "numberOfSkippedFiles" : 0,
      "numberOfFilesForIndexing" : 0,
      "numberOfFilesFullyIndexedByInfrastructureExtensions" : 0,
      "filesFullyIndexedByInfrastructureExtensions" : [ ],
      "statusTime" : 3849663,
      "totalOneThreadTimeWithPauses" : 5109833,
      "iterationAndScannersApplicationTime" : 752125,
      "filesCheckTime" : 4312291,
      "timeProcessingUpToDateFiles" : 525548,
      "timeUpdatingContentLessIndexes" : 0,
      "timeIndexingWithoutContentViaInfrastructureExtension" : 0,
      "roots" : [ ]
    }, {
      "providerName" : "Library Gradle: com.google.code.gson:gson:2.8.9 (#1 class roots, #1 source roots)",
      "numberOfScannedFiles" : 279,
      "numberOfSkippedFiles" : 0,
      "numberOfFilesForIndexing" : 0,
      "numberOfFilesFullyIndexedByInfrastructureExtensions" : 0,
      "filesFullyIndexedByInfrastructureExtensions" : [ ],
      "statusTime" : 3927957,
      "totalOneThreadTimeWithPauses" : 4414042,
      "iterationAndScannersApplicationTime" : 252916,
      "filesCheckTime" : 4128125,
      "timeProcessingUpToDateFiles" : 987956,
      "timeUpdatingContentLessIndexes" : 0,
      "timeIndexingWithoutContentViaInfrastructureExtension" : 0,
      "roots" : [ ]
    }, {
      "providerName" : "Library Gradle: org.easytesting:fest-reflect:1.4.1 (#1 class roots, #1 source roots)",
      "numberOfScannedFiles" : 89,
      "numberOfSkippedFiles" : 0,
      "numberOfFilesForIndexing" : 0,
      "numberOfFilesFullyIndexedByInfrastructureExtensions" : 0,
      "filesFullyIndexedByInfrastructureExtensions" : [ ],
      "statusTime" : 2250666,
      "totalOneThreadTimeWithPauses" : 2842125,
      "iterationAndScannersApplicationTime" : 355500,
      "filesCheckTime" : 2462458,
      "timeProcessingUpToDateFiles" : 259698,
      "timeUpdatingContentLessIndexes" : 0,
      "timeIndexingWithoutContentViaInfrastructureExtension" : 0,
      "roots" : [ ]
    }, {
      "providerName" : "Library Gradle: org.jetbrains.kotlin:kotlin-stdlib-jdk8:1.6.10 (#1 class roots, #1 source roots)",
      "numberOfScannedFiles" : 22,
      "numberOfSkippedFiles" : 0,
      "numberOfFilesForIndexing" : 0,
      "numberOfFilesFullyIndexedByInfrastructureExtensions" : 0,
      "filesFullyIndexedByInfrastructureExtensions" : [ ],
      "statusTime" : 866415,
      "totalOneThreadTimeWithPauses" : 2594500,
      "iterationAndScannersApplicationTime" : 41875,
      "filesCheckTime" : 2472291,
      "timeProcessingUpToDateFiles" : 77699,
      "timeUpdatingContentLessIndexes" : 0,
      "timeIndexingWithoutContentViaInfrastructureExtension" : 0,
      "roots" : [ ]
    }, {
      "providerName" : "Library Gradle: org.jetbrains:annotations:13.0 (#1 class roots, #1 source roots)",
      "numberOfScannedFiles" : 52,
      "numberOfSkippedFiles" : 0,
      "numberOfFilesForIndexing" : 0,
      "numberOfFilesFullyIndexedByInfrastructureExtensions" : 0,
      "filesFullyIndexedByInfrastructureExtensions" : [ ],
      "statusTime" : 1510206,
      "totalOneThreadTimeWithPauses" : 2040792,
      "iterationAndScannersApplicationTime" : 156541,
      "filesCheckTime" : 1834292,
      "timeProcessingUpToDateFiles" : 481329,
      "timeUpdatingContentLessIndexes" : 0,
      "timeIndexingWithoutContentViaInfrastructureExtension" : 0,
      "roots" : [ ]
    }, {
      "providerName" : "Module 'Steganography_and_Cryptography.Topics-Image_libraries-Drawing_two_lines' (all roots)",
      "numberOfScannedFiles" : 3,
      "numberOfSkippedFiles" : 0,
      "numberOfFilesForIndexing" : 0,
      "numberOfFilesFullyIndexedByInfrastructureExtensions" : 0,
      "filesFullyIndexedByInfrastructureExtensions" : [ ],
      "statusTime" : 1372251,
      "totalOneThreadTimeWithPauses" : 1836125,
      "iterationAndScannersApplicationTime" : 251166,
      "filesCheckTime" : 1570958,
      "timeProcessingUpToDateFiles" : 979998,
      "timeUpdatingContentLessIndexes" : 0,
      "timeIndexingWithoutContentViaInfrastructureExtension" : 0,
      "roots" : [ ]
    }, {
      "providerName" : "Library Gradle: org.jetbrains.kotlin:kotlin-stdlib-jdk7:1.6.10 (#1 class roots, #1 source roots)",
      "numberOfScannedFiles" : 16,
      "numberOfSkippedFiles" : 0,
      "numberOfFilesForIndexing" : 0,
      "numberOfFilesFullyIndexedByInfrastructureExtensions" : 0,
      "filesFullyIndexedByInfrastructureExtensions" : [ ],
      "statusTime" : 1466000,
      "totalOneThreadTimeWithPauses" : 1697708,
      "iterationAndScannersApplicationTime" : 49667,
      "filesCheckTime" : 1615375,
      "timeProcessingUpToDateFiles" : 41123,
      "timeUpdatingContentLessIndexes" : 0,
      "timeIndexingWithoutContentViaInfrastructureExtension" : 0,
      "roots" : [ ]
    }, {
      "providerName" : "Library Gradle: com.github.hyperskill:hs-test:release-SNAPSHOT (#1 class roots, #0 source roots)",
      "numberOfScannedFiles" : 163,
      "numberOfSkippedFiles" : 0,
      "numberOfFilesForIndexing" : 0,
      "numberOfFilesFullyIndexedByInfrastructureExtensions" : 0,
      "filesFullyIndexedByInfrastructureExtensions" : [ ],
      "statusTime" : 1163417,
      "totalOneThreadTimeWithPauses" : 1551125,
      "iterationAndScannersApplicationTime" : 188625,
      "filesCheckTime" : 1347958,
      "timeProcessingUpToDateFiles" : 369785,
      "timeUpdatingContentLessIndexes" : 0,
      "timeIndexingWithoutContentViaInfrastructureExtension" : 0,
      "roots" : [ ]
    }, {
      "providerName" : "Module 'Steganography_and_Cryptography.Topics-Image_libraries-Color_encoding.main' (all roots)",
      "numberOfScannedFiles" : 1,
      "numberOfSkippedFiles" : 0,
      "numberOfFilesForIndexing" : 1,
      "numberOfFilesFullyIndexedByInfrastructureExtensions" : 0,
      "filesFullyIndexedByInfrastructureExtensions" : [ ],
      "statusTime" : 384000,
      "totalOneThreadTimeWithPauses" : 1355959,
      "iterationAndScannersApplicationTime" : 382459,
      "filesCheckTime" : 912708,
      "timeProcessingUpToDateFiles" : 10875,
      "timeUpdatingContentLessIndexes" : 96792,
      "timeIndexingWithoutContentViaInfrastructureExtension" : 40251,
      "roots" : [ ]
    }, {
      "providerName" : "Module 'Steganography_and_Cryptography.Topics-Image_libraries-Color_encoding' (all roots)",
      "numberOfScannedFiles" : 3,
      "numberOfSkippedFiles" : 0,
      "numberOfFilesForIndexing" : 0,
      "numberOfFilesFullyIndexedByInfrastructureExtensions" : 0,
      "filesFullyIndexedByInfrastructureExtensions" : [ ],
      "statusTime" : 185875,
      "totalOneThreadTimeWithPauses" : 1040708,
      "iterationAndScannersApplicationTime" : 533625,
      "filesCheckTime" : 480208,
      "timeProcessingUpToDateFiles" : 17371,
      "timeUpdatingContentLessIndexes" : 0,
      "timeIndexingWithoutContentViaInfrastructureExtension" : 0,
      "roots" : [ ]
    }, {
      "providerName" : "Module 'Steganography_and_Cryptography.Topics-Image_libraries-Drawing_two_lines.main' (all roots)",
      "numberOfScannedFiles" : 1,
      "numberOfSkippedFiles" : 0,
      "numberOfFilesForIndexing" : 1,
      "numberOfFilesFullyIndexedByInfrastructureExtensions" : 0,
      "filesFullyIndexedByInfrastructureExtensions" : [ ],
      "statusTime" : 408333,
      "totalOneThreadTimeWithPauses" : 814500,
      "iterationAndScannersApplicationTime" : 185750,
      "filesCheckTime" : 588500,
      "timeProcessingUpToDateFiles" : 22458,
      "timeUpdatingContentLessIndexes" : 133042,
      "timeIndexingWithoutContentViaInfrastructureExtension" : 27042,
      "roots" : [ ]
    }, {
      "providerName" : "Library Gradle: commons-logging:commons-logging:1.2 (#1 class roots, #1 source roots)",
      "numberOfScannedFiles" : 53,
      "numberOfSkippedFiles" : 0,
      "numberOfFilesForIndexing" : 0,
      "numberOfFilesFullyIndexedByInfrastructureExtensions" : 0,
      "filesFullyIndexedByInfrastructureExtensions" : [ ],
      "statusTime" : 610130,
      "totalOneThreadTimeWithPauses" : 782125,
      "iterationAndScannersApplicationTime" : 79625,
      "filesCheckTime" : 692667,
      "timeProcessingUpToDateFiles" : 94763,
      "timeUpdatingContentLessIndexes" : 0,
      "timeIndexingWithoutContentViaInfrastructureExtension" : 0,
      "roots" : [ ]
    }, {
      "providerName" : "Module 'Steganography_and_Cryptography.Topics-Image_libraries-Color_encoding.test' (all roots)",
      "numberOfScannedFiles" : 0,
      "numberOfSkippedFiles" : 0,
      "numberOfFilesForIndexing" : 0,
      "numberOfFilesFullyIndexedByInfrastructureExtensions" : 0,
      "filesFullyIndexedByInfrastructureExtensions" : [ ],
      "statusTime" : 0,
      "totalOneThreadTimeWithPauses" : 435375,
      "iterationAndScannersApplicationTime" : 300958,
      "filesCheckTime" : 104500,
      "timeProcessingUpToDateFiles" : 0,
      "timeUpdatingContentLessIndexes" : 0,
      "timeIndexingWithoutContentViaInfrastructureExtension" : 0,
      "roots" : [ ]
    }, {
      "providerName" : "Module 'Steganography_and_Cryptography.Topics-Image_libraries-Drawing_two_lines.test' (all roots)",
      "numberOfScannedFiles" : 0,
      "numberOfSkippedFiles" : 0,
      "numberOfFilesForIndexing" : 0,
      "numberOfFilesFullyIndexedByInfrastructureExtensions" : 0,
      "filesFullyIndexedByInfrastructureExtensions" : [ ],
      "statusTime" : 0,
      "totalOneThreadTimeWithPauses" : 173042,
      "iterationAndScannersApplicationTime" : 116500,
      "filesCheckTime" : 39375,
      "timeProcessingUpToDateFiles" : 0,
      "timeUpdatingContentLessIndexes" : 0,
      "timeIndexingWithoutContentViaInfrastructureExtension" : 0,
      "roots" : [ ]
    } ]
  }
}