{
  "appInfo" : {
    "build" : "233.13135.103",
    "buildDate" : "2023-12-20T05:05:00Z[UTC]",
    "productCode" : "IU",
    "generated" : "2024-02-03T01:55:57.624582Z",
    "os" : "macOS 14.3",
    "runtime" : "JetBrains s.r.o. 17.0.9 17.0.9+7-b1087.9"
  },
  "runtimeInfo" : {
    "maxMemory" : 2147483648,
    "numberOfProcessors" : 10,
    "maxNumberOfIndexingThreads" : 9,
    "maxSizeOfFileForIntelliSense" : 2560000,
    "maxSizeOfFileForContentLoading" : 20971520
  },
  "type" : "DumbIndexing",
  "projectIndexingActivityHistory" : {
    "projectName" : "Steganography and Cryptography",
    "times" : {
      "scanningIds" : [ ],
      "contentLoadingVisibleTime" : 1010946,
      "retrievingChangedDuringIndexingFilesTime" : 54625,
      "separateApplyingIndexesVisibleTime" : 221403,
      "updatingStart" : "2024-02-03T01:55:57.596837Z",
      "updatingEnd" : "2024-02-03T01:55:57.624305Z",
      "totalWallTimeWithPauses" : 27473583,
      "wallTimeOnPause" : 0,
      "wasInterrupted" : false,
      "dumbModeStart" : "2024-02-03T01:55:57.596837Z",
      "dumbWallTimeWithPauses" : 27473583,
      "dumbWallTimeWithoutPauses" : 27473583,
      "totalWallTimeWithoutPauses" : 27473583
    },
    "fileCount" : {
      "numberOfChangedDuringIndexingFiles" : 46,
      "numberOfFilesIndexedByInfrastructureExtensionsDuringIndexingStage" : 0,
      "numberOfFilesIndexedWithLoadingContent" : 46,
      "numberOfNothingToWriteFiles" : 0
    },
    "totalStatsPerFileType" : [ {
      "fileType" : "UNKNOWN",
      "partOfTotalProcessingTime" : {
        "part" : 6729419,
        "total" : 6729419
      },
      "partOfTotalContentLoadingTime" : {
        "part" : 1648167,
        "total" : 1648167
      },
      "totalNumberOfFiles" : 46,
      "totalFilesSize" : 0,
      "totalProcessingSpeed" : {
        "totalBytes" : 0,
        "totalCpuTime" : 6729419
      },
      "biggestContributors" : [ {
        "providerName" : "Refreshed files",
        "numberOfFiles" : 46,
        "totalFilesSize" : 0,
        "partOfTotalProcessingTimeOfThisFileType" : {
          "part" : 6729419,
          "total" : 6729419
        }
      } ]
    } ],
    "totalStatsPerBaseLanguage" : [ ],
    "totalStatsPerIndexer" : [ ],
    "statisticsOfChangedDuringIndexingFiles" : {
      "numberOfFiles" : 46,
      "retrievingTime" : 54625
    },
    "fileProviderStatistics" : [ {
      "providerName" : "Refreshed files",
      "totalNumberOfIndexedFiles" : 46,
      "totalNumberOfFilesFullyIndexedByExtensions" : 0,
      "totalNumberOfNothingToWriteFiles" : 0,
      "totalIndexingVisibleTime" : 4127666,
      "contentLoadingVisibleTime" : 1010946,
      "numberOfTooLargeForIndexingFiles" : 0,
      "slowIndexedFiles" : [ ],
      "filesFullyIndexedByExtensions" : [ ],
      "separateApplyingIndexesVisibleTime" : 221403
    } ],
    "visibleTimeToAllThreadTimeRatio" : 0.6133764296739436
  }
}