{
  "appInfo" : {
    "build" : "233.13135.103",
    "buildDate" : "2023-12-20T05:05:00Z[UTC]",
    "productCode" : "IU",
    "generated" : "2024-02-03T21:40:02.528971Z",
    "os" : "macOS 14.3",
    "runtime" : "JetBrains s.r.o. 17.0.9 17.0.9+7-b1087.9"
  },
  "runtimeInfo" : {
    "maxMemory" : 2147483648,
    "numberOfProcessors" : 10,
    "maxNumberOfIndexingThreads" : 9,
    "maxSizeOfFileForIntelliSense" : 2560000,
    "maxSizeOfFileForContentLoading" : 20971520
  },
  "type" : "Scanning",
  "projectIndexingActivityHistory" : {
    "projectName" : "Steganography and Cryptography",
    "times" : {
      "scanningReason" : "changes in: \"Module 'Steganography_and_Cryptography.Topics-Multi-dimensional_array-Accordance.main' (all roots)\", \"Module 'Steganography_and_Cryptography.Topics-Multi-dimensional_array-Accordance.test' (all roots)\", \"Module 'Steganography_and_Cryptography.Topics-Multi-dimensional_array-Correct_statements.main' (all roots)\", \"Module 'Steganography_and_Cryptography.Topics-Multi-dimensional_array-Correct_statements.test' (all roots)\", \"Module 'Steganography_and_Cryptography.Topics-Multi-dimensional_array-Indexing_rules.main' (all roots)\", \"Module 'Steganography_and_Cryptography.Topics-Multi-dimensional_array-Indexing_rules.test' (all roots)\", \"Module 'Steganography_and_Cryptography.Topics-Multi-dimensional_array-Theory.main' (all roots)\", \"Module 'Steganography_and_Cryptography.Topics-Multi-dimensional_array-Theory.test' (all roots)\", \"Module 'Steganography_and_Cryptography.Topics-Multi-dimensional_array-Accordance' (all roots)\", \"Module 'Steganography_and_Cryptography.Topics-Multi-dimensional_array-Correct_statements' (all roots)\" and 21 iterators more",
      "scanningType" : "PARTIAL",
      "scanningId" : 12,
      "creatingIteratorsTime" : 1000,
      "concurrentHandlingWallTimeWithoutPauses" : 409005000,
      "concurrentHandlingWallTimeWithPauses" : 409005000,
      "concurrentHandlingSumOfThreadTimesWithPauses" : 694665957,
      "concurrentIterationAndScannersApplicationSumOfThreadTimesWithPauses" : 40709999,
      "concurrentFileCheckSumOfThreadTimesWithPauses" : 652931836,
      "delayedPushPropertiesStageTime" : 3000,
      "indexExtensionsTime" : 53751,
      "dumbWallTimeWithPauses" : 0,
      "dumbWallTimeWithoutPauses" : 0,
      "updatingStart" : "2024-02-03T21:40:02.119261Z",
      "updatingEnd" : "2024-02-03T21:40:02.528676Z",
      "totalWallTimeWithPauses" : 409417000,
      "wallTimeOnPause" : 1000,
      "wasInterrupted" : false,
      "totalWallTimeWithoutPauses" : 409416000
    },
    "fileCount" : {
      "numberOfFileProviders" : 31,
      "numberOfScannedFiles" : 54383,
      "numberOfFilesIndexedByInfrastructureExtensionsDuringScan" : 0,
      "numberOfFilesScheduledForIndexingAfterScan" : 3
    },
    "scanningStatistics" : [ {
      "providerName" : "JDK temurin-21 /Library/Java/JavaVirtualMachines/temurin-21.jdk/Contents/Home",
      "numberOfScannedFiles" : 44380,
      "numberOfSkippedFiles" : 0,
      "numberOfFilesForIndexing" : 0,
      "numberOfFilesFullyIndexedByInfrastructureExtensions" : 0,
      "filesFullyIndexedByInfrastructureExtensions" : [ ],
      "statusTime" : 369271925,
      "totalOneThreadTimeWithPauses" : 404249792,
      "iterationAndScannersApplicationTime" : 25654958,
      "filesCheckTime" : 378550167,
      "timeProcessingUpToDateFiles" : 207017772,
      "timeUpdatingContentLessIndexes" : 0,
      "timeIndexingWithoutContentViaInfrastructureExtension" : 0,
      "roots" : [ ]
    }, {
      "providerName" : "Library Gradle: org.assertj:assertj-core:3.17.2 (#1 class roots, #1 source roots)",
      "numberOfScannedFiles" : 3875,
      "numberOfSkippedFiles" : 0,
      "numberOfFilesForIndexing" : 0,
      "numberOfFilesFullyIndexedByInfrastructureExtensions" : 0,
      "filesFullyIndexedByInfrastructureExtensions" : [ ],
      "statusTime" : 55976145,
      "totalOneThreadTimeWithPauses" : 59570458,
      "iterationAndScannersApplicationTime" : 2779791,
      "filesCheckTime" : 56764333,
      "timeProcessingUpToDateFiles" : 24366989,
      "timeUpdatingContentLessIndexes" : 0,
      "timeIndexingWithoutContentViaInfrastructureExtension" : 0,
      "roots" : [ ]
    }, {
      "providerName" : "Library Gradle: org.assertj:assertj-swing:3.17.1 (#1 class roots, #1 source roots)",
      "numberOfScannedFiles" : 1101,
      "numberOfSkippedFiles" : 0,
      "numberOfFilesForIndexing" : 0,
      "numberOfFilesFullyIndexedByInfrastructureExtensions" : 0,
      "filesFullyIndexedByInfrastructureExtensions" : [ ],
      "statusTime" : 31660867,
      "totalOneThreadTimeWithPauses" : 32847083,
      "iterationAndScannersApplicationTime" : 385791,
      "filesCheckTime" : 32436375,
      "timeProcessingUpToDateFiles" : 14059612,
      "timeUpdatingContentLessIndexes" : 0,
      "timeIndexingWithoutContentViaInfrastructureExtension" : 0,
      "roots" : [ ]
    }, {
      "providerName" : "Library Gradle: org.apache.httpcomponents:httpclient:4.5.13 (#1 class roots, #1 source roots)",
      "numberOfScannedFiles" : 911,
      "numberOfSkippedFiles" : 0,
      "numberOfFilesForIndexing" : 0,
      "numberOfFilesFullyIndexedByInfrastructureExtensions" : 0,
      "filesFullyIndexedByInfrastructureExtensions" : [ ],
      "statusTime" : 30034739,
      "totalOneThreadTimeWithPauses" : 32428625,
      "iterationAndScannersApplicationTime" : 1554542,
      "filesCheckTime" : 30770708,
      "timeProcessingUpToDateFiles" : 13567100,
      "timeUpdatingContentLessIndexes" : 0,
      "timeIndexingWithoutContentViaInfrastructureExtension" : 0,
      "roots" : [ ]
    }, {
      "providerName" : "Library Gradle: org.apache.httpcomponents:httpcore:4.4.13 (#1 class roots, #1 source roots)",
      "numberOfScannedFiles" : 523,
      "numberOfSkippedFiles" : 0,
      "numberOfFilesForIndexing" : 0,
      "numberOfFilesFullyIndexedByInfrastructureExtensions" : 0,
      "filesFullyIndexedByInfrastructureExtensions" : [ ],
      "statusTime" : 25971794,
      "totalOneThreadTimeWithPauses" : 27376750,
      "iterationAndScannersApplicationTime" : 943708,
      "filesCheckTime" : 26407500,
      "timeProcessingUpToDateFiles" : 13144738,
      "timeUpdatingContentLessIndexes" : 0,
      "timeIndexingWithoutContentViaInfrastructureExtension" : 0,
      "roots" : [ ]
    }, {
      "providerName" : "Library Gradle: junit:junit:4.13.2 (#1 class roots, #1 source roots)",
      "numberOfScannedFiles" : 578,
      "numberOfSkippedFiles" : 0,
      "numberOfFilesForIndexing" : 0,
      "numberOfFilesFullyIndexedByInfrastructureExtensions" : 0,
      "filesFullyIndexedByInfrastructureExtensions" : [ ],
      "statusTime" : 24081550,
      "totalOneThreadTimeWithPauses" : 26203833,
      "iterationAndScannersApplicationTime" : 1195709,
      "filesCheckTime" : 24994083,
      "timeProcessingUpToDateFiles" : 1971494,
      "timeUpdatingContentLessIndexes" : 0,
      "timeIndexingWithoutContentViaInfrastructureExtension" : 0,
      "roots" : [ ]
    }, {
      "providerName" : "Library Gradle: com.google.code.gson:gson:2.8.9 (#1 class roots, #1 source roots)",
      "numberOfScannedFiles" : 279,
      "numberOfSkippedFiles" : 0,
      "numberOfFilesForIndexing" : 0,
      "numberOfFilesFullyIndexedByInfrastructureExtensions" : 0,
      "filesFullyIndexedByInfrastructureExtensions" : [ ],
      "statusTime" : 18359037,
      "totalOneThreadTimeWithPauses" : 19452209,
      "iterationAndScannersApplicationTime" : 211750,
      "filesCheckTime" : 19214042,
      "timeProcessingUpToDateFiles" : 11321875,
      "timeUpdatingContentLessIndexes" : 0,
      "timeIndexingWithoutContentViaInfrastructureExtension" : 0,
      "roots" : [ ]
    }, {
      "providerName" : "Library Gradle: commons-codec:commons-codec:1.11 (#1 class roots, #1 source roots)",
      "numberOfScannedFiles" : 432,
      "numberOfSkippedFiles" : 0,
      "numberOfFilesForIndexing" : 0,
      "numberOfFilesFullyIndexedByInfrastructureExtensions" : 0,
      "filesFullyIndexedByInfrastructureExtensions" : [ ],
      "statusTime" : 17517874,
      "totalOneThreadTimeWithPauses" : 18095958,
      "iterationAndScannersApplicationTime" : 275459,
      "filesCheckTime" : 17796375,
      "timeProcessingUpToDateFiles" : 10602168,
      "timeUpdatingContentLessIndexes" : 0,
      "timeIndexingWithoutContentViaInfrastructureExtension" : 0,
      "roots" : [ ]
    }, {
      "providerName" : "Library Gradle: org.jetbrains.kotlin:kotlin-stdlib:1.6.10 (#1 class roots, #1 source roots)",
      "numberOfScannedFiles" : 1061,
      "numberOfSkippedFiles" : 0,
      "numberOfFilesForIndexing" : 0,
      "numberOfFilesFullyIndexedByInfrastructureExtensions" : 0,
      "filesFullyIndexedByInfrastructureExtensions" : [ ],
      "statusTime" : 16039238,
      "totalOneThreadTimeWithPauses" : 17655291,
      "iterationAndScannersApplicationTime" : 1151292,
      "filesCheckTime" : 16444459,
      "timeProcessingUpToDateFiles" : 4326501,
      "timeUpdatingContentLessIndexes" : 0,
      "timeIndexingWithoutContentViaInfrastructureExtension" : 0,
      "roots" : [ ]
    }, {
      "providerName" : "Library Gradle: org.assertj:assertj-swing-junit:3.17.1 (#1 class roots, #1 source roots)",
      "numberOfScannedFiles" : 223,
      "numberOfSkippedFiles" : 0,
      "numberOfFilesForIndexing" : 0,
      "numberOfFilesFullyIndexedByInfrastructureExtensions" : 0,
      "filesFullyIndexedByInfrastructureExtensions" : [ ],
      "statusTime" : 16484089,
      "totalOneThreadTimeWithPauses" : 16909750,
      "iterationAndScannersApplicationTime" : 143208,
      "filesCheckTime" : 16756375,
      "timeProcessingUpToDateFiles" : 491566,
      "timeUpdatingContentLessIndexes" : 0,
      "timeIndexingWithoutContentViaInfrastructureExtension" : 0,
      "roots" : [ ]
    }, {
      "providerName" : "Library Gradle: org.jetbrains.kotlin:kotlin-stdlib-common:1.6.10 (#1 class roots, #1 source roots)",
      "numberOfScannedFiles" : 462,
      "numberOfSkippedFiles" : 0,
      "numberOfFilesForIndexing" : 0,
      "numberOfFilesFullyIndexedByInfrastructureExtensions" : 0,
      "filesFullyIndexedByInfrastructureExtensions" : [ ],
      "statusTime" : 10139360,
      "totalOneThreadTimeWithPauses" : 11021417,
      "iterationAndScannersApplicationTime" : 495792,
      "filesCheckTime" : 10502334,
      "timeProcessingUpToDateFiles" : 2068078,
      "timeUpdatingContentLessIndexes" : 0,
      "timeIndexingWithoutContentViaInfrastructureExtension" : 0,
      "roots" : [ ]
    }, {
      "providerName" : "Library Gradle: com.github.hyperskill:hs-test:release-SNAPSHOT (#1 class roots, #0 source roots)",
      "numberOfScannedFiles" : 163,
      "numberOfSkippedFiles" : 0,
      "numberOfFilesForIndexing" : 0,
      "numberOfFilesFullyIndexedByInfrastructureExtensions" : 0,
      "filesFullyIndexedByInfrastructureExtensions" : [ ],
      "statusTime" : 3899332,
      "totalOneThreadTimeWithPauses" : 4917459,
      "iterationAndScannersApplicationTime" : 711583,
      "filesCheckTime" : 4162542,
      "timeProcessingUpToDateFiles" : 989587,
      "timeUpdatingContentLessIndexes" : 0,
      "timeIndexingWithoutContentViaInfrastructureExtension" : 0,
      "roots" : [ ]
    }, {
      "providerName" : "Library Gradle: org.easytesting:fest-reflect:1.4.1 (#1 class roots, #1 source roots)",
      "numberOfScannedFiles" : 89,
      "numberOfSkippedFiles" : 0,
      "numberOfFilesForIndexing" : 0,
      "numberOfFilesFullyIndexedByInfrastructureExtensions" : 0,
      "filesFullyIndexedByInfrastructureExtensions" : [ ],
      "statusTime" : 3451832,
      "totalOneThreadTimeWithPauses" : 3825292,
      "iterationAndScannersApplicationTime" : 58250,
      "filesCheckTime" : 3742584,
      "timeProcessingUpToDateFiles" : 285448,
      "timeUpdatingContentLessIndexes" : 0,
      "timeIndexingWithoutContentViaInfrastructureExtension" : 0,
      "roots" : [ ]
    }, {
      "providerName" : "Library Gradle: commons-logging:commons-logging:1.2 (#1 class roots, #1 source roots)",
      "numberOfScannedFiles" : 53,
      "numberOfSkippedFiles" : 0,
      "numberOfFilesForIndexing" : 0,
      "numberOfFilesFullyIndexedByInfrastructureExtensions" : 0,
      "filesFullyIndexedByInfrastructureExtensions" : [ ],
      "statusTime" : 2022995,
      "totalOneThreadTimeWithPauses" : 2960500,
      "iterationAndScannersApplicationTime" : 814208,
      "filesCheckTime" : 2135209,
      "timeProcessingUpToDateFiles" : 190832,
      "timeUpdatingContentLessIndexes" : 0,
      "timeIndexingWithoutContentViaInfrastructureExtension" : 0,
      "roots" : [ ]
    }, {
      "providerName" : "Library Gradle: org.hamcrest:hamcrest-core:1.3 (#1 class roots, #1 source roots)",
      "numberOfScannedFiles" : 88,
      "numberOfSkippedFiles" : 0,
      "numberOfFilesForIndexing" : 0,
      "numberOfFilesFullyIndexedByInfrastructureExtensions" : 0,
      "filesFullyIndexedByInfrastructureExtensions" : [ ],
      "statusTime" : 2371919,
      "totalOneThreadTimeWithPauses" : 2580916,
      "iterationAndScannersApplicationTime" : 50542,
      "filesCheckTime" : 2515375,
      "timeProcessingUpToDateFiles" : 334540,
      "timeUpdatingContentLessIndexes" : 0,
      "timeIndexingWithoutContentViaInfrastructureExtension" : 0,
      "roots" : [ ]
    }, {
      "providerName" : "Library Gradle: org.easytesting:fest-util:1.2.5 (#1 class roots, #1 source roots)",
      "numberOfScannedFiles" : 59,
      "numberOfSkippedFiles" : 0,
      "numberOfFilesForIndexing" : 0,
      "numberOfFilesFullyIndexedByInfrastructureExtensions" : 0,
      "filesFullyIndexedByInfrastructureExtensions" : [ ],
      "statusTime" : 2165081,
      "totalOneThreadTimeWithPauses" : 2560542,
      "iterationAndScannersApplicationTime" : 136041,
      "filesCheckTime" : 2395500,
      "timeProcessingUpToDateFiles" : 246833,
      "timeUpdatingContentLessIndexes" : 0,
      "timeIndexingWithoutContentViaInfrastructureExtension" : 0,
      "roots" : [ ]
    }, {
      "providerName" : "Library Gradle: org.jetbrains:annotations:13.0 (#1 class roots, #1 source roots)",
      "numberOfScannedFiles" : 52,
      "numberOfSkippedFiles" : 0,
      "numberOfFilesForIndexing" : 0,
      "numberOfFilesFullyIndexedByInfrastructureExtensions" : 0,
      "filesFullyIndexedByInfrastructureExtensions" : [ ],
      "statusTime" : 1169582,
      "totalOneThreadTimeWithPauses" : 1443292,
      "iterationAndScannersApplicationTime" : 92709,
      "filesCheckTime" : 1324750,
      "timeProcessingUpToDateFiles" : 227335,
      "timeUpdatingContentLessIndexes" : 0,
      "timeIndexingWithoutContentViaInfrastructureExtension" : 0,
      "roots" : [ ]
    }, {
      "providerName" : "Library Gradle: org.jetbrains.kotlin:kotlin-stdlib-jdk8:1.6.10 (#1 class roots, #1 source roots)",
      "numberOfScannedFiles" : 22,
      "numberOfSkippedFiles" : 0,
      "numberOfFilesForIndexing" : 0,
      "numberOfFilesFullyIndexedByInfrastructureExtensions" : 0,
      "filesFullyIndexedByInfrastructureExtensions" : [ ],
      "statusTime" : 845165,
      "totalOneThreadTimeWithPauses" : 1287750,
      "iterationAndScannersApplicationTime" : 90833,
      "filesCheckTime" : 1179791,
      "timeProcessingUpToDateFiles" : 190205,
      "timeUpdatingContentLessIndexes" : 0,
      "timeIndexingWithoutContentViaInfrastructureExtension" : 0,
      "roots" : [ ]
    }, {
      "providerName" : "Module 'Steganography_and_Cryptography.Topics-Multi-dimensional_array-Theory.main' (all roots)",
      "numberOfScannedFiles" : 1,
      "numberOfSkippedFiles" : 0,
      "numberOfFilesForIndexing" : 1,
      "numberOfFilesFullyIndexedByInfrastructureExtensions" : 0,
      "filesFullyIndexedByInfrastructureExtensions" : [ ],
      "statusTime" : 88542,
      "totalOneThreadTimeWithPauses" : 994875,
      "iterationAndScannersApplicationTime" : 251250,
      "filesCheckTime" : 730292,
      "timeProcessingUpToDateFiles" : 2333,
      "timeUpdatingContentLessIndexes" : 25749,
      "timeIndexingWithoutContentViaInfrastructureExtension" : 11126,
      "roots" : [ ]
    }, {
      "providerName" : "Module 'Steganography_and_Cryptography.Topics-Multi-dimensional_array-Accordance' (all roots)",
      "numberOfScannedFiles" : 3,
      "numberOfSkippedFiles" : 0,
      "numberOfFilesForIndexing" : 0,
      "numberOfFilesFullyIndexedByInfrastructureExtensions" : 0,
      "filesFullyIndexedByInfrastructureExtensions" : [ ],
      "statusTime" : 508667,
      "totalOneThreadTimeWithPauses" : 966333,
      "iterationAndScannersApplicationTime" : 263083,
      "filesCheckTime" : 606667,
      "timeProcessingUpToDateFiles" : 27168,
      "timeUpdatingContentLessIndexes" : 0,
      "timeIndexingWithoutContentViaInfrastructureExtension" : 0,
      "roots" : [ ]
    }, {
      "providerName" : "Module 'Steganography_and_Cryptography.Topics-Multi-dimensional_array-Correct_statements.main' (all roots)",
      "numberOfScannedFiles" : 1,
      "numberOfSkippedFiles" : 0,
      "numberOfFilesForIndexing" : 1,
      "numberOfFilesFullyIndexedByInfrastructureExtensions" : 0,
      "filesFullyIndexedByInfrastructureExtensions" : [ ],
      "statusTime" : 147791,
      "totalOneThreadTimeWithPauses" : 912667,
      "iterationAndScannersApplicationTime" : 230709,
      "filesCheckTime" : 542750,
      "timeProcessingUpToDateFiles" : 4500,
      "timeUpdatingContentLessIndexes" : 43751,
      "timeIndexingWithoutContentViaInfrastructureExtension" : 16127,
      "roots" : [ ]
    }, {
      "providerName" : "Library Gradle: org.jetbrains.kotlin:kotlin-stdlib-jdk7:1.6.10 (#1 class roots, #1 source roots)",
      "numberOfScannedFiles" : 16,
      "numberOfSkippedFiles" : 0,
      "numberOfFilesForIndexing" : 0,
      "numberOfFilesFullyIndexedByInfrastructureExtensions" : 0,
      "filesFullyIndexedByInfrastructureExtensions" : [ ],
      "statusTime" : 523667,
      "totalOneThreadTimeWithPauses" : 905292,
      "iterationAndScannersApplicationTime" : 87792,
      "filesCheckTime" : 796625,
      "timeProcessingUpToDateFiles" : 107248,
      "timeUpdatingContentLessIndexes" : 0,
      "timeIndexingWithoutContentViaInfrastructureExtension" : 0,
      "roots" : [ ]
    }, {
      "providerName" : "Module 'Steganography_and_Cryptography.Topics-Multi-dimensional_array-Theory' (all roots)",
      "numberOfScannedFiles" : 3,
      "numberOfSkippedFiles" : 0,
      "numberOfFilesForIndexing" : 0,
      "numberOfFilesFullyIndexedByInfrastructureExtensions" : 0,
      "filesFullyIndexedByInfrastructureExtensions" : [ ],
      "statusTime" : 364167,
      "totalOneThreadTimeWithPauses" : 877291,
      "iterationAndScannersApplicationTime" : 339125,
      "filesCheckTime" : 516000,
      "timeProcessingUpToDateFiles" : 31586,
      "timeUpdatingContentLessIndexes" : 0,
      "timeIndexingWithoutContentViaInfrastructureExtension" : 0,
      "roots" : [ ]
    }, {
      "providerName" : "Module 'Steganography_and_Cryptography.Topics-Multi-dimensional_array-Indexing_rules.main' (all roots)",
      "numberOfScannedFiles" : 1,
      "numberOfSkippedFiles" : 0,
      "numberOfFilesForIndexing" : 1,
      "numberOfFilesFullyIndexedByInfrastructureExtensions" : 0,
      "filesFullyIndexedByInfrastructureExtensions" : [ ],
      "statusTime" : 183583,
      "totalOneThreadTimeWithPauses" : 750791,
      "iterationAndScannersApplicationTime" : 283166,
      "filesCheckTime" : 446750,
      "timeProcessingUpToDateFiles" : 8917,
      "timeUpdatingContentLessIndexes" : 48750,
      "timeIndexingWithoutContentViaInfrastructureExtension" : 26498,
      "roots" : [ ]
    }, {
      "providerName" : "Module 'Steganography_and_Cryptography.Topics-Multi-dimensional_array-Accordance.test' (all roots)",
      "numberOfScannedFiles" : 0,
      "numberOfSkippedFiles" : 0,
      "numberOfFilesForIndexing" : 0,
      "numberOfFilesFullyIndexedByInfrastructureExtensions" : 0,
      "filesFullyIndexedByInfrastructureExtensions" : [ ],
      "statusTime" : 0,
      "totalOneThreadTimeWithPauses" : 675958,
      "iterationAndScannersApplicationTime" : 472542,
      "filesCheckTime" : 154542,
      "timeProcessingUpToDateFiles" : 0,
      "timeUpdatingContentLessIndexes" : 0,
      "timeIndexingWithoutContentViaInfrastructureExtension" : 0,
      "roots" : [ ]
    }, {
      "providerName" : "Module 'Steganography_and_Cryptography.Topics-Multi-dimensional_array-Accordance.main' (all roots)",
      "numberOfScannedFiles" : 1,
      "numberOfSkippedFiles" : 0,
      "numberOfFilesForIndexing" : 0,
      "numberOfFilesFullyIndexedByInfrastructureExtensions" : 0,
      "filesFullyIndexedByInfrastructureExtensions" : [ ],
      "statusTime" : 93792,
      "totalOneThreadTimeWithPauses" : 675750,
      "iterationAndScannersApplicationTime" : 380000,
      "filesCheckTime" : 267917,
      "timeProcessingUpToDateFiles" : 10626,
      "timeUpdatingContentLessIndexes" : 0,
      "timeIndexingWithoutContentViaInfrastructureExtension" : 0,
      "roots" : [ ]
    }, {
      "providerName" : "Module 'Steganography_and_Cryptography.Topics-Multi-dimensional_array-Indexing_rules' (all roots)",
      "numberOfScannedFiles" : 3,
      "numberOfSkippedFiles" : 0,
      "numberOfFilesForIndexing" : 0,
      "numberOfFilesFullyIndexedByInfrastructureExtensions" : 0,
      "filesFullyIndexedByInfrastructureExtensions" : [ ],
      "statusTime" : 159042,
      "totalOneThreadTimeWithPauses" : 603084,
      "iterationAndScannersApplicationTime" : 301958,
      "filesCheckTime" : 277000,
      "timeProcessingUpToDateFiles" : 10456,
      "timeUpdatingContentLessIndexes" : 0,
      "timeIndexingWithoutContentViaInfrastructureExtension" : 0,
      "roots" : [ ]
    }, {
      "providerName" : "Module 'Steganography_and_Cryptography.Topics-Multi-dimensional_array-Theory.test' (all roots)",
      "numberOfScannedFiles" : 0,
      "numberOfSkippedFiles" : 0,
      "numberOfFilesForIndexing" : 0,
      "numberOfFilesFullyIndexedByInfrastructureExtensions" : 0,
      "filesFullyIndexedByInfrastructureExtensions" : [ ],
      "statusTime" : 0,
      "totalOneThreadTimeWithPauses" : 547417,
      "iterationAndScannersApplicationTime" : 457292,
      "filesCheckTime" : 67375,
      "timeProcessingUpToDateFiles" : 0,
      "timeUpdatingContentLessIndexes" : 0,
      "timeIndexingWithoutContentViaInfrastructureExtension" : 0,
      "roots" : [ ]
    }, {
      "providerName" : "Module 'Steganography_and_Cryptography.Topics-Multi-dimensional_array-Correct_statements' (all roots)",
      "numberOfScannedFiles" : 3,
      "numberOfSkippedFiles" : 0,
      "numberOfFilesForIndexing" : 0,
      "numberOfFilesFullyIndexedByInfrastructureExtensions" : 0,
      "filesFullyIndexedByInfrastructureExtensions" : [ ],
      "statusTime" : 307541,
      "totalOneThreadTimeWithPauses" : 496458,
      "iterationAndScannersApplicationTime" : 115000,
      "filesCheckTime" : 372500,
      "timeProcessingUpToDateFiles" : 15710,
      "timeUpdatingContentLessIndexes" : 0,
      "timeIndexingWithoutContentViaInfrastructureExtension" : 0,
      "roots" : [ ]
    }, {
      "providerName" : "Module 'Steganography_and_Cryptography.Topics-Multi-dimensional_array-Indexing_rules.test' (all roots)",
      "numberOfScannedFiles" : 0,
      "numberOfSkippedFiles" : 0,
      "numberOfFilesForIndexing" : 0,
      "numberOfFilesFullyIndexedByInfrastructureExtensions" : 0,
      "filesFullyIndexedByInfrastructureExtensions" : [ ],
      "statusTime" : 0,
      "totalOneThreadTimeWithPauses" : 472541,
      "iterationAndScannersApplicationTime" : 440250,
      "filesCheckTime" : 20458,
      "timeProcessingUpToDateFiles" : 0,
      "timeUpdatingContentLessIndexes" : 0,
      "timeIndexingWithoutContentViaInfrastructureExtension" : 0,
      "roots" : [ ]
    }, {
      "providerName" : "Module 'Steganography_and_Cryptography.Topics-Multi-dimensional_array-Correct_statements.test' (all roots)",
      "numberOfScannedFiles" : 0,
      "numberOfSkippedFiles" : 0,
      "numberOfFilesForIndexing" : 0,
      "numberOfFilesFullyIndexedByInfrastructureExtensions" : 0,
      "filesFullyIndexedByInfrastructureExtensions" : [ ],
      "statusTime" : 0,
      "totalOneThreadTimeWithPauses" : 400583,
      "iterationAndScannersApplicationTime" : 341666,
      "filesCheckTime" : 40458,
      "timeProcessingUpToDateFiles" : 0,
      "timeUpdatingContentLessIndexes" : 0,
      "timeIndexingWithoutContentViaInfrastructureExtension" : 0,
      "roots" : [ ]
    } ]
  }
}