{
  "appInfo" : {
    "build" : "233.13135.103",
    "buildDate" : "2023-12-20T05:05:00Z[UTC]",
    "productCode" : "IU",
    "generated" : "2024-02-04T15:17:42.011653Z",
    "os" : "macOS 14.3",
    "runtime" : "JetBrains s.r.o. 17.0.9 17.0.9+7-b1087.9"
  },
  "runtimeInfo" : {
    "maxMemory" : 2147483648,
    "numberOfProcessors" : 10,
    "maxNumberOfIndexingThreads" : 9,
    "maxSizeOfFileForIntelliSense" : 2560000,
    "maxSizeOfFileForContentLoading" : 20971520
  },
  "type" : "Scanning",
  "projectIndexingActivityHistory" : {
    "projectName" : "Steganography and Cryptography",
    "times" : {
      "scanningReason" : "changes in: \"JDK java version \"17.0.9+7\" /Users/joses/Library/Java/JavaVirtualMachines/corretto-20.0.2.1/Contents/Home\"",
      "scanningType" : "PARTIAL",
      "scanningId" : 4,
      "creatingIteratorsTime" : 1000,
      "concurrentHandlingWallTimeWithoutPauses" : 1327095000,
      "concurrentHandlingWallTimeWithPauses" : 1327095000,
      "concurrentHandlingSumOfThreadTimesWithPauses" : 1325362667,
      "concurrentIterationAndScannersApplicationSumOfThreadTimesWithPauses" : 517226167,
      "concurrentFileCheckSumOfThreadTimesWithPauses" : 807987209,
      "delayedPushPropertiesStageTime" : 4000,
      "indexExtensionsTime" : 112441273,
      "dumbModeStart" : "2024-02-04T15:17:40.683711Z",
      "dumbWallTimeWithPauses" : 1327510000,
      "dumbWallTimeWithoutPauses" : 1327510000,
      "updatingStart" : "2024-02-04T15:17:40.683356Z",
      "updatingEnd" : "2024-02-04T15:17:42.011221Z",
      "totalWallTimeWithPauses" : 1327866833,
      "wallTimeOnPause" : 6000,
      "wasInterrupted" : false,
      "totalWallTimeWithoutPauses" : 1327860833
    },
    "fileCount" : {
      "numberOfFileProviders" : 1,
      "numberOfScannedFiles" : 43108,
      "numberOfFilesIndexedByInfrastructureExtensionsDuringScan" : 0,
      "numberOfFilesScheduledForIndexingAfterScan" : 42778
    },
    "scanningStatistics" : [ {
      "providerName" : "JDK java version \"17.0.9+7\" /Users/joses/Library/Java/JavaVirtualMachines/corretto-20.0.2.1/Contents/Home",
      "numberOfScannedFiles" : 43108,
      "numberOfSkippedFiles" : 0,
      "numberOfFilesForIndexing" : 42778,
      "numberOfFilesFullyIndexedByInfrastructureExtensions" : 0,
      "filesFullyIndexedByInfrastructureExtensions" : [ ],
      "statusTime" : 625985185,
      "totalOneThreadTimeWithPauses" : 1325362667,
      "iterationAndScannersApplicationTime" : 517226167,
      "filesCheckTime" : 807987209,
      "timeProcessingUpToDateFiles" : 0,
      "timeUpdatingContentLessIndexes" : 181601572,
      "timeIndexingWithoutContentViaInfrastructureExtension" : 112441273,
      "roots" : [ ]
    } ]
  }
}