{"@type":"excluded","time":"2024-02-03T02:50:06.706084+01:00[Europe/Berlin]","kind":"bundled","chunkUniqueId":"bundled-js-predefined-1d06a55b98c1-c44b541a36ca-JavaScript-IU-233.13135.103"}
{"@type":"attached","time":"2024-02-04T15:37:36.672674+01:00[Europe/Berlin]","kind":"jdk","chunkUniqueId":"jdk-21.0.1-openjdk-21.0.1-f644763e9732-2f79fb23","indexName":"21.0.1-openjdk-21.0.1","fbMatch":{"part":81,"total":81},"stubMatch":{"part":146,"total":146}}
{"@type":"excluded","time":"2024-02-04T15:37:36.939664+01:00[Europe/Berlin]","kind":"bundled","chunkUniqueId":"bundled-js-predefined-1d06a55b98c1-c44b541a36ca-JavaScript-IU-233.13135.103"}
{"@type":"excluded","time":"2024-02-04T16:14:46.357259+01:00[Europe/Berlin]","kind":"bundled","chunkUniqueId":"bundled-js-predefined-1d06a55b98c1-c44b541a36ca-JavaScript-IU-233.13135.103"}
{"@type":"attached","time":"2024-02-04T16:17:42.502943+01:00[Europe/Berlin]","kind":"jdk","chunkUniqueId":"jdk-20.0.2-corretto-20.0.2.1-f644763e9732-447c96ba","indexName":"20.0.2-corretto-20.0.2.1","fbMatch":{"part":81,"total":81},"stubMatch":{"part":146,"total":146}}
