# OpenTelemetry Metrics report: .csv, 4 fields: 
# <metric name>, <period start, nanoseconds>, <period end, nanoseconds>, <metric value>
# See CsvMetricsExporter for details.
# 
# NAME, PERIOD_START_NANOS, PERIOD_END_NANOS, VALUE
FlushQueue.queueSizeAvg,1705030877020000000,1705030937034000000,3.4344497607655504
FlushQueue.waitingTime90PNs,1705030877020000000,1705030937034000000,26083327
AWTEventQueue.dispatchTimeTotalNS,1705030877020000000,1705030937034000000,5047101618
FlushQueue.waitingTimeAvgNs,1705030877020000000,1705030937034000000,1.057659715215311E7
FlushQueue.queueSizeMax,1705030877020000000,1705030937034000000,36
FlushQueue.queueSize90P,1705030877020000000,1705030937034000000,9
ReadAction.executionsCount,1705030877020000000,1705030937034000000,668
AWTEventQueue.dispatchTime90PNs,1705030877020000000,1705030937034000000,479231
AWTEventQueue.dispatchTimeAvgNs,1705030877020000000,1705030937034000000,401342.7035535416
FlushQueue.executionTimeAvgNs,1705030877020000000,1705030937034000000,3.1257755249760766E7
FlushQueue.waitingTimeMaxNs,1705030877020000000,1705030937034000000,201326591
AWTEventQueue.dispatchTimeMaxNs,1705030877020000000,1705030937034000000,448790527
WriteAction.executionsCount,1705030877020000000,1705030937034000000,0
FlushQueue.tasksExecuted,1705030877020000000,1705030937034000000,1045
FlushQueue.executionTimeMaxNs,1705030877020000000,1705030937034000000,30735859711
FlushQueue.executionTime90PNs,1705030877020000000,1705030937034000000,442367
AWTEventQueue.eventsDispatched,1705030877020000000,1705030937034000000,12579
workspaceModel.moduleManagerBridge.new.nonPersistent.module.ms,1705030877020000000,1705030937034000000,0
workspaceModel.moduleManagerBridge.get.modules.ms,1705030877020000000,1705030937034000000,1
workspaceModel.mutableEntityStorage.remove.entity.ms,1705030877020000000,1705030937034000000,0
workspaceModel.mutableEntityStorage.resolve.ms,1705030877020000000,1705030937034000000,0
workspaceModel.save.cache.to.file.ms,1705030877020000000,1705030937034000000,0
workspaceModel.mutableEntityStorage.referrers.ms,1705030877020000000,1705030937034000000,0
workspaceModel.mutableEntityStorage.add.entity.ms,1705030877020000000,1705030937034000000,0
workspaceModel.mutableEntityStorage.mutable.ext.mapping.ms,1705030877020000000,1705030937034000000,0
workspaceModel.moduleManagerBridge.set.unloadedModules.ms,1705030877020000000,1705030937034000000,0
workspaceModel.mutableEntityStorage.modify.entity.ms,1705030877020000000,1705030937034000000,0
workspaceModel.moduleManagerBridge.create.module.instance.ms,1705030877020000000,1705030937034000000,0
workspaceModel.mutableEntityStorage.entities.ms,1705030877020000000,1705030937034000000,0
workspaceModel.load.cache.from.file.ms,1705030877020000000,1705030937034000000,0
workspaceModel.mutableEntityStorage.add.diff.ms,1705030877020000000,1705030937034000000,0
workspaceModel.mutableEntityStorage.put.entity.ms,1705030877020000000,1705030937034000000,0
workspaceModel.mutableEntityStorage.mutable.vfurl.index.ms,1705030877020000000,1705030937034000000,0
workspaceModel.moduleManagerBridge.load.module.ms,1705030877020000000,1705030937034000000,0
workspaceModel.mutableEntityStorage.replace.by.source.ms,1705030877020000000,1705030937034000000,0
workspaceModel.mutableEntityStorage.entities.by.source.ms,1705030877020000000,1705030937034000000,0
workspaceModel.moduleManagerBridge.newModule.ms,1705030877020000000,1705030937034000000,0
workspaceModel.load.cache.metadata.from.file.ms,1705030877020000000,1705030937034000000,0
workspaceModel.mutableEntityStorage.to.snapshot.ms,1705030877020000000,1705030937034000000,0
workspaceModel.moduleManagerBridge.build.module.graph.ms,1705030877020000000,1705030937034000000,0
workspaceModel.moduleManagerBridge.load.all.modules.ms,1705030877020000000,1705030937034000000,0
workspaceModel.mutableEntityStorage.collect.changes.ms,1705030877020000000,1705030937034000000,0
workspaceModel.mutableEntityStorage.has.same.entities.ms,1705030877020000000,1705030937034000000,0
FileNameCache.totalMisses,1705030877020000000,1705030937034000000,0
FileNameCache.queries,1705030877020000000,1705030937034000000,0
workspaceModel.update.unloaded.entities.ms,1705030877020000000,1705030937034000000,0
workspaceModel.loading.total.ms,1705030877020000000,1705030937034000000,17
workspaceModel.pre.handlers.ms,1705030877020000000,1705030937034000000,0
workspaceModel.initializing.ms,1705030877020000000,1705030937034000000,0
workspaceModel.check.recursive.update.ms,1705030877020000000,1705030937034000000,0
workspaceModel.updates.ms,1705030877020000000,1705030937034000000,0
workspaceModel.init.bridges.ms,1705030877020000000,1705030937034000000,0
workspaceModel.updates.count,1705030877020000000,1705030937034000000,0
workspaceModel.to.snapshot.ms,1705030877020000000,1705030937034000000,0
workspaceModel.updates.precise.ms,1705030877020000000,1705030937034000000,0
workspaceModel.loading.from.cache.ms,1705030877020000000,1705030937034000000,10
workspaceModel.replace.project.model.ms,1705030877020000000,1705030937034000000,0
workspaceModel.collect.changes.ms,1705030877020000000,1705030937034000000,0
IndexesFlusher.totalFlushesRetried,1705030877020000000,1705030937034000000,0
IndexesFlusher.totalFlushes,1705030877020000000,1705030937034000000,58
IndexesFlusher.totalContentionQuotaSpent,1705030877020000000,1705030937034000000,0
IndexesFlusher.totalFlushingTimeUs,1705030877020000000,1705030937034000000,376167
FilePageCacheLockFree.totalBytesRequested,1705030877020000000,1705030937034000000,32768
DirectByteBufferAllocator.misses,1705030877020000000,1705030937034000000,403
FilePageCacheLockFree.totalHeapBytesReclaimed,1705030877020000000,1705030937034000000,0
FilePageCache.uncachedFileAccess,1705030877020000000,1705030937034000000,239
FilePageCacheLockFree.housekeeperTimeSpentMs,1705030877020000000,1705030937034000000,125
FilePageCacheLockFree.totalBytesWritten,1705030877020000000,1705030937034000000,0
MappedFileStorage.totalTimeSpentOnMappingUs,1705030877020000000,1705030937034000000,254
FilePageCacheLockFree.totalClosedStoragesReclaimed,1705030877020000000,1705030937034000000,0
FilePageCacheLockFree.housekeeperTurnsDone,1705030877020000000,1705030937034000000,120
FilePageCacheLockFree.totalNativeBytesReclaimed,1705030877020000000,1705030937034000000,0
FilePageCacheLockFree.totalPagesReadMs,1705030877020000000,1705030937034000000,2
FilePageCache.totalPageLoadsUs,1705030877020000000,1705030937034000000,267273
FilePageCacheLockFree.totalPagesReclaimed,1705030877020000000,1705030937034000000,0
FilePageCacheLockFree.totalHeapBytesAllocated,1705030877020000000,1705030937034000000,0
FilePageCacheLockFree.totalPagesAllocated,1705030877020000000,1705030937034000000,2
FilePageCache.pageLoads,1705030877020000000,1705030937034000000,404
FilePageCacheLockFree.totalNativeBytesAllocated,1705030877020000000,1705030937034000000,16384
StorageLockContext.competingThreads.avg,1705030877020000000,1705030937034000000,0.03389830508474576
MappedFileStorage.storages,1705030877020000000,1705030937034000000,6
DirectByteBufferAllocator.reclaimed,1705030877020000000,1705030937034000000,3
FileChannelInterruptsRetryer.totalRetriedAttempts,1705030877020000000,1705030937034000000,0
DirectByteBufferAllocator.hits,1705030877020000000,1705030937034000000,3
FilePageCache.pageLoadsAboveSizeThreshold,1705030877020000000,1705030937034000000,0
FilePageCacheLockFree.totalPagesWriteMs,1705030877020000000,1705030937034000000,0
StreamlinedBlobStorage.recordsAllocated,1705030877020000000,1705030937034000000,26
FilePageCacheLockFree.totalPagesRequestsMs,1705030877020000000,1705030937034000000,4
StorageLockContext.competingThreads.90P,1705030877020000000,1705030937034000000,0
FilePageCache.maxCacheSizeInBytes,1705030877020000000,1705030937034000000,418398208
StreamlinedBlobStorage.recordsDeleted,1705030877020000000,1705030937034000000,0
FilePageCache.pageFastCacheHits,1705030877020000000,1705030937034000000,9348
FilePageCacheLockFree.totalPageAllocationsWaited,1705030877020000000,1705030937034000000,0
FilePageCache.maxRegisteredFiles,1705030877020000000,1705030937034000000,1102
StorageLockContext.competingThreads.max,1705030877020000000,1705030937034000000,4
FilePageCacheLockFree.totalPagesWritten,1705030877020000000,1705030937034000000,0
FilePageCacheLockFree.nativeBytesInUse,1705030877020000000,1705030937034000000,16384
FilePageCache.pageHits,1705030877020000000,1705030937034000000,0
FilePageCacheLockFree.totalPagesRequested,1705030877020000000,1705030937034000000,4
StreamlinedBlobStorage.totalLiveRecordsCapacityBytes,1705030877020000000,1705030937034000000,1876
FilePageCacheLockFree.totalBytesRead,1705030877020000000,1705030937034000000,982
StreamlinedBlobStorage.totalLiveRecordsPayloadBytes,1705030877020000000,1705030937034000000,341
MappedFileStorage.totalPagesMapped,1705030877020000000,1705030937034000000,6
StreamlinedBlobStorage.recordsRelocated,1705030877020000000,1705030937034000000,0
DirectByteBufferAllocator.totalSizeOfBuffersAllocatedInBytes,1705030877020000000,1705030937034000000,418414592
FilePageCacheLockFree.totalPagesHandedOver,1705030877020000000,1705030937034000000,0
MappedFileStorage.totalBytesMapped,1705030877020000000,1705030937034000000,98566144
FilePageCache.totalPageDisposalsUs,1705030877020000000,1705030937034000000,1636
FilePageCacheLockFree.housekeeperTurnsSkipped,1705030877020000000,1705030937034000000,47143
DirectByteBufferAllocator.totalSizeOfBuffersCachedInBytes,1705030877020000000,1705030937034000000,0
DirectByteBufferAllocator.disposed,1705030877020000000,1705030937034000000,0
FilePageCache.capacityInBytes,1705030877020000000,1705030937034000000,503316478
FilePageCacheLockFree.heapBytesInUse,1705030877020000000,1705030937034000000,0
FilePageCache.disposedBuffers,1705030877020000000,1705030937034000000,3
FlushQueue.queueSizeAvg,1705030937034000000,1705030997030000000,2.8829953198127924
FlushQueue.waitingTime90PNs,1705030937034000000,1705030997030000000,3817471
AWTEventQueue.dispatchTimeTotalNS,1705030937034000000,1705030997030000000,2561832516
FlushQueue.waitingTimeAvgNs,1705030937034000000,1705030997030000000,1921596.3088923558
FlushQueue.queueSizeMax,1705030937034000000,1705030997030000000,54
FlushQueue.queueSize90P,1705030937034000000,1705030997030000000,6
ReadAction.executionsCount,1705030937034000000,1705030997030000000,1358
AWTEventQueue.dispatchTime90PNs,1705030937034000000,1705030997030000000,372735
AWTEventQueue.dispatchTimeAvgNs,1705030937034000000,1705030997030000000,315204.0482224136
FlushQueue.executionTimeAvgNs,1705030937034000000,1705030997030000000,615315.0023400936
FlushQueue.waitingTimeMaxNs,1705030937034000000,1705030997030000000,337641471
AWTEventQueue.dispatchTimeMaxNs,1705030937034000000,1705030997030000000,337641471
WriteAction.executionsCount,1705030937034000000,1705030997030000000,1
FlushQueue.tasksExecuted,1705030937034000000,1705030997030000000,1282
FlushQueue.executionTimeMaxNs,1705030937034000000,1705030997030000000,419430399
FlushQueue.executionTime90PNs,1705030937034000000,1705030997030000000,159743
AWTEventQueue.eventsDispatched,1705030937034000000,1705030997030000000,8129
workspaceModel.moduleManagerBridge.new.nonPersistent.module.ms,1705030937034000000,1705030997030000000,0
jps.global.get.library.by.name.ms,1705030937034000000,1705030997030000000,0
workspaceModel.moduleManagerBridge.get.modules.ms,1705030937034000000,1705030997030000000,1
workspaceModel.global.updates.ms,1705030937034000000,1705030997030000000,0
workspaceModel.mutableEntityStorage.remove.entity.ms,1705030937034000000,1705030997030000000,0
jps.app.storage.content.reader.load.component.ms,1705030937034000000,1705030997030000000,1
jps.library.entities.serializer.load.entities.ms,1705030937034000000,1705030997030000000,0
workspaceModel.mutableEntityStorage.resolve.ms,1705030937034000000,1705030997030000000,0
workspaceModel.save.cache.to.file.ms,1705030937034000000,1705030997030000000,0
workspaceModel.mutableEntityStorage.referrers.ms,1705030937034000000,1705030997030000000,0
workspaceModel.mutableEntityStorage.add.entity.ms,1705030937034000000,1705030997030000000,0
jps.global.initialize.library.bridges.ms,1705030937034000000,1705030997030000000,0
workspaceModel.sync.entities.ms,1705030937034000000,1705030997030000000,0
workspaceModel.mutableEntityStorage.mutable.ext.mapping.ms,1705030937034000000,1705030997030000000,0
workspaceModel.moduleManagerBridge.set.unloadedModules.ms,1705030937034000000,1705030997030000000,0
workspaceModel.mutableEntityStorage.modify.entity.ms,1705030937034000000,1705030997030000000,0
workspaceModel.moduleManagerBridge.create.module.instance.ms,1705030937034000000,1705030997030000000,0
workspaceModel.mutableEntityStorage.entities.ms,1705030937034000000,1705030997030000000,0
workspaceModel.load.cache.from.file.ms,1705030937034000000,1705030997030000000,0
jps.global.get.library.ms,1705030937034000000,1705030997030000000,0
workspaceModel.mutableEntityStorage.add.diff.ms,1705030937034000000,1705030997030000000,0
workspaceModel.mutableEntityStorage.put.entity.ms,1705030937034000000,1705030997030000000,0
workspaceModel.global.updates.count,1705030937034000000,1705030997030000000,0
workspaceModel.global.apply.state.to.project.ms,1705030937034000000,1705030997030000000,0
jps.app.storage.content.writer.save.component.ms,1705030937034000000,1705030997030000000,0
workspaceModel.mutableEntityStorage.mutable.vfurl.index.ms,1705030937034000000,1705030997030000000,0
workspaceModel.moduleManagerBridge.load.module.ms,1705030937034000000,1705030997030000000,0
jps.global.get.libraries.ms,1705030937034000000,1705030997030000000,0
workspaceModel.mutableEntityStorage.replace.by.source.ms,1705030937034000000,1705030997030000000,0
workspaceModel.mutableEntityStorage.entities.by.source.ms,1705030937034000000,1705030997030000000,0
workspaceModel.moduleManagerBridge.newModule.ms,1705030937034000000,1705030997030000000,0
jps.global.handle.changed.events.ms,1705030937034000000,1705030997030000000,0
jps.global.handle.before.change.events.ms,1705030937034000000,1705030997030000000,0
jps.library.entities.serializer.save.entities.ms,1705030937034000000,1705030997030000000,0
jps.save.global.entities.ms,1705030937034000000,1705030997030000000,18
workspaceModel.load.cache.metadata.from.file.ms,1705030937034000000,1705030997030000000,0
workspaceModel.global.apply.state.to.project.builder.ms,1705030937034000000,1705030997030000000,0
workspaceModel.mutableEntityStorage.to.snapshot.ms,1705030937034000000,1705030997030000000,0
workspaceModel.moduleManagerBridge.build.module.graph.ms,1705030937034000000,1705030997030000000,0
jps.global.initialize.library.bridges.after.loading.ms,1705030937034000000,1705030997030000000,0
workspaceModel.moduleManagerBridge.load.all.modules.ms,1705030937034000000,1705030997030000000,0
workspaceModel.mutableEntityStorage.collect.changes.ms,1705030937034000000,1705030997030000000,0
jps.load.initial.state.ms,1705030937034000000,1705030997030000000,7
workspaceModel.mutableEntityStorage.has.same.entities.ms,1705030937034000000,1705030997030000000,0
FileNameCache.totalMisses,1705030937034000000,1705030997030000000,0
FileNameCache.queries,1705030937034000000,1705030997030000000,0
workspaceModel.update.unloaded.entities.ms,1705030937034000000,1705030997030000000,0
workspaceModel.loading.total.ms,1705030937034000000,1705030997030000000,17
workspaceModel.pre.handlers.ms,1705030937034000000,1705030997030000000,0
workspaceModel.initializing.ms,1705030937034000000,1705030997030000000,0
workspaceModel.check.recursive.update.ms,1705030937034000000,1705030997030000000,0
workspaceModel.updates.ms,1705030937034000000,1705030997030000000,0
workspaceModel.init.bridges.ms,1705030937034000000,1705030997030000000,0
workspaceModel.updates.count,1705030937034000000,1705030997030000000,0
workspaceModel.to.snapshot.ms,1705030937034000000,1705030997030000000,0
workspaceModel.updates.precise.ms,1705030937034000000,1705030997030000000,0
workspaceModel.loading.from.cache.ms,1705030937034000000,1705030997030000000,10
workspaceModel.replace.project.model.ms,1705030937034000000,1705030997030000000,0
workspaceModel.collect.changes.ms,1705030937034000000,1705030997030000000,0
IndexesFlusher.totalFlushesRetried,1705030937034000000,1705030997030000000,0
IndexesFlusher.totalFlushes,1705030937034000000,1705030997030000000,-37
IndexesFlusher.totalContentionQuotaSpent,1705030937034000000,1705030997030000000,0
IndexesFlusher.totalFlushingTimeUs,1705030937034000000,1705030997030000000,-248373
FilePageCacheLockFree.totalBytesRequested,1705030937034000000,1705030997030000000,0
DirectByteBufferAllocator.misses,1705030937034000000,1705030997030000000,356
FilePageCacheLockFree.totalHeapBytesReclaimed,1705030937034000000,1705030997030000000,0
FilePageCache.uncachedFileAccess,1705030937034000000,1705030997030000000,237
FilePageCacheLockFree.housekeeperTimeSpentMs,1705030937034000000,1705030997030000000,37
FilePageCacheLockFree.totalBytesWritten,1705030937034000000,1705030997030000000,0
MappedFileStorage.totalTimeSpentOnMappingUs,1705030937034000000,1705030997030000000,289
FilePageCacheLockFree.totalClosedStoragesReclaimed,1705030937034000000,1705030997030000000,0
FilePageCacheLockFree.housekeeperTurnsDone,1705030937034000000,1705030997030000000,120
FilePageCacheLockFree.totalNativeBytesReclaimed,1705030937034000000,1705030997030000000,0
FilePageCacheLockFree.totalPagesReadMs,1705030937034000000,1705030997030000000,0
FilePageCache.totalPageLoadsUs,1705030937034000000,1705030997030000000,60293
FilePageCacheLockFree.totalPagesReclaimed,1705030937034000000,1705030997030000000,0
FilePageCacheLockFree.totalHeapBytesAllocated,1705030937034000000,1705030997030000000,0
FilePageCacheLockFree.totalPagesAllocated,1705030937034000000,1705030997030000000,0
FilePageCache.pageLoads,1705030937034000000,1705030997030000000,399
FilePageCacheLockFree.totalNativeBytesAllocated,1705030937034000000,1705030997030000000,0
StorageLockContext.competingThreads.avg,1705030937034000000,1705030997030000000,0.0
MappedFileStorage.storages,1705030937034000000,1705030997030000000,6
DirectByteBufferAllocator.reclaimed,1705030937034000000,1705030997030000000,43
FileChannelInterruptsRetryer.totalRetriedAttempts,1705030937034000000,1705030997030000000,0
DirectByteBufferAllocator.hits,1705030937034000000,1705030997030000000,43
FilePageCache.pageLoadsAboveSizeThreshold,1705030937034000000,1705030997030000000,0
FilePageCacheLockFree.totalPagesWriteMs,1705030937034000000,1705030997030000000,0
StreamlinedBlobStorage.recordsAllocated,1705030937034000000,1705030997030000000,0
FilePageCacheLockFree.totalPagesRequestsMs,1705030937034000000,1705030997030000000,0
StorageLockContext.competingThreads.90P,1705030937034000000,1705030997030000000,0
FilePageCache.maxCacheSizeInBytes,1705030937034000000,1705030997030000000,418398208
StreamlinedBlobStorage.recordsDeleted,1705030937034000000,1705030997030000000,0
FilePageCache.pageFastCacheHits,1705030937034000000,1705030997030000000,8561
FilePageCacheLockFree.totalPageAllocationsWaited,1705030937034000000,1705030997030000000,0
FilePageCache.maxRegisteredFiles,1705030937034000000,1705030997030000000,1102
StorageLockContext.competingThreads.max,1705030937034000000,1705030997030000000,0
FilePageCacheLockFree.totalPagesWritten,1705030937034000000,1705030997030000000,0
FilePageCacheLockFree.nativeBytesInUse,1705030937034000000,1705030997030000000,16384
FilePageCache.pageHits,1705030937034000000,1705030997030000000,0
FilePageCacheLockFree.totalPagesRequested,1705030937034000000,1705030997030000000,0
StreamlinedBlobStorage.totalLiveRecordsCapacityBytes,1705030937034000000,1705030997030000000,0
FilePageCacheLockFree.totalBytesRead,1705030937034000000,1705030997030000000,0
StreamlinedBlobStorage.totalLiveRecordsPayloadBytes,1705030937034000000,1705030997030000000,0
MappedFileStorage.totalPagesMapped,1705030937034000000,1705030997030000000,6
StreamlinedBlobStorage.recordsRelocated,1705030937034000000,1705030997030000000,0
DirectByteBufferAllocator.totalSizeOfBuffersAllocatedInBytes,1705030937034000000,1705030997030000000,418414592
FilePageCacheLockFree.totalPagesHandedOver,1705030937034000000,1705030997030000000,0
MappedFileStorage.totalBytesMapped,1705030937034000000,1705030997030000000,98566144
FilePageCache.totalPageDisposalsUs,1705030937034000000,1705030997030000000,599
FilePageCacheLockFree.housekeeperTurnsSkipped,1705030937034000000,1705030997030000000,47403
DirectByteBufferAllocator.totalSizeOfBuffersCachedInBytes,1705030937034000000,1705030997030000000,0
DirectByteBufferAllocator.disposed,1705030937034000000,1705030997030000000,356
FilePageCache.capacityInBytes,1705030937034000000,1705030997030000000,503316478
FilePageCacheLockFree.heapBytesInUse,1705030937034000000,1705030997030000000,0
FilePageCache.disposedBuffers,1705030937034000000,1705030997030000000,399
NonBlockingReadAction.finalizedExecutionsCount,1705030997030000000,1705031057032000000,934
FlushQueue.queueSizeAvg,1705030997030000000,1705031057032000000,22.92694904849601
NonBlockingReadAction.finalizedExecutionTimeUs,1705030997030000000,1705031057032000000,13089282
FlushQueue.waitingTime90PNs,1705030997030000000,1705031057032000000,96468991
AWTEventQueue.dispatchTimeTotalNS,1705030997030000000,1705031057032000000,5308263338
NonBlockingReadAction.failedExecutionTimeUs,1705030997030000000,1705031057032000000,656549
FlushQueue.waitingTimeAvgNs,1705030997030000000,1705031057032000000,3.720241653744628E7
FlushQueue.queueSizeMax,1705030997030000000,1705031057032000000,177
FlushQueue.queueSize90P,1705030997030000000,1705031057032000000,98
ReadAction.executionsCount,1705030997030000000,1705031057032000000,164843
AWTEventQueue.dispatchTime90PNs,1705030997030000000,1705031057032000000,360447
AWTEventQueue.dispatchTimeAvgNs,1705030997030000000,1705031057032000000,376904.42411760526
NonBlockingReadAction.failedExecutionsCount,1705030997030000000,1705031057032000000,27
FlushQueue.executionTimeAvgNs,1705030997030000000,1705031057032000000,4705247.896869245
FlushQueue.waitingTimeMaxNs,1705030997030000000,1705031057032000000,541065215
AWTEventQueue.dispatchTimeMaxNs,1705030997030000000,1705031057032000000,289406975
WriteAction.executionsCount,1705030997030000000,1705031057032000000,188
FlushQueue.tasksExecuted,1705030997030000000,1705031057032000000,3258
FlushQueue.executionTimeMaxNs,1705030997030000000,1705031057032000000,12817793023
FlushQueue.executionTime90PNs,1705030997030000000,1705031057032000000,233471
AWTEventQueue.eventsDispatched,1705030997030000000,1705031057032000000,14081
workspaceModel.moduleBridge.before.changed.ms,1705030997030000000,1705031057032000000,0
workspaceModel.moduleManagerBridge.new.nonPersistent.module.ms,1705030997030000000,1705031057032000000,0
jps.global.get.library.by.name.ms,1705030997030000000,1705031057032000000,0
workspaceModel.moduleManagerBridge.get.modules.ms,1705030997030000000,1705031057032000000,1
workspaceModel.global.updates.ms,1705030997030000000,1705031057032000000,0
workspaceModel.mutableEntityStorage.remove.entity.ms,1705030997030000000,1705031057032000000,1
workspaceModel.mutableEntityStorage.resolve.ms,1705030997030000000,1705031057032000000,0
workspaceModel.orphan.listener.update.ms,1705030997030000000,1705031057032000000,1
workspaceModel.save.cache.to.file.ms,1705030997030000000,1705031057032000000,43
workspaceModel.mutableEntityStorage.referrers.ms,1705030997030000000,1705031057032000000,0
jps.global.initialize.library.bridges.ms,1705030997030000000,1705031057032000000,0
workspaceModel.sync.entities.ms,1705030997030000000,1705031057032000000,0
workspaceModel.mutableEntityStorage.mutable.ext.mapping.ms,1705030997030000000,1705031057032000000,1
workspaceModel.moduleManagerBridge.set.unloadedModules.ms,1705030997030000000,1705031057032000000,0
jps.apply.loaded.storage.ms,1705030997030000000,1705031057032000000,22
jps.app.storage.content.writer.save.component.ms,1705030997030000000,1705031057032000000,0
workspaceModel.moduleManagerBridge.newModule.ms,1705030997030000000,1705031057032000000,57
jps.storage.jps.conf.reader.load.component.ms,1705030997030000000,1705031057032000000,1
jps.global.handle.changed.events.ms,1705030997030000000,1705031057032000000,0
jps.library.entities.serializer.save.entities.ms,1705030997030000000,1705031057032000000,0
workspaceModel.load.cache.metadata.from.file.ms,1705030997030000000,1705031057032000000,0
jps.reload.project.entities.ms,1705030997030000000,1705031057032000000,0
workspaceModel.mutableEntityStorage.to.snapshot.ms,1705030997030000000,1705031057032000000,1
jps.modifiable.module.model.bridge.load.module.ms,1705030997030000000,1705031057032000000,0
workspaceModel.moduleManagerBridge.build.module.graph.ms,1705030997030000000,1705031057032000000,0
jps.global.initialize.library.bridges.after.loading.ms,1705030997030000000,1705031057032000000,0
jps.load.project.to.empty.storage.ms,1705030997030000000,1705031057032000000,14
workspaceModel.mutableEntityStorage.collect.changes.ms,1705030997030000000,1705031057032000000,1
jps.load.initial.state.ms,1705030997030000000,1705031057032000000,7
jps.project.serializers.save.ms,1705030997030000000,1705031057032000000,0
jps.artifact.entities.serializer.save.entities.ms,1705030997030000000,1705031057032000000,0
jps.facet.change.listener.before.change.events.ms,1705030997030000000,1705031057032000000,0
jps.artifact.entities.serializer.load.entities.ms,1705030997030000000,1705031057032000000,0
workspaceModel.moduleBridge.facet.initialization.ms,1705030997030000000,1705031057032000000,0
jps.app.storage.content.reader.load.component.ms,1705030997030000000,1705031057032000000,1
jps.library.entities.serializer.load.entities.ms,1705030997030000000,1705031057032000000,0
workspaceModel.delayed.project.synchronizer.sync.ms,1705030997030000000,1705031057032000000,0
workspaceModel.mutableEntityStorage.add.entity.ms,1705030997030000000,1705031057032000000,15
workspaceModel.mutableEntityStorage.modify.entity.ms,1705030997030000000,1705031057032000000,1
workspaceModel.moduleManagerBridge.create.module.instance.ms,1705030997030000000,1705031057032000000,20
jps.project.serializers.load.ms,1705030997030000000,1705031057032000000,1
jps.facet.change.listener.process.change.events.ms,1705030997030000000,1705031057032000000,0
workspaceModel.moduleBridgeLoader.loading.modules.ms,1705030997030000000,1705031057032000000,48
workspaceModel.mutableEntityStorage.entities.ms,1705030997030000000,1705031057032000000,0
workspaceModel.load.cache.from.file.ms,1705030997030000000,1705031057032000000,0
jps.global.get.library.ms,1705030997030000000,1705031057032000000,0
workspaceModel.mutableEntityStorage.add.diff.ms,1705030997030000000,1705031057032000000,5
jps.facet.change.listener.init.bridge.ms,1705030997030000000,1705031057032000000,1
workspaceModel.mutableEntityStorage.put.entity.ms,1705030997030000000,1705031057032000000,8
workspaceModel.global.updates.count,1705030997030000000,1705031057032000000,0
workspaceModel.global.apply.state.to.project.ms,1705030997030000000,1705031057032000000,0
jps.modifiable.module.model.bridge.new.module.ms,1705030997030000000,1705031057032000000,35
workspaceModel.mutableEntityStorage.mutable.vfurl.index.ms,1705030997030000000,1705031057032000000,0
workspaceModel.moduleManagerBridge.load.module.ms,1705030997030000000,1705031057032000000,0
jps.global.get.libraries.ms,1705030997030000000,1705031057032000000,0
workspaceModel.moduleBridge.update.option.ms,1705030997030000000,1705031057032000000,0
workspaceModel.mutableEntityStorage.replace.by.source.ms,1705030997030000000,1705031057032000000,2
workspaceModel.mutableEntityStorage.entities.by.source.ms,1705030997030000000,1705031057032000000,0
jps.save.changed.project.entities.ms,1705030997030000000,1705031057032000000,0
jps.modifiable.module.model.bridge.disposing.ms,1705030997030000000,1705031057032000000,0
jps.modifiable.module.model.bridge.renaming.ms,1705030997030000000,1705031057032000000,0
jps.global.handle.before.change.events.ms,1705030997030000000,1705031057032000000,0
jps.save.global.entities.ms,1705030997030000000,1705031057032000000,18
workspaceModel.global.apply.state.to.project.builder.ms,1705030997030000000,1705031057032000000,2
workspaceModel.moduleManagerBridge.load.all.modules.ms,1705030997030000000,1705031057032000000,3
workspaceModel.mutableEntityStorage.has.same.entities.ms,1705030997030000000,1705031057032000000,0
FileNameCache.totalMisses,1705030997030000000,1705031057032000000,23451
FileNameCache.queries,1705030997030000000,1705031057032000000,1422774
workspaceModel.update.unloaded.entities.ms,1705030997030000000,1705031057032000000,0
workspaceModel.loading.total.ms,1705030997030000000,1705031057032000000,17
workspaceModel.pre.handlers.ms,1705030997030000000,1705031057032000000,2
workspaceModel.initializing.ms,1705030997030000000,1705031057032000000,1
workspaceModel.check.recursive.update.ms,1705030997030000000,1705031057032000000,0
workspaceModel.updates.ms,1705030997030000000,1705031057032000000,58
workspaceModel.init.bridges.ms,1705030997030000000,1705031057032000000,1
workspaceModel.updates.count,1705030997030000000,1705031057032000000,5
workspaceModel.to.snapshot.ms,1705030997030000000,1705031057032000000,0
workspaceModel.updates.precise.ms,1705030997030000000,1705031057032000000,4
workspaceModel.loading.from.cache.ms,1705030997030000000,1705031057032000000,10
workspaceModel.replace.project.model.ms,1705030997030000000,1705031057032000000,0
workspaceModel.collect.changes.ms,1705030997030000000,1705031057032000000,0
JVM.threadCount,1705030997030000000,1705031057032000000,133
JVM.totalCpuTimeMs,1705030997030000000,1705031057032000000,113159
JVM.GC.collections,1705030997030000000,1705031057032000000,65
OS.loadAverage,1705030997030000000,1705031057032000000,2.82373046875
JVM.usedHeapBytes,1705030997030000000,1705031057032000000,694192640
JVM.maxHeapBytes,1705030997030000000,1705031057032000000,2147483648
JVM.totalBytesAllocated,1705030997030000000,1705031057032000000,5185133896
JVM.GC.collectionTimesMs,1705030997030000000,1705031057032000000,275
JVM.usedNativeBytes,1705030997030000000,1705031057032000000,506902896
JVM.maxNativeBytes,1705030997030000000,1705031057032000000,-1
Indexes.entries.lookupDuration90PMs,1705030997030000000,1705031057032000000,2.0
IndexesFlusher.totalFlushesRetried,1705030997030000000,1705031057032000000,0
Indexes.allKeys.lookupDurationAvgMs,1705030997030000000,1705031057032000000,0.0
Indexes.stubs.lookupDurationMaxMs,1705030997030000000,1705031057032000000,18.0
Indexes.entries.lookupDurationMaxMs,1705030997030000000,1705031057032000000,4.0
IndexesFlusher.totalContentionQuotaSpent,1705030997030000000,1705031057032000000,1
Indexes.entries.lookups,1705030997030000000,1705031057032000000,23.0
Indexes.stubs.lookupDurationAvgMs,1705030997030000000,1705031057032000000,1.5833333333333333
Indexes.allKeys.lookups,1705030997030000000,1705031057032000000,2.0
Indexes.stubs.lookupDuration90PMs,1705030997030000000,1705031057032000000,1.0
IndexesFlusher.totalFlushes,1705030997030000000,1705031057032000000,57
Indexes.allKeys.lookupDurationMaxMs,1705030997030000000,1705031057032000000,0.0
Indexes.entries.lookupDurationAvgMs,1705030997030000000,1705031057032000000,0.6956521739130435
Indexes.stubs.lookups,1705030997030000000,1705031057032000000,12.0
Indexes.allKeys.lookupDuration90PMs,1705030997030000000,1705031057032000000,0.0
IndexesFlusher.totalFlushingTimeUs,1705030997030000000,1705031057032000000,511043
FilePageCacheLockFree.totalBytesRequested,1705030997030000000,1705031057032000000,3481600
DirectByteBufferAllocator.misses,1705030997030000000,1705031057032000000,86
FilePageCacheLockFree.totalHeapBytesReclaimed,1705030997030000000,1705031057032000000,0
FilePageCache.uncachedFileAccess,1705030997030000000,1705031057032000000,364
FilePageCacheLockFree.housekeeperTimeSpentMs,1705030997030000000,1705031057032000000,42
FilePageCacheLockFree.totalBytesWritten,1705030997030000000,1705031057032000000,27149
MappedFileStorage.totalTimeSpentOnMappingUs,1705030997030000000,1705031057032000000,64503
FilePageCacheLockFree.totalClosedStoragesReclaimed,1705030997030000000,1705031057032000000,0
FilePageCacheLockFree.housekeeperTurnsDone,1705030997030000000,1705031057032000000,120
FilePageCacheLockFree.totalNativeBytesReclaimed,1705030997030000000,1705031057032000000,0
FilePageCacheLockFree.totalPagesReadMs,1705030997030000000,1705031057032000000,0
FilePageCache.totalPageLoadsUs,1705030997030000000,1705031057032000000,17588
FilePageCacheLockFree.totalPagesReclaimed,1705030997030000000,1705031057032000000,0
FilePageCacheLockFree.totalHeapBytesAllocated,1705030997030000000,1705031057032000000,0
FilePageCacheLockFree.totalPagesAllocated,1705030997030000000,1705031057032000000,3
FilePageCache.pageLoads,1705030997030000000,1705031057032000000,84
FilePageCacheLockFree.totalNativeBytesAllocated,1705030997030000000,1705031057032000000,24576
StorageLockContext.competingThreads.avg,1705030997030000000,1705031057032000000,0.0
MappedFileStorage.storages,1705030997030000000,1705031057032000000,13
DirectByteBufferAllocator.reclaimed,1705030997030000000,1705031057032000000,102
FileChannelInterruptsRetryer.totalRetriedAttempts,1705030997030000000,1705031057032000000,0
DirectByteBufferAllocator.hits,1705030997030000000,1705031057032000000,101
FilePageCache.pageLoadsAboveSizeThreshold,1705030997030000000,1705031057032000000,100
FilePageCacheLockFree.totalPagesWriteMs,1705030997030000000,1705031057032000000,1
StreamlinedBlobStorage.recordsAllocated,1705030997030000000,1705031057032000000,2779
FilePageCacheLockFree.totalPagesRequestsMs,1705030997030000000,1705031057032000000,1
StorageLockContext.competingThreads.90P,1705030997030000000,1705031057032000000,0
FilePageCache.maxCacheSizeInBytes,1705030997030000000,1705031057032000000,503324672
StreamlinedBlobStorage.recordsDeleted,1705030997030000000,1705031057032000000,20
FilePageCache.pageFastCacheHits,1705030997030000000,1705031057032000000,289707
FilePageCacheLockFree.totalPageAllocationsWaited,1705030997030000000,1705031057032000000,0
FilePageCache.maxRegisteredFiles,1705030997030000000,1705031057032000000,1234
StorageLockContext.competingThreads.max,1705030997030000000,1705031057032000000,0
FilePageCacheLockFree.totalPagesWritten,1705030997030000000,1705031057032000000,5
FilePageCacheLockFree.nativeBytesInUse,1705030997030000000,1705031057032000000,40960
FilePageCache.pageHits,1705030997030000000,1705031057032000000,0
FilePageCacheLockFree.totalPagesRequested,1705030997030000000,1705031057032000000,425
StreamlinedBlobStorage.totalLiveRecordsCapacityBytes,1705030997030000000,1705031057032000000,217891
FilePageCacheLockFree.totalBytesRead,1705030997030000000,1705031057032000000,0
StreamlinedBlobStorage.totalLiveRecordsPayloadBytes,1705030997030000000,1705031057032000000,66854
MappedFileStorage.totalPagesMapped,1705030997030000000,1705031057032000000,13
StreamlinedBlobStorage.recordsRelocated,1705030997030000000,1705031057032000000,0
DirectByteBufferAllocator.totalSizeOfBuffersAllocatedInBytes,1705030997030000000,1705031057032000000,503390208
FilePageCacheLockFree.totalPagesHandedOver,1705030997030000000,1705031057032000000,0
MappedFileStorage.totalBytesMapped,1705030997030000000,1705031057032000000,123994112
FilePageCache.totalPageDisposalsUs,1705030997030000000,1705031057032000000,41
FilePageCacheLockFree.housekeeperTurnsSkipped,1705030997030000000,1705031057032000000,47301
DirectByteBufferAllocator.totalSizeOfBuffersCachedInBytes,1705030997030000000,1705031057032000000,1048576
DirectByteBufferAllocator.disposed,1705030997030000000,1705031057032000000,0
FilePageCache.capacityInBytes,1705030997030000000,1705031057032000000,503316478
FilePageCacheLockFree.heapBytesInUse,1705030997030000000,1705031057032000000,0
FilePageCache.disposedBuffers,1705030997030000000,1705031057032000000,102
NonBlockingReadAction.finalizedExecutionsCount,1705031057032000000,1705031117031000000,474
FlushQueue.queueSizeAvg,1705031057032000000,1705031117031000000,0.4925887021475257
NonBlockingReadAction.finalizedExecutionTimeUs,1705031057032000000,1705031117031000000,74209
FlushQueue.waitingTime90PNs,1705031057032000000,1705031117031000000,274431
AWTEventQueue.dispatchTimeTotalNS,1705031057032000000,1705031117031000000,3605246710
NonBlockingReadAction.failedExecutionTimeUs,1705031057032000000,1705031117031000000,17571
FlushQueue.waitingTimeAvgNs,1705031057032000000,1705031117031000000,168119.1174136321
FlushQueue.queueSizeMax,1705031057032000000,1705031117031000000,51
FlushQueue.queueSize90P,1705031057032000000,1705031117031000000,1
ReadAction.executionsCount,1705031057032000000,1705031117031000000,291229
AWTEventQueue.dispatchTime90PNs,1705031057032000000,1705031117031000000,122367
AWTEventQueue.dispatchTimeAvgNs,1705031057032000000,1705031117031000000,84713.26198533559
NonBlockingReadAction.failedExecutionsCount,1705031057032000000,1705031117031000000,10
FlushQueue.executionTimeAvgNs,1705031057032000000,1705031117031000000,33500.57726423903
FlushQueue.waitingTimeMaxNs,1705031057032000000,1705031117031000000,38273023
AWTEventQueue.dispatchTimeMaxNs,1705031057032000000,1705031117031000000,40894463
WriteAction.executionsCount,1705031057032000000,1705031117031000000,17
FlushQueue.tasksExecuted,1705031057032000000,1705031117031000000,17136
FlushQueue.executionTimeMaxNs,1705031057032000000,1705031117031000000,25821183
FlushQueue.executionTime90PNs,1705031057032000000,1705031117031000000,27263
AWTEventQueue.eventsDispatched,1705031057032000000,1705031117031000000,42552
workspaceModel.moduleBridge.before.changed.ms,1705031057032000000,1705031117031000000,0
workspaceModel.moduleManagerBridge.new.nonPersistent.module.ms,1705031057032000000,1705031117031000000,0
jps.global.get.library.by.name.ms,1705031057032000000,1705031117031000000,0
workspaceModel.moduleManagerBridge.get.modules.ms,1705031057032000000,1705031117031000000,1
workspaceModel.global.updates.ms,1705031057032000000,1705031117031000000,0
workspaceModel.mutableEntityStorage.remove.entity.ms,1705031057032000000,1705031117031000000,1
workspaceModel.mutableEntityStorage.resolve.ms,1705031057032000000,1705031117031000000,0
workspaceModel.orphan.listener.update.ms,1705031057032000000,1705031117031000000,1
workspaceModel.save.cache.to.file.ms,1705031057032000000,1705031117031000000,43
workspaceModel.mutableEntityStorage.referrers.ms,1705031057032000000,1705031117031000000,0
jps.global.initialize.library.bridges.ms,1705031057032000000,1705031117031000000,0
workspaceModel.sync.entities.ms,1705031057032000000,1705031117031000000,0
workspaceModel.mutableEntityStorage.mutable.ext.mapping.ms,1705031057032000000,1705031117031000000,1
workspaceModel.moduleManagerBridge.set.unloadedModules.ms,1705031057032000000,1705031117031000000,0
jps.apply.loaded.storage.ms,1705031057032000000,1705031117031000000,22
jps.app.storage.content.writer.save.component.ms,1705031057032000000,1705031117031000000,0
workspaceModel.moduleManagerBridge.newModule.ms,1705031057032000000,1705031117031000000,57
jps.storage.jps.conf.reader.load.component.ms,1705031057032000000,1705031117031000000,1
jps.global.handle.changed.events.ms,1705031057032000000,1705031117031000000,0
jps.library.entities.serializer.save.entities.ms,1705031057032000000,1705031117031000000,0
workspaceModel.load.cache.metadata.from.file.ms,1705031057032000000,1705031117031000000,0
jps.reload.project.entities.ms,1705031057032000000,1705031117031000000,0
workspaceModel.mutableEntityStorage.to.snapshot.ms,1705031057032000000,1705031117031000000,1
jps.modifiable.module.model.bridge.load.module.ms,1705031057032000000,1705031117031000000,0
workspaceModel.moduleManagerBridge.build.module.graph.ms,1705031057032000000,1705031117031000000,0
jps.global.initialize.library.bridges.after.loading.ms,1705031057032000000,1705031117031000000,0
jps.load.project.to.empty.storage.ms,1705031057032000000,1705031117031000000,14
workspaceModel.mutableEntityStorage.collect.changes.ms,1705031057032000000,1705031117031000000,1
jps.load.initial.state.ms,1705031057032000000,1705031117031000000,7
jps.project.serializers.save.ms,1705031057032000000,1705031117031000000,0
jps.artifact.entities.serializer.save.entities.ms,1705031057032000000,1705031117031000000,0
jps.facet.change.listener.before.change.events.ms,1705031057032000000,1705031117031000000,0
jps.artifact.entities.serializer.load.entities.ms,1705031057032000000,1705031117031000000,0
workspaceModel.moduleBridge.facet.initialization.ms,1705031057032000000,1705031117031000000,0
jps.app.storage.content.reader.load.component.ms,1705031057032000000,1705031117031000000,1
jps.library.entities.serializer.load.entities.ms,1705031057032000000,1705031117031000000,0
workspaceModel.delayed.project.synchronizer.sync.ms,1705031057032000000,1705031117031000000,0
workspaceModel.mutableEntityStorage.add.entity.ms,1705031057032000000,1705031117031000000,15
workspaceModel.mutableEntityStorage.modify.entity.ms,1705031057032000000,1705031117031000000,1
workspaceModel.moduleManagerBridge.create.module.instance.ms,1705031057032000000,1705031117031000000,20
jps.project.serializers.load.ms,1705031057032000000,1705031117031000000,1
jps.facet.change.listener.process.change.events.ms,1705031057032000000,1705031117031000000,0
workspaceModel.moduleBridgeLoader.loading.modules.ms,1705031057032000000,1705031117031000000,48
workspaceModel.mutableEntityStorage.entities.ms,1705031057032000000,1705031117031000000,0
workspaceModel.load.cache.from.file.ms,1705031057032000000,1705031117031000000,0
jps.global.get.library.ms,1705031057032000000,1705031117031000000,0
workspaceModel.mutableEntityStorage.add.diff.ms,1705031057032000000,1705031117031000000,5
jps.facet.change.listener.init.bridge.ms,1705031057032000000,1705031117031000000,1
workspaceModel.mutableEntityStorage.put.entity.ms,1705031057032000000,1705031117031000000,8
workspaceModel.global.updates.count,1705031057032000000,1705031117031000000,0
workspaceModel.global.apply.state.to.project.ms,1705031057032000000,1705031117031000000,0
jps.modifiable.module.model.bridge.new.module.ms,1705031057032000000,1705031117031000000,35
workspaceModel.mutableEntityStorage.mutable.vfurl.index.ms,1705031057032000000,1705031117031000000,0
workspaceModel.moduleManagerBridge.load.module.ms,1705031057032000000,1705031117031000000,0
jps.global.get.libraries.ms,1705031057032000000,1705031117031000000,0
workspaceModel.moduleBridge.update.option.ms,1705031057032000000,1705031117031000000,0
workspaceModel.mutableEntityStorage.replace.by.source.ms,1705031057032000000,1705031117031000000,2
workspaceModel.mutableEntityStorage.entities.by.source.ms,1705031057032000000,1705031117031000000,0
jps.save.changed.project.entities.ms,1705031057032000000,1705031117031000000,0
jps.modifiable.module.model.bridge.disposing.ms,1705031057032000000,1705031117031000000,0
jps.modifiable.module.model.bridge.renaming.ms,1705031057032000000,1705031117031000000,0
jps.global.handle.before.change.events.ms,1705031057032000000,1705031117031000000,0
jps.save.global.entities.ms,1705031057032000000,1705031117031000000,18
workspaceModel.global.apply.state.to.project.builder.ms,1705031057032000000,1705031117031000000,2
workspaceModel.moduleManagerBridge.load.all.modules.ms,1705031057032000000,1705031117031000000,3
workspaceModel.mutableEntityStorage.has.same.entities.ms,1705031057032000000,1705031117031000000,0
FileNameCache.totalMisses,1705031057032000000,1705031117031000000,11
FileNameCache.queries,1705031057032000000,1705031117031000000,11512
workspaceModel.update.unloaded.entities.ms,1705031057032000000,1705031117031000000,0
workspaceModel.loading.total.ms,1705031057032000000,1705031117031000000,17
workspaceModel.pre.handlers.ms,1705031057032000000,1705031117031000000,2
workspaceModel.initializing.ms,1705031057032000000,1705031117031000000,1
workspaceModel.check.recursive.update.ms,1705031057032000000,1705031117031000000,0
workspaceModel.updates.ms,1705031057032000000,1705031117031000000,58
workspaceModel.init.bridges.ms,1705031057032000000,1705031117031000000,1
workspaceModel.updates.count,1705031057032000000,1705031117031000000,5
workspaceModel.to.snapshot.ms,1705031057032000000,1705031117031000000,0
workspaceModel.updates.precise.ms,1705031057032000000,1705031117031000000,4
workspaceModel.loading.from.cache.ms,1705031057032000000,1705031117031000000,10
workspaceModel.replace.project.model.ms,1705031057032000000,1705031117031000000,0
workspaceModel.collect.changes.ms,1705031057032000000,1705031117031000000,0
JVM.threadCount,1705031057032000000,1705031117031000000,114
JVM.totalCpuTimeMs,1705031057032000000,1705031117031000000,33680
JVM.GC.collections,1705031057032000000,1705031117031000000,12
OS.loadAverage,1705031057032000000,1705031117031000000,4.1796875
JVM.usedHeapBytes,1705031057032000000,1705031117031000000,457723744
JVM.maxHeapBytes,1705031057032000000,1705031117031000000,2147483648
JVM.totalBytesAllocated,1705031057032000000,1705031117031000000,1467131760
JVM.GC.collectionTimesMs,1705031057032000000,1705031117031000000,50
JVM.usedNativeBytes,1705031057032000000,1705031117031000000,576522016
JVM.maxNativeBytes,1705031057032000000,1705031117031000000,-1
Indexes.entries.lookupDuration90PMs,1705031057032000000,1705031117031000000,1.0
IndexesFlusher.totalFlushesRetried,1705031057032000000,1705031117031000000,0
Indexes.allKeys.lookupDurationAvgMs,1705031057032000000,1705031117031000000,0.0
Indexes.stubs.lookupDurationMaxMs,1705031057032000000,1705031117031000000,1.0
Indexes.entries.lookupDurationMaxMs,1705031057032000000,1705031117031000000,1.0
IndexesFlusher.totalContentionQuotaSpent,1705031057032000000,1705031117031000000,0
Indexes.entries.lookups,1705031057032000000,1705031117031000000,5.0
Indexes.stubs.lookupDurationAvgMs,1705031057032000000,1705031117031000000,0.3333333333333333
Indexes.allKeys.lookups,1705031057032000000,1705031117031000000,3.0
Indexes.stubs.lookupDuration90PMs,1705031057032000000,1705031117031000000,1.0
IndexesFlusher.totalFlushes,1705031057032000000,1705031117031000000,59
Indexes.allKeys.lookupDurationMaxMs,1705031057032000000,1705031117031000000,0.0
Indexes.entries.lookupDurationAvgMs,1705031057032000000,1705031117031000000,0.2
Indexes.stubs.lookups,1705031057032000000,1705031117031000000,3.0
Indexes.allKeys.lookupDuration90PMs,1705031057032000000,1705031117031000000,0.0
IndexesFlusher.totalFlushingTimeUs,1705031057032000000,1705031117031000000,236059
FilePageCacheLockFree.totalBytesRequested,1705031057032000000,1705031117031000000,409600
DirectByteBufferAllocator.misses,1705031057032000000,1705031117031000000,5
FilePageCacheLockFree.totalHeapBytesReclaimed,1705031057032000000,1705031117031000000,0
FilePageCache.uncachedFileAccess,1705031057032000000,1705031117031000000,7
FilePageCacheLockFree.housekeeperTimeSpentMs,1705031057032000000,1705031117031000000,28
FilePageCacheLockFree.totalBytesWritten,1705031057032000000,1705031117031000000,41071
MappedFileStorage.totalTimeSpentOnMappingUs,1705031057032000000,1705031117031000000,64503
FilePageCacheLockFree.totalClosedStoragesReclaimed,1705031057032000000,1705031117031000000,0
FilePageCacheLockFree.housekeeperTurnsDone,1705031057032000000,1705031117031000000,120
FilePageCacheLockFree.totalNativeBytesReclaimed,1705031057032000000,1705031117031000000,0
FilePageCacheLockFree.totalPagesReadMs,1705031057032000000,1705031117031000000,0
FilePageCache.totalPageLoadsUs,1705031057032000000,1705031117031000000,72
FilePageCacheLockFree.totalPagesReclaimed,1705031057032000000,1705031117031000000,0
FilePageCacheLockFree.totalHeapBytesAllocated,1705031057032000000,1705031117031000000,0
FilePageCacheLockFree.totalPagesAllocated,1705031057032000000,1705031117031000000,4
FilePageCache.pageLoads,1705031057032000000,1705031117031000000,1
FilePageCacheLockFree.totalNativeBytesAllocated,1705031057032000000,1705031117031000000,32768
StorageLockContext.competingThreads.avg,1705031057032000000,1705031117031000000,0.0
MappedFileStorage.storages,1705031057032000000,1705031117031000000,13
DirectByteBufferAllocator.reclaimed,1705031057032000000,1705031117031000000,0
FileChannelInterruptsRetryer.totalRetriedAttempts,1705031057032000000,1705031117031000000,0
DirectByteBufferAllocator.hits,1705031057032000000,1705031117031000000,0
FilePageCache.pageLoadsAboveSizeThreshold,1705031057032000000,1705031117031000000,0
FilePageCacheLockFree.totalPagesWriteMs,1705031057032000000,1705031117031000000,1
StreamlinedBlobStorage.recordsAllocated,1705031057032000000,1705031117031000000,77
FilePageCacheLockFree.totalPagesRequestsMs,1705031057032000000,1705031117031000000,0
StorageLockContext.competingThreads.90P,1705031057032000000,1705031117031000000,0
FilePageCache.maxCacheSizeInBytes,1705031057032000000,1705031117031000000,503324672
StreamlinedBlobStorage.recordsDeleted,1705031057032000000,1705031117031000000,4
FilePageCache.pageFastCacheHits,1705031057032000000,1705031117031000000,121
FilePageCacheLockFree.totalPageAllocationsWaited,1705031057032000000,1705031117031000000,0
FilePageCache.maxRegisteredFiles,1705031057032000000,1705031117031000000,1234
StorageLockContext.competingThreads.max,1705031057032000000,1705031117031000000,0
FilePageCacheLockFree.totalPagesWritten,1705031057032000000,1705031117031000000,8
FilePageCacheLockFree.nativeBytesInUse,1705031057032000000,1705031117031000000,73728
FilePageCache.pageHits,1705031057032000000,1705031117031000000,0
FilePageCacheLockFree.totalPagesRequested,1705031057032000000,1705031117031000000,50
StreamlinedBlobStorage.totalLiveRecordsCapacityBytes,1705031057032000000,1705031117031000000,5142
FilePageCacheLockFree.totalBytesRead,1705031057032000000,1705031117031000000,0
StreamlinedBlobStorage.totalLiveRecordsPayloadBytes,1705031057032000000,1705031117031000000,609
MappedFileStorage.totalPagesMapped,1705031057032000000,1705031117031000000,13
StreamlinedBlobStorage.recordsRelocated,1705031057032000000,1705031117031000000,0
DirectByteBufferAllocator.totalSizeOfBuffersAllocatedInBytes,1705031057032000000,1705031117031000000,503431168
FilePageCacheLockFree.totalPagesHandedOver,1705031057032000000,1705031117031000000,0
MappedFileStorage.totalBytesMapped,1705031057032000000,1705031117031000000,123994112
FilePageCache.totalPageDisposalsUs,1705031057032000000,1705031117031000000,0
FilePageCacheLockFree.housekeeperTurnsSkipped,1705031057032000000,1705031117031000000,47484
DirectByteBufferAllocator.totalSizeOfBuffersCachedInBytes,1705031057032000000,1705031117031000000,1048576
DirectByteBufferAllocator.disposed,1705031057032000000,1705031117031000000,0
FilePageCache.capacityInBytes,1705031057032000000,1705031117031000000,503316478
FilePageCacheLockFree.heapBytesInUse,1705031057032000000,1705031117031000000,0
FilePageCache.disposedBuffers,1705031057032000000,1705031117031000000,0
NonBlockingReadAction.finalizedExecutionsCount,1705031117031000000,1705031177030000000,53550
FlushQueue.queueSizeAvg,1705031117031000000,1705031177030000000,3.336693871019363
NonBlockingReadAction.finalizedExecutionTimeUs,1705031117031000000,1705031177030000000,13334481
FlushQueue.waitingTime90PNs,1705031117031000000,1705031177030000000,2179071
AWTEventQueue.dispatchTimeTotalNS,1705031117031000000,1705031177030000000,4235049831
NonBlockingReadAction.failedExecutionTimeUs,1705031117031000000,1705031177030000000,5772
FlushQueue.waitingTimeAvgNs,1705031117031000000,1705031177030000000,1429064.7079532726
FlushQueue.queueSizeMax,1705031117031000000,1705031177030000000,44
FlushQueue.queueSize90P,1705031117031000000,1705031177030000000,10
ReadAction.executionsCount,1705031117031000000,1705031177030000000,449707
AWTEventQueue.dispatchTime90PNs,1705031117031000000,1705031177030000000,250879
AWTEventQueue.dispatchTimeAvgNs,1705031117031000000,1705031177030000000,183820.83035249176
NonBlockingReadAction.failedExecutionsCount,1705031117031000000,1705031177030000000,5
FlushQueue.executionTimeAvgNs,1705031117031000000,1705031177030000000,158183.81325012003
FlushQueue.waitingTimeMaxNs,1705031117031000000,1705031177030000000,94371839
AWTEventQueue.dispatchTimeMaxNs,1705031117031000000,1705031177030000000,91226111
WriteAction.executionsCount,1705031117031000000,1705031177030000000,158
FlushQueue.tasksExecuted,1705031117031000000,1705031177030000000,6249
FlushQueue.executionTimeMaxNs,1705031117031000000,1705031177030000000,90701823
FlushQueue.executionTime90PNs,1705031117031000000,1705031177030000000,146431
AWTEventQueue.eventsDispatched,1705031117031000000,1705031177030000000,23036
workspaceModel.moduleBridge.before.changed.ms,1705031117031000000,1705031177030000000,0
workspaceModel.moduleManagerBridge.new.nonPersistent.module.ms,1705031117031000000,1705031177030000000,0
jps.global.get.library.by.name.ms,1705031117031000000,1705031177030000000,0
workspaceModel.moduleManagerBridge.get.modules.ms,1705031117031000000,1705031177030000000,1
workspaceModel.global.updates.ms,1705031117031000000,1705031177030000000,0
workspaceModel.mutableEntityStorage.remove.entity.ms,1705031117031000000,1705031177030000000,1
workspaceModel.mutableEntityStorage.resolve.ms,1705031117031000000,1705031177030000000,0
workspaceModel.orphan.listener.update.ms,1705031117031000000,1705031177030000000,2
workspaceModel.save.cache.to.file.ms,1705031117031000000,1705031177030000000,73
workspaceModel.mutableEntityStorage.referrers.ms,1705031117031000000,1705031177030000000,0
jps.global.initialize.library.bridges.ms,1705031117031000000,1705031177030000000,0
workspaceModel.sync.entities.ms,1705031117031000000,1705031177030000000,0
workspaceModel.mutableEntityStorage.mutable.ext.mapping.ms,1705031117031000000,1705031177030000000,1
workspaceModel.moduleManagerBridge.set.unloadedModules.ms,1705031117031000000,1705031177030000000,0
jps.apply.loaded.storage.ms,1705031117031000000,1705031177030000000,22
jps.app.storage.content.writer.save.component.ms,1705031117031000000,1705031177030000000,0
workspaceModel.moduleManagerBridge.newModule.ms,1705031117031000000,1705031177030000000,57
jps.storage.jps.conf.reader.load.component.ms,1705031117031000000,1705031177030000000,1
jps.global.handle.changed.events.ms,1705031117031000000,1705031177030000000,0
jps.library.entities.serializer.save.entities.ms,1705031117031000000,1705031177030000000,7
jps.module.iml.entities.serializer.save.entities.ms,1705031117031000000,1705031177030000000,12
workspaceModel.load.cache.metadata.from.file.ms,1705031117031000000,1705031177030000000,0
jps.reload.project.entities.ms,1705031117031000000,1705031177030000000,0
workspaceModel.mutableEntityStorage.to.snapshot.ms,1705031117031000000,1705031177030000000,1
jps.modifiable.module.model.bridge.load.module.ms,1705031117031000000,1705031177030000000,0
workspaceModel.moduleManagerBridge.build.module.graph.ms,1705031117031000000,1705031177030000000,2
jps.global.initialize.library.bridges.after.loading.ms,1705031117031000000,1705031177030000000,0
jps.load.project.to.empty.storage.ms,1705031117031000000,1705031177030000000,14
workspaceModel.mutableEntityStorage.collect.changes.ms,1705031117031000000,1705031177030000000,3
jps.load.initial.state.ms,1705031117031000000,1705031177030000000,7
jps.project.serializers.save.ms,1705031117031000000,1705031177030000000,27
jps.artifact.entities.serializer.save.entities.ms,1705031117031000000,1705031177030000000,0
jps.facet.change.listener.before.change.events.ms,1705031117031000000,1705031177030000000,1
jps.artifact.entities.serializer.load.entities.ms,1705031117031000000,1705031177030000000,0
workspaceModel.moduleBridge.facet.initialization.ms,1705031117031000000,1705031177030000000,0
jps.app.storage.content.reader.load.component.ms,1705031117031000000,1705031177030000000,1
jps.library.entities.serializer.load.entities.ms,1705031117031000000,1705031177030000000,0
workspaceModel.delayed.project.synchronizer.sync.ms,1705031117031000000,1705031177030000000,0
workspaceModel.mutableEntityStorage.add.entity.ms,1705031117031000000,1705031177030000000,16
workspaceModel.mutableEntityStorage.modify.entity.ms,1705031117031000000,1705031177030000000,14
workspaceModel.moduleManagerBridge.create.module.instance.ms,1705031117031000000,1705031177030000000,28
jps.project.serializers.load.ms,1705031117031000000,1705031177030000000,1
jps.facet.change.listener.process.change.events.ms,1705031117031000000,1705031177030000000,1
workspaceModel.moduleBridgeLoader.loading.modules.ms,1705031117031000000,1705031177030000000,48
workspaceModel.mutableEntityStorage.entities.ms,1705031117031000000,1705031177030000000,0
workspaceModel.load.cache.from.file.ms,1705031117031000000,1705031177030000000,0
jps.global.get.library.ms,1705031117031000000,1705031177030000000,0
workspaceModel.mutableEntityStorage.add.diff.ms,1705031117031000000,1705031177030000000,10
jps.facet.change.listener.init.bridge.ms,1705031117031000000,1705031177030000000,1
workspaceModel.mutableEntityStorage.put.entity.ms,1705031117031000000,1705031177030000000,9
jps.module.iml.entities.serializer.load.entities.ms,1705031117031000000,1705031177030000000,0
workspaceModel.global.updates.count,1705031117031000000,1705031177030000000,0
workspaceModel.global.apply.state.to.project.ms,1705031117031000000,1705031177030000000,0
jps.modifiable.module.model.bridge.new.module.ms,1705031117031000000,1705031177030000000,44
workspaceModel.mutableEntityStorage.mutable.vfurl.index.ms,1705031117031000000,1705031177030000000,0
workspaceModel.moduleManagerBridge.load.module.ms,1705031117031000000,1705031177030000000,0
jps.global.get.libraries.ms,1705031117031000000,1705031177030000000,0
workspaceModel.moduleBridge.update.option.ms,1705031117031000000,1705031177030000000,1
workspaceModel.mutableEntityStorage.replace.by.source.ms,1705031117031000000,1705031177030000000,2
workspaceModel.mutableEntityStorage.entities.by.source.ms,1705031117031000000,1705031177030000000,1
jps.save.changed.project.entities.ms,1705031117031000000,1705031177030000000,27
jps.modifiable.module.model.bridge.disposing.ms,1705031117031000000,1705031177030000000,0
jps.modifiable.module.model.bridge.renaming.ms,1705031117031000000,1705031177030000000,0
jps.global.handle.before.change.events.ms,1705031117031000000,1705031177030000000,0
jps.save.global.entities.ms,1705031117031000000,1705031177030000000,19
workspaceModel.global.apply.state.to.project.builder.ms,1705031117031000000,1705031177030000000,2
workspaceModel.moduleManagerBridge.load.all.modules.ms,1705031117031000000,1705031177030000000,3
workspaceModel.mutableEntityStorage.has.same.entities.ms,1705031117031000000,1705031177030000000,0
FileNameCache.totalMisses,1705031117031000000,1705031177030000000,66805
FileNameCache.queries,1705031117031000000,1705031177030000000,5278516
workspaceModel.update.unloaded.entities.ms,1705031117031000000,1705031177030000000,0
workspaceModel.loading.total.ms,1705031117031000000,1705031177030000000,17
workspaceModel.pre.handlers.ms,1705031117031000000,1705031177030000000,3
workspaceModel.initializing.ms,1705031117031000000,1705031177030000000,1
workspaceModel.check.recursive.update.ms,1705031117031000000,1705031177030000000,0
workspaceModel.updates.ms,1705031117031000000,1705031177030000000,89
workspaceModel.init.bridges.ms,1705031117031000000,1705031177030000000,1
workspaceModel.updates.count,1705031117031000000,1705031177030000000,10
workspaceModel.to.snapshot.ms,1705031117031000000,1705031177030000000,0
workspaceModel.updates.precise.ms,1705031117031000000,1705031177030000000,9
workspaceModel.loading.from.cache.ms,1705031117031000000,1705031177030000000,10
workspaceModel.replace.project.model.ms,1705031117031000000,1705031177030000000,0
workspaceModel.collect.changes.ms,1705031117031000000,1705031177030000000,1
JVM.threadCount,1705031117031000000,1705031177030000000,152
JVM.totalCpuTimeMs,1705031117031000000,1705031177030000000,87799
JVM.GC.collections,1705031117031000000,1705031177030000000,27
OS.loadAverage,1705031117031000000,1705031177030000000,3.09912109375
JVM.usedHeapBytes,1705031117031000000,1705031177030000000,932497488
JVM.maxHeapBytes,1705031117031000000,1705031177030000000,2147483648
JVM.totalBytesAllocated,1705031117031000000,1705031177030000000,8412289856
JVM.GC.collectionTimesMs,1705031117031000000,1705031177030000000,192
JVM.usedNativeBytes,1705031117031000000,1705031177030000000,739989416
JVM.maxNativeBytes,1705031117031000000,1705031177030000000,-1
Indexes.entries.lookupDuration90PMs,1705031117031000000,1705031177030000000,0.0
IndexesFlusher.totalFlushesRetried,1705031117031000000,1705031177030000000,0
Indexes.allKeys.lookupDurationAvgMs,1705031117031000000,1705031177030000000,5.25
Indexes.stubs.lookupDurationMaxMs,1705031117031000000,1705031177030000000,27.0
Indexes.entries.lookupDurationMaxMs,1705031117031000000,1705031177030000000,17.0
IndexesFlusher.totalContentionQuotaSpent,1705031117031000000,1705031177030000000,1
Indexes.entries.lookups,1705031117031000000,1705031177030000000,2884.0
Indexes.stubs.lookupDurationAvgMs,1705031117031000000,1705031177030000000,0.05019230769230769
Indexes.allKeys.lookups,1705031117031000000,1705031177030000000,8.0
Indexes.stubs.lookupDuration90PMs,1705031117031000000,1705031177030000000,0.0
IndexesFlusher.totalFlushes,1705031117031000000,1705031177030000000,103
Indexes.allKeys.lookupDurationMaxMs,1705031117031000000,1705031177030000000,27.0
Indexes.entries.lookupDurationAvgMs,1705031117031000000,1705031177030000000,0.04403606102635229
Indexes.stubs.lookups,1705031117031000000,1705031177030000000,5200.0
Indexes.allKeys.lookupDuration90PMs,1705031117031000000,1705031177030000000,27.0
IndexesFlusher.totalFlushingTimeUs,1705031117031000000,1705031177030000000,469534
FilePageCacheLockFree.totalBytesRequested,1705031117031000000,1705031177030000000,23175168
DirectByteBufferAllocator.misses,1705031117031000000,1705031177030000000,32
FilePageCacheLockFree.totalHeapBytesReclaimed,1705031117031000000,1705031177030000000,0
FilePageCache.uncachedFileAccess,1705031117031000000,1705031177030000000,913
FilePageCacheLockFree.housekeeperTimeSpentMs,1705031117031000000,1705031177030000000,39
FilePageCacheLockFree.totalBytesWritten,1705031117031000000,1705031177030000000,270793
MappedFileStorage.totalTimeSpentOnMappingUs,1705031117031000000,1705031177030000000,115821
FilePageCacheLockFree.totalClosedStoragesReclaimed,1705031117031000000,1705031177030000000,0
FilePageCacheLockFree.housekeeperTurnsDone,1705031117031000000,1705031177030000000,119
FilePageCacheLockFree.totalNativeBytesReclaimed,1705031117031000000,1705031177030000000,0
FilePageCacheLockFree.totalPagesReadMs,1705031117031000000,1705031177030000000,1
FilePageCache.totalPageLoadsUs,1705031117031000000,1705031177030000000,51779
FilePageCacheLockFree.totalPagesReclaimed,1705031117031000000,1705031177030000000,0
FilePageCacheLockFree.totalHeapBytesAllocated,1705031117031000000,1705031177030000000,0
FilePageCacheLockFree.totalPagesAllocated,1705031117031000000,1705031177030000000,31
FilePageCache.pageLoads,1705031117031000000,1705031177030000000,4
FilePageCacheLockFree.totalNativeBytesAllocated,1705031117031000000,1705031177030000000,253952
StorageLockContext.competingThreads.avg,1705031117031000000,1705031177030000000,0.07563025210084033
MappedFileStorage.storages,1705031117031000000,1705031177030000000,17
DirectByteBufferAllocator.reclaimed,1705031117031000000,1705031177030000000,281
FileChannelInterruptsRetryer.totalRetriedAttempts,1705031117031000000,1705031177030000000,0
DirectByteBufferAllocator.hits,1705031117031000000,1705031177030000000,281
FilePageCache.pageLoadsAboveSizeThreshold,1705031117031000000,1705031177030000000,278
FilePageCacheLockFree.totalPagesWriteMs,1705031117031000000,1705031177030000000,2
StreamlinedBlobStorage.recordsAllocated,1705031117031000000,1705031177030000000,81956
FilePageCacheLockFree.totalPagesRequestsMs,1705031117031000000,1705031177030000000,2
StorageLockContext.competingThreads.90P,1705031117031000000,1705031177030000000,0
FilePageCache.maxCacheSizeInBytes,1705031117031000000,1705031177030000000,503324672
StreamlinedBlobStorage.recordsDeleted,1705031117031000000,1705031177030000000,78
FilePageCache.pageFastCacheHits,1705031117031000000,1705031177030000000,2089281
FilePageCacheLockFree.totalPageAllocationsWaited,1705031117031000000,1705031177030000000,0
FilePageCache.maxRegisteredFiles,1705031117031000000,1705031177030000000,1282
StorageLockContext.competingThreads.max,1705031117031000000,1705031177030000000,3
FilePageCacheLockFree.totalPagesWritten,1705031117031000000,1705031177030000000,38
FilePageCacheLockFree.nativeBytesInUse,1705031117031000000,1705031177030000000,327680
FilePageCache.pageHits,1705031117031000000,1705031177030000000,3
FilePageCacheLockFree.totalPagesRequested,1705031117031000000,1705031177030000000,2829
StreamlinedBlobStorage.totalLiveRecordsCapacityBytes,1705031117031000000,1705031177030000000,7537386
FilePageCacheLockFree.totalBytesRead,1705031117031000000,1705031177030000000,0
StreamlinedBlobStorage.totalLiveRecordsPayloadBytes,1705031117031000000,1705031177030000000,3894243
MappedFileStorage.totalPagesMapped,1705031117031000000,1705031177030000000,17
StreamlinedBlobStorage.recordsRelocated,1705031117031000000,1705031177030000000,0
DirectByteBufferAllocator.totalSizeOfBuffersAllocatedInBytes,1705031117031000000,1705031177030000000,503693312
FilePageCacheLockFree.totalPagesHandedOver,1705031117031000000,1705031177030000000,0
MappedFileStorage.totalBytesMapped,1705031117031000000,1705031177030000000,140771328
FilePageCache.totalPageDisposalsUs,1705031117031000000,1705031177030000000,10
FilePageCacheLockFree.housekeeperTurnsSkipped,1705031117031000000,1705031177030000000,47176
DirectByteBufferAllocator.totalSizeOfBuffersCachedInBytes,1705031117031000000,1705031177030000000,1048576
DirectByteBufferAllocator.disposed,1705031117031000000,1705031177030000000,0
FilePageCache.capacityInBytes,1705031117031000000,1705031177030000000,503316478
FilePageCacheLockFree.heapBytesInUse,1705031117031000000,1705031177030000000,0
FilePageCache.disposedBuffers,1705031117031000000,1705031177030000000,281
NonBlockingReadAction.finalizedExecutionsCount,1705031177030000000,1705031219459000000,2503
NonBlockingReadAction.finalizedExecutionTimeUs,1705031177030000000,1705031219459000000,869253
AWTEventQueue.dispatchTimeTotalNS,1705031177030000000,1705031219459000000,3982931488
NonBlockingReadAction.failedExecutionTimeUs,1705031177030000000,1705031219459000000,2684
NonBlockingReadAction.failedExecutionsCount,1705031177030000000,1705031219459000000,8
workspaceModel.moduleBridge.before.changed.ms,1705031177030000000,1705031219459000000,0
workspaceModel.moduleManagerBridge.new.nonPersistent.module.ms,1705031177030000000,1705031219459000000,0
jps.global.get.library.by.name.ms,1705031177030000000,1705031219459000000,0
workspaceModel.moduleManagerBridge.get.modules.ms,1705031177030000000,1705031219459000000,1
workspaceModel.global.updates.ms,1705031177030000000,1705031219459000000,0
workspaceModel.mutableEntityStorage.remove.entity.ms,1705031177030000000,1705031219459000000,1
workspaceModel.mutableEntityStorage.resolve.ms,1705031177030000000,1705031219459000000,0
workspaceModel.orphan.listener.update.ms,1705031177030000000,1705031219459000000,2
workspaceModel.save.cache.to.file.ms,1705031177030000000,1705031219459000000,73
workspaceModel.mutableEntityStorage.referrers.ms,1705031177030000000,1705031219459000000,0
jps.global.initialize.library.bridges.ms,1705031177030000000,1705031219459000000,0
workspaceModel.sync.entities.ms,1705031177030000000,1705031219459000000,0
workspaceModel.mutableEntityStorage.mutable.ext.mapping.ms,1705031177030000000,1705031219459000000,1
workspaceModel.moduleManagerBridge.set.unloadedModules.ms,1705031177030000000,1705031219459000000,0
jps.apply.loaded.storage.ms,1705031177030000000,1705031219459000000,22
jps.app.storage.content.writer.save.component.ms,1705031177030000000,1705031219459000000,0
workspaceModel.moduleManagerBridge.newModule.ms,1705031177030000000,1705031219459000000,57
jps.storage.jps.conf.reader.load.component.ms,1705031177030000000,1705031219459000000,1
jps.global.handle.changed.events.ms,1705031177030000000,1705031219459000000,0
jps.library.entities.serializer.save.entities.ms,1705031177030000000,1705031219459000000,7
jps.module.iml.entities.serializer.save.entities.ms,1705031177030000000,1705031219459000000,12
workspaceModel.load.cache.metadata.from.file.ms,1705031177030000000,1705031219459000000,0
jps.reload.project.entities.ms,1705031177030000000,1705031219459000000,0
workspaceModel.mutableEntityStorage.to.snapshot.ms,1705031177030000000,1705031219459000000,1
jps.modifiable.module.model.bridge.load.module.ms,1705031177030000000,1705031219459000000,0
workspaceModel.moduleManagerBridge.build.module.graph.ms,1705031177030000000,1705031219459000000,2
jps.global.initialize.library.bridges.after.loading.ms,1705031177030000000,1705031219459000000,0
jps.load.project.to.empty.storage.ms,1705031177030000000,1705031219459000000,14
workspaceModel.mutableEntityStorage.collect.changes.ms,1705031177030000000,1705031219459000000,3
jps.load.initial.state.ms,1705031177030000000,1705031219459000000,7
jps.project.serializers.save.ms,1705031177030000000,1705031219459000000,27
jps.artifact.entities.serializer.save.entities.ms,1705031177030000000,1705031219459000000,0
jps.facet.change.listener.before.change.events.ms,1705031177030000000,1705031219459000000,1
jps.artifact.entities.serializer.load.entities.ms,1705031177030000000,1705031219459000000,0
workspaceModel.moduleBridge.facet.initialization.ms,1705031177030000000,1705031219459000000,0
jps.app.storage.content.reader.load.component.ms,1705031177030000000,1705031219459000000,1
jps.library.entities.serializer.load.entities.ms,1705031177030000000,1705031219459000000,0
workspaceModel.delayed.project.synchronizer.sync.ms,1705031177030000000,1705031219459000000,0
workspaceModel.mutableEntityStorage.add.entity.ms,1705031177030000000,1705031219459000000,16
workspaceModel.mutableEntityStorage.modify.entity.ms,1705031177030000000,1705031219459000000,14
workspaceModel.moduleManagerBridge.create.module.instance.ms,1705031177030000000,1705031219459000000,28
jps.project.serializers.load.ms,1705031177030000000,1705031219459000000,1
jps.facet.change.listener.process.change.events.ms,1705031177030000000,1705031219459000000,1
workspaceModel.moduleBridgeLoader.loading.modules.ms,1705031177030000000,1705031219459000000,48
workspaceModel.mutableEntityStorage.entities.ms,1705031177030000000,1705031219459000000,0
workspaceModel.load.cache.from.file.ms,1705031177030000000,1705031219459000000,0
jps.global.get.library.ms,1705031177030000000,1705031219459000000,0
workspaceModel.mutableEntityStorage.add.diff.ms,1705031177030000000,1705031219459000000,10
jps.facet.change.listener.init.bridge.ms,1705031177030000000,1705031219459000000,1
workspaceModel.mutableEntityStorage.put.entity.ms,1705031177030000000,1705031219459000000,9
jps.module.iml.entities.serializer.load.entities.ms,1705031177030000000,1705031219459000000,0
workspaceModel.global.updates.count,1705031177030000000,1705031219459000000,0
workspaceModel.global.apply.state.to.project.ms,1705031177030000000,1705031219459000000,0
jps.modifiable.module.model.bridge.new.module.ms,1705031177030000000,1705031219459000000,44
workspaceModel.mutableEntityStorage.mutable.vfurl.index.ms,1705031177030000000,1705031219459000000,0
workspaceModel.moduleManagerBridge.load.module.ms,1705031177030000000,1705031219459000000,0
jps.global.get.libraries.ms,1705031177030000000,1705031219459000000,0
workspaceModel.moduleBridge.update.option.ms,1705031177030000000,1705031219459000000,1
workspaceModel.mutableEntityStorage.replace.by.source.ms,1705031177030000000,1705031219459000000,2
workspaceModel.mutableEntityStorage.entities.by.source.ms,1705031177030000000,1705031219459000000,1
jps.save.changed.project.entities.ms,1705031177030000000,1705031219459000000,27
jps.modifiable.module.model.bridge.disposing.ms,1705031177030000000,1705031219459000000,0
jps.modifiable.module.model.bridge.renaming.ms,1705031177030000000,1705031219459000000,0
jps.global.handle.before.change.events.ms,1705031177030000000,1705031219459000000,0
jps.save.global.entities.ms,1705031177030000000,1705031219459000000,20
workspaceModel.global.apply.state.to.project.builder.ms,1705031177030000000,1705031219459000000,2
workspaceModel.moduleManagerBridge.load.all.modules.ms,1705031177030000000,1705031219459000000,3
workspaceModel.mutableEntityStorage.has.same.entities.ms,1705031177030000000,1705031219459000000,0
workspaceModel.update.unloaded.entities.ms,1705031177030000000,1705031219459000000,0
workspaceModel.loading.total.ms,1705031177030000000,1705031219459000000,17
workspaceModel.pre.handlers.ms,1705031177030000000,1705031219459000000,3
workspaceModel.initializing.ms,1705031177030000000,1705031219459000000,1
workspaceModel.check.recursive.update.ms,1705031177030000000,1705031219459000000,0
workspaceModel.updates.ms,1705031177030000000,1705031219459000000,89
workspaceModel.init.bridges.ms,1705031177030000000,1705031219459000000,1
workspaceModel.updates.count,1705031177030000000,1705031219459000000,10
workspaceModel.to.snapshot.ms,1705031177030000000,1705031219459000000,0
workspaceModel.updates.precise.ms,1705031177030000000,1705031219459000000,9
workspaceModel.loading.from.cache.ms,1705031177030000000,1705031219459000000,10
workspaceModel.replace.project.model.ms,1705031177030000000,1705031219459000000,0
workspaceModel.collect.changes.ms,1705031177030000000,1705031219459000000,1
Indexes.entries.lookupDuration90PMs,1705031177030000000,1705031219459000000,0.0
Indexes.allKeys.lookupDurationAvgMs,1705031177030000000,1705031219459000000,0.0
Indexes.stubs.lookupDurationMaxMs,1705031177030000000,1705031219459000000,10.0
Indexes.entries.lookupDurationMaxMs,1705031177030000000,1705031219459000000,10.0
Indexes.entries.lookups,1705031177030000000,1705031219459000000,2621.0
Indexes.stubs.lookupDurationAvgMs,1705031177030000000,1705031219459000000,0.03354838709677419
Indexes.allKeys.lookups,1705031177030000000,1705031219459000000,3.0
Indexes.stubs.lookupDuration90PMs,1705031177030000000,1705031219459000000,0.0
Indexes.allKeys.lookupDurationMaxMs,1705031177030000000,1705031219459000000,0.0
Indexes.entries.lookupDurationAvgMs,1705031177030000000,1705031219459000000,0.029378099961846624
Indexes.stubs.lookups,1705031177030000000,1705031219459000000,4650.0
Indexes.allKeys.lookupDuration90PMs,1705031177030000000,1705031219459000000,0.0
FilePageCacheLockFree.totalBytesRequested,1705031177030000000,1705031219459000000,12812288
DirectByteBufferAllocator.misses,1705031177030000000,1705031219459000000,19
FilePageCacheLockFree.totalHeapBytesReclaimed,1705031177030000000,1705031219459000000,0
FilePageCache.uncachedFileAccess,1705031177030000000,1705031219459000000,32
FilePageCacheLockFree.housekeeperTimeSpentMs,1705031177030000000,1705031219459000000,19
FilePageCacheLockFree.totalBytesWritten,1705031177030000000,1705031219459000000,179845
FilePageCacheLockFree.totalClosedStoragesReclaimed,1705031177030000000,1705031219459000000,2
FilePageCacheLockFree.housekeeperTurnsDone,1705031177030000000,1705031219459000000,87
FilePageCacheLockFree.totalNativeBytesReclaimed,1705031177030000000,1705031219459000000,483328
FilePageCacheLockFree.totalPagesReadMs,1705031177030000000,1705031219459000000,0
FilePageCache.totalPageLoadsUs,1705031177030000000,1705031219459000000,792
FilePageCacheLockFree.totalPagesReclaimed,1705031177030000000,1705031219459000000,59
FilePageCacheLockFree.totalHeapBytesAllocated,1705031177030000000,1705031219459000000,0
FilePageCacheLockFree.totalPagesAllocated,1705031177030000000,1705031219459000000,19
FilePageCache.pageLoads,1705031177030000000,1705031219459000000,4
FilePageCacheLockFree.totalNativeBytesAllocated,1705031177030000000,1705031219459000000,155648
StorageLockContext.competingThreads.avg,1705031177030000000,1705031219459000000,0.0
DirectByteBufferAllocator.reclaimed,1705031177030000000,1705031219459000000,83
FileChannelInterruptsRetryer.totalRetriedAttempts,1705031177030000000,1705031219459000000,0
DirectByteBufferAllocator.hits,1705031177030000000,1705031219459000000,4
FilePageCache.pageLoadsAboveSizeThreshold,1705031177030000000,1705031219459000000,0
FilePageCacheLockFree.totalPagesWriteMs,1705031177030000000,1705031219459000000,3
FilePageCacheLockFree.totalPagesRequestsMs,1705031177030000000,1705031219459000000,1
StorageLockContext.competingThreads.90P,1705031177030000000,1705031219459000000,0
FilePageCache.maxCacheSizeInBytes,1705031177030000000,1705031219459000000,503324672
FilePageCache.pageFastCacheHits,1705031177030000000,1705031219459000000,9629
FilePageCacheLockFree.totalPageAllocationsWaited,1705031177030000000,1705031219459000000,0
FilePageCache.maxRegisteredFiles,1705031177030000000,1705031219459000000,1282
StorageLockContext.competingThreads.max,1705031177030000000,1705031219459000000,0
FilePageCacheLockFree.totalPagesWritten,1705031177030000000,1705031219459000000,28
FilePageCacheLockFree.nativeBytesInUse,1705031177030000000,1705031219459000000,0
FilePageCache.pageHits,1705031177030000000,1705031219459000000,0
FilePageCacheLockFree.totalPagesRequested,1705031177030000000,1705031219459000000,1564
FilePageCacheLockFree.totalBytesRead,1705031177030000000,1705031219459000000,0
DirectByteBufferAllocator.totalSizeOfBuffersAllocatedInBytes,1705031177030000000,1705031219459000000,42270720
FilePageCacheLockFree.totalPagesHandedOver,1705031177030000000,1705031219459000000,0
FilePageCache.totalPageDisposalsUs,1705031177030000000,1705031219459000000,0
FilePageCacheLockFree.housekeeperTurnsSkipped,1705031177030000000,1705031219459000000,33441
DirectByteBufferAllocator.totalSizeOfBuffersCachedInBytes,1705031177030000000,1705031219459000000,42270720
DirectByteBufferAllocator.disposed,1705031177030000000,1705031219459000000,465
FilePageCache.capacityInBytes,1705031177030000000,1705031219459000000,503316478
FilePageCacheLockFree.heapBytesInUse,1705031177030000000,1705031219459000000,0
FilePageCache.disposedBuffers,1705031177030000000,1705031219459000000,489
sorting.time.9,1705031177030000000,1705031219459000000,5
model.time.6,1705031177030000000,1705031219459000000,1
model.time.0,1705031177030000000,1705031219459000000,2
model.time.9,1705031177030000000,1705031219459000000,2
model.time.4,1705031177030000000,1705031219459000000,2
sorting.items.3,1705031177030000000,1705031219459000000,21
sorting.items.0,1705031177030000000,1705031219459000000,21
model.items.6,1705031177030000000,1705031219459000000,21
model.items.4,1705031177030000000,1705031219459000000,21
model.items.12,1705031177030000000,1705031219459000000,11
sorting.time.12,1705031177030000000,1705031219459000000,2
sorting.items.4,1705031177030000000,1705031219459000000,21
sorting.items.6,1705031177030000000,1705031219459000000,21
model.items.3,1705031177030000000,1705031219459000000,21
sorting.items.2,1705031177030000000,1705031219459000000,21
model.time.3,1705031177030000000,1705031219459000000,2
sorting.time.6,1705031177030000000,1705031219459000000,3
sorting.time.3,1705031177030000000,1705031219459000000,5
sorting.time.4,1705031177030000000,1705031219459000000,5
sorting.items.12,1705031177030000000,1705031219459000000,11
sorting.time.0,1705031177030000000,1705031219459000000,17
model.items.2,1705031177030000000,1705031219459000000,21
sorting.time.13,1705031177030000000,1705031219459000000,1
reordered.by.ml,1705031177030000000,1705031219459000000,14
model.items.0,1705031177030000000,1705031219459000000,21
sorting.time.2,1705031177030000000,1705031219459000000,5
model.time.2,1705031177030000000,1705031219459000000,2
sorting.items.9,1705031177030000000,1705031219459000000,11
model.items.9,1705031177030000000,1705031219459000000,11
