# OpenTelemetry Metrics report: .csv, 4 fields: 
# <metric name>, <period start, nanoseconds>, <period end, nanoseconds>, <metric value>
# See CsvMetricsExporter for details.
# 
# NAME, PERIOD_START_NANOS, PERIOD_END_NANOS, VALUE
FileNameCache.totalMisses,1705372757049000000,1705372817091000000,83503
FileNameCache.queries,1705372757049000000,1705372817091000000,1973105
Indexes.stubs.lookupDurationMaxMs,1705372757049000000,1705372817091000000,0.0
Indexes.stubs.lookupDuration90PMs,1705372757049000000,1705372817091000000,0.0
Indexes.stubs.lookupDurationAvgMs,1705372757049000000,1705372817091000000,0.0
Indexes.stubs.lookups,1705372757049000000,1705372817091000000,0.0
Indexes.allKeys.lookupDuration90PMs,1705372757049000000,1705372817091000000,0.0
Indexes.allKeys.lookupDurationMaxMs,1705372757049000000,1705372817091000000,0.0
Indexes.entries.lookups,1705372757049000000,1705372817091000000,0.0
IndexesFlusher.totalFlushingTimeUs,1705372757049000000,1705372817091000000,624067
Indexes.entries.lookupDurationMaxMs,1705372757049000000,1705372817091000000,0.0
Indexes.allKeys.lookups,1705372757049000000,1705372817091000000,0.0
IndexesFlusher.totalContentionQuotaSpent,1705372757049000000,1705372817091000000,9
IndexesFlusher.totalFlushesRetried,1705372757049000000,1705372817091000000,1
Indexes.entries.lookupDurationAvgMs,1705372757049000000,1705372817091000000,0.0
IndexesFlusher.totalFlushes,1705372757049000000,1705372817091000000,85
Indexes.entries.lookupDuration90PMs,1705372757049000000,1705372817091000000,0.0
Indexes.allKeys.lookupDurationAvgMs,1705372757049000000,1705372817091000000,0.0
workspaceModel.pre.handlers.ms,1705372757049000000,1705372817091000000,1
workspaceModel.loading.total.ms,1705372757049000000,1705372817091000000,153
workspaceModel.initializing.ms,1705372757049000000,1705372817091000000,2
workspaceModel.collect.changes.ms,1705372757049000000,1705372817091000000,0
workspaceModel.updates.precise.ms,1705372757049000000,1705372817091000000,7
workspaceModel.loading.from.cache.ms,1705372757049000000,1705372817091000000,136
workspaceModel.init.bridges.ms,1705372757049000000,1705372817091000000,2
workspaceModel.updates.ms,1705372757049000000,1705372817091000000,51
workspaceModel.updates.count,1705372757049000000,1705372817091000000,12
workspaceModel.to.snapshot.ms,1705372757049000000,1705372817091000000,0
workspaceModel.check.recursive.update.ms,1705372757049000000,1705372817091000000,0
workspaceModel.replace.project.model.ms,1705372757049000000,1705372817091000000,0
workspaceModel.update.unloaded.entities.ms,1705372757049000000,1705372817091000000,0
jps.global.initialize.library.bridges.after.loading.ms,1705372757049000000,1705372817091000000,0
workspaceModel.mutableEntityStorage.mutable.vfurl.index.ms,1705372757049000000,1705372817091000000,0
workspaceModel.moduleBridge.facet.initialization.ms,1705372757049000000,1705372817091000000,1
workspaceModel.moduleBridgeLoader.loading.modules.ms,1705372757049000000,1705372817091000000,515
jps.global.handle.changed.events.ms,1705372757049000000,1705372817091000000,0
workspaceModel.mutableEntityStorage.replace.by.source.ms,1705372757049000000,1705372817091000000,3
jps.artifact.entities.serializer.save.entities.ms,1705372757049000000,1705372817091000000,0
jps.modifiable.module.model.bridge.new.module.ms,1705372757049000000,1705372817091000000,3
jps.modifiable.module.model.bridge.renaming.ms,1705372757049000000,1705372817091000000,0
jps.global.get.library.by.name.ms,1705372757049000000,1705372817091000000,0
workspaceModel.moduleBridge.update.option.ms,1705372757049000000,1705372817091000000,0
jps.facet.change.listener.process.change.events.ms,1705372757049000000,1705372817091000000,0
workspaceModel.mutableEntityStorage.remove.entity.ms,1705372757049000000,1705372817091000000,0
jps.global.get.libraries.ms,1705372757049000000,1705372817091000000,2
workspaceModel.sync.entities.ms,1705372757049000000,1705372817091000000,0
jps.load.project.to.empty.storage.ms,1705372757049000000,1705372817091000000,343
workspaceModel.mutableEntityStorage.add.entity.ms,1705372757049000000,1705372817091000000,128
jps.modifiable.module.model.bridge.load.module.ms,1705372757049000000,1705372817091000000,0
jps.project.serializers.load.ms,1705372757049000000,1705372817091000000,143
workspaceModel.moduleManagerBridge.build.module.graph.ms,1705372757049000000,1705372817091000000,2
workspaceModel.global.updates.count,1705372757049000000,1705372817091000000,0
workspaceModel.mutableEntityStorage.mutable.ext.mapping.ms,1705372757049000000,1705372817091000000,0
workspaceModel.load.cache.metadata.from.file.ms,1705372757049000000,1705372817091000000,31
workspaceModel.moduleManagerBridge.set.unloadedModules.ms,1705372757049000000,1705372817091000000,0
jps.module.iml.entities.serializer.save.entities.ms,1705372757049000000,1705372817091000000,7
workspaceModel.mutableEntityStorage.resolve.ms,1705372757049000000,1705372817091000000,0
workspaceModel.orphan.listener.update.ms,1705372757049000000,1705372817091000000,2
jps.global.initialize.library.bridges.ms,1705372757049000000,1705372817091000000,0
jps.artifact.entities.serializer.load.entities.ms,1705372757049000000,1705372817091000000,0
workspaceModel.moduleBridge.before.changed.ms,1705372757049000000,1705372817091000000,1
jps.library.entities.serializer.load.entities.ms,1705372757049000000,1705372817091000000,132
workspaceModel.mutableEntityStorage.has.same.entities.ms,1705372757049000000,1705372817091000000,0
jps.app.storage.content.reader.load.component.ms,1705372757049000000,1705372817091000000,0
workspaceModel.load.cache.from.file.ms,1705372757049000000,1705372817091000000,135
workspaceModel.moduleManagerBridge.newModule.ms,1705372757049000000,1705372817091000000,0
workspaceModel.save.cache.to.file.ms,1705372757049000000,1705372817091000000,40
jps.facet.change.listener.before.change.events.ms,1705372757049000000,1705372817091000000,0
jps.project.serializers.save.ms,1705372757049000000,1705372817091000000,12
workspaceModel.mutableEntityStorage.add.diff.ms,1705372757049000000,1705372817091000000,25
workspaceModel.delayed.project.synchronizer.sync.ms,1705372757049000000,1705372817091000000,0
workspaceModel.moduleManagerBridge.load.all.modules.ms,1705372757049000000,1705372817091000000,252
workspaceModel.mutableEntityStorage.to.snapshot.ms,1705372757049000000,1705372817091000000,2
workspaceModel.global.updates.ms,1705372757049000000,1705372817091000000,0
jps.library.entities.serializer.save.entities.ms,1705372757049000000,1705372817091000000,0
workspaceModel.mutableEntityStorage.modify.entity.ms,1705372757049000000,1705372817091000000,2
workspaceModel.mutableEntityStorage.entities.by.source.ms,1705372757049000000,1705372817091000000,1
jps.save.changed.project.entities.ms,1705372757049000000,1705372817091000000,12
jps.save.global.entities.ms,1705372757049000000,1705372817091000000,0
jps.apply.loaded.storage.ms,1705372757049000000,1705372817091000000,5
workspaceModel.mutableEntityStorage.referrers.ms,1705372757049000000,1705372817091000000,0
workspaceModel.global.apply.state.to.project.ms,1705372757049000000,1705372817091000000,30
jps.global.handle.before.change.events.ms,1705372757049000000,1705372817091000000,0
workspaceModel.mutableEntityStorage.entities.ms,1705372757049000000,1705372817091000000,0
jps.storage.jps.conf.reader.load.component.ms,1705372757049000000,1705372817091000000,132
jps.module.iml.entities.serializer.load.entities.ms,1705372757049000000,1705372817091000000,378
jps.global.get.library.ms,1705372757049000000,1705372817091000000,0
jps.load.initial.state.ms,1705372757049000000,1705372817091000000,4
workspaceModel.moduleManagerBridge.load.module.ms,1705372757049000000,1705372817091000000,0
jps.reload.project.entities.ms,1705372757049000000,1705372817091000000,0
jps.modifiable.module.model.bridge.disposing.ms,1705372757049000000,1705372817091000000,0
workspaceModel.moduleManagerBridge.get.modules.ms,1705372757049000000,1705372817091000000,0
workspaceModel.moduleManagerBridge.create.module.instance.ms,1705372757049000000,1705372817091000000,2
workspaceModel.moduleManagerBridge.new.nonPersistent.module.ms,1705372757049000000,1705372817091000000,0
workspaceModel.mutableEntityStorage.put.entity.ms,1705372757049000000,1705372817091000000,77
jps.app.storage.content.writer.save.component.ms,1705372757049000000,1705372817091000000,0
jps.facet.change.listener.init.bridge.ms,1705372757049000000,1705372817091000000,0
workspaceModel.global.apply.state.to.project.builder.ms,1705372757049000000,1705372817091000000,1
workspaceModel.mutableEntityStorage.collect.changes.ms,1705372757049000000,1705372817091000000,1
JVM.maxNativeBytes,1705372757049000000,1705372817091000000,-1
OS.loadAverage,1705372757049000000,1705372817091000000,2.09326171875
JVM.maxHeapBytes,1705372757049000000,1705372817091000000,2147483648
JVM.usedHeapBytes,1705372757049000000,1705372817091000000,648591248
JVM.usedNativeBytes,1705372757049000000,1705372817091000000,615534840
JVM.GC.collectionTimesMs,1705372757049000000,1705372817091000000,258
JVM.totalCpuTimeMs,1705372757049000000,1705372817091000000,85409
JVM.GC.collections,1705372757049000000,1705372817091000000,43
JVM.threadCount,1705372757049000000,1705372817091000000,162
JVM.totalBytesAllocated,1705372757049000000,1705372817091000000,5189108272
StorageLockContext.competingThreads.avg,1705372757049000000,1705372817091000000,0.0
FilePageCacheLockFree.housekeeperTimeSpentMs,1705372757049000000,1705372817091000000,102
FilePageCacheLockFree.totalNativeBytesReclaimed,1705372757049000000,1705372817091000000,0
FilePageCacheLockFree.totalHeapBytesAllocated,1705372757049000000,1705372817091000000,0
DirectByteBufferAllocator.reclaimed,1705372757049000000,1705372817091000000,161
FilePageCache.capacityInBytes,1705372757049000000,1705372817091000000,503316478
FilePageCache.totalPageDisposalsUs,1705372757049000000,1705372817091000000,1820
StorageLockContext.competingThreads.90P,1705372757049000000,1705372817091000000,0
DirectByteBufferAllocator.totalSizeOfBuffersCachedInBytes,1705372757049000000,1705372817091000000,1048576
FilePageCache.pageHits,1705372757049000000,1705372817091000000,5
FileChannelInterruptsRetryer.totalRetriedAttempts,1705372757049000000,1705372817091000000,0
FilePageCacheLockFree.totalPagesReadMs,1705372757049000000,1705372817091000000,5
MappedFileStorage.totalBytesMapped,1705372757049000000,1705372817091000000,140771328
DirectByteBufferAllocator.misses,1705372757049000000,1705372817091000000,576
FilePageCacheLockFree.totalClosedStoragesReclaimed,1705372757049000000,1705372817091000000,0
FilePageCacheLockFree.housekeeperTurnsDone,1705372757049000000,1705372817091000000,120
FilePageCache.maxCacheSizeInBytes,1705372757049000000,1705372817091000000,503332864
StreamlinedBlobStorage.totalLiveRecordsPayloadBytes,1705372757049000000,1705372817091000000,3980218
StreamlinedBlobStorage.recordsAllocated,1705372757049000000,1705372817091000000,86174
StreamlinedBlobStorage.recordsRelocated,1705372757049000000,1705372817091000000,0
FilePageCacheLockFree.totalPagesRequested,1705372757049000000,1705372817091000000,2155
StreamlinedBlobStorage.recordsDeleted,1705372757049000000,1705372817091000000,107
FilePageCacheLockFree.totalPagesHandedOver,1705372757049000000,1705372817091000000,0
FilePageCacheLockFree.totalHeapBytesReclaimed,1705372757049000000,1705372817091000000,0
FilePageCacheLockFree.totalBytesWritten,1705372757049000000,1705372817091000000,34941
FilePageCache.pageLoadsAboveSizeThreshold,1705372757049000000,1705372817091000000,114
MappedFileStorage.storages,1705372757049000000,1705372817091000000,17
FilePageCacheLockFree.totalPagesRequestsMs,1705372757049000000,1705372817091000000,9
StreamlinedBlobStorage.totalLiveRecordsCapacityBytes,1705372757049000000,1705372817091000000,7856201
FilePageCacheLockFree.totalPageAllocationsWaited,1705372757049000000,1705372817091000000,0
StorageLockContext.competingThreads.max,1705372757049000000,1705372817091000000,0
DirectByteBufferAllocator.disposed,1705372757049000000,1705372817091000000,40
FilePageCache.disposedBuffers,1705372757049000000,1705372817091000000,201
FilePageCache.pageLoads,1705372757049000000,1705372817091000000,571
FilePageCacheLockFree.totalPagesWriteMs,1705372757049000000,1705372817091000000,1
FilePageCacheLockFree.nativeBytesInUse,1705372757049000000,1705372817091000000,417792
FilePageCache.uncachedFileAccess,1705372757049000000,1705372817091000000,656
FilePageCacheLockFree.totalBytesRequested,1705372757049000000,1705372817091000000,17653760
FilePageCacheLockFree.totalNativeBytesAllocated,1705372757049000000,1705372817091000000,417792
FilePageCacheLockFree.heapBytesInUse,1705372757049000000,1705372817091000000,0
FilePageCache.maxRegisteredFiles,1705372757049000000,1705372817091000000,1282
FilePageCache.pageFastCacheHits,1705372757049000000,1705372817091000000,253868
FilePageCache.totalPageLoadsUs,1705372757049000000,1705372817091000000,346463
FilePageCacheLockFree.totalPagesAllocated,1705372757049000000,1705372817091000000,51
DirectByteBufferAllocator.hits,1705372757049000000,1705372817091000000,160
MappedFileStorage.totalTimeSpentOnMappingUs,1705372757049000000,1705372817091000000,1360
MappedFileStorage.totalPagesMapped,1705372757049000000,1705372817091000000,17
FilePageCacheLockFree.totalPagesWritten,1705372757049000000,1705372817091000000,8
FilePageCacheLockFree.totalPagesReclaimed,1705372757049000000,1705372817091000000,0
FilePageCacheLockFree.totalBytesRead,1705372757049000000,1705372817091000000,394149
DirectByteBufferAllocator.totalSizeOfBuffersAllocatedInBytes,1705372757049000000,1705372817091000000,503775232
FilePageCacheLockFree.housekeeperTurnsSkipped,1705372757049000000,1705372817091000000,46766
AWTEventQueue.dispatchTimeAvgNs,1705372757049000000,1705372817091000000,0.0
FlushQueue.queueSizeAvg,1705372757049000000,1705372817091000000,0.0
FlushQueue.waitingTimeMaxNs,1705372757049000000,1705372817091000000,0
FlushQueue.waitingTime90PNs,1705372757049000000,1705372817091000000,0
ReadAction.executionsCount,1705372757049000000,1705372817091000000,357073
NonBlockingReadAction.failedExecutionTimeUs,1705372757049000000,1705372817091000000,543505
FlushQueue.executionTimeAvgNs,1705372757049000000,1705372817091000000,0.0
FlushQueue.executionTime90PNs,1705372757049000000,1705372817091000000,0
WriteAction.executionsCount,1705372757049000000,1705372817091000000,161
AWTEventQueue.eventsDispatched,1705372757049000000,1705372817091000000,0
AWTEventQueue.dispatchTime90PNs,1705372757049000000,1705372817091000000,0
NonBlockingReadAction.failedExecutionsCount,1705372757049000000,1705372817091000000,28
AWTEventQueue.dispatchTimeMaxNs,1705372757049000000,1705372817091000000,0
FlushQueue.queueSize90P,1705372757049000000,1705372817091000000,0
FlushQueue.waitingTimeAvgNs,1705372757049000000,1705372817091000000,0.0
AWTEventQueue.dispatchTimeTotalNS,1705372757049000000,1705372817091000000,9379465924
FlushQueue.executionTimeMaxNs,1705372757049000000,1705372817091000000,0
FlushQueue.tasksExecuted,1705372757049000000,1705372817091000000,0
FlushQueue.queueSizeMax,1705372757049000000,1705372817091000000,0
NonBlockingReadAction.finalizedExecutionsCount,1705372757049000000,1705372817091000000,2339
NonBlockingReadAction.finalizedExecutionTimeUs,1705372757049000000,1705372817091000000,6810531
FileNameCache.totalMisses,1705372817091000000,1705372877069000000,0
FileNameCache.queries,1705372817091000000,1705372877069000000,3743
Indexes.stubs.lookupDurationMaxMs,1705372817091000000,1705372877069000000,0.0
Indexes.stubs.lookupDuration90PMs,1705372817091000000,1705372877069000000,0.0
Indexes.stubs.lookupDurationAvgMs,1705372817091000000,1705372877069000000,0.0
Indexes.stubs.lookups,1705372817091000000,1705372877069000000,0.0
Indexes.allKeys.lookupDuration90PMs,1705372817091000000,1705372877069000000,0.0
Indexes.allKeys.lookupDurationMaxMs,1705372817091000000,1705372877069000000,0.0
Indexes.entries.lookups,1705372817091000000,1705372877069000000,0.0
IndexesFlusher.totalFlushingTimeUs,1705372817091000000,1705372877069000000,382969
Indexes.entries.lookupDurationMaxMs,1705372817091000000,1705372877069000000,0.0
Indexes.allKeys.lookups,1705372817091000000,1705372877069000000,0.0
IndexesFlusher.totalContentionQuotaSpent,1705372817091000000,1705372877069000000,0
IndexesFlusher.totalFlushesRetried,1705372817091000000,1705372877069000000,0
Indexes.entries.lookupDurationAvgMs,1705372817091000000,1705372877069000000,0.0
IndexesFlusher.totalFlushes,1705372817091000000,1705372877069000000,176
Indexes.entries.lookupDuration90PMs,1705372817091000000,1705372877069000000,0.0
Indexes.allKeys.lookupDurationAvgMs,1705372817091000000,1705372877069000000,0.0
workspaceModel.pre.handlers.ms,1705372817091000000,1705372877069000000,1
workspaceModel.loading.total.ms,1705372817091000000,1705372877069000000,153
workspaceModel.initializing.ms,1705372817091000000,1705372877069000000,2
workspaceModel.collect.changes.ms,1705372817091000000,1705372877069000000,0
workspaceModel.updates.precise.ms,1705372817091000000,1705372877069000000,7
workspaceModel.loading.from.cache.ms,1705372817091000000,1705372877069000000,136
workspaceModel.init.bridges.ms,1705372817091000000,1705372877069000000,2
workspaceModel.updates.ms,1705372817091000000,1705372877069000000,51
workspaceModel.updates.count,1705372817091000000,1705372877069000000,12
workspaceModel.to.snapshot.ms,1705372817091000000,1705372877069000000,0
workspaceModel.check.recursive.update.ms,1705372817091000000,1705372877069000000,0
workspaceModel.replace.project.model.ms,1705372817091000000,1705372877069000000,0
workspaceModel.update.unloaded.entities.ms,1705372817091000000,1705372877069000000,0
jps.global.initialize.library.bridges.after.loading.ms,1705372817091000000,1705372877069000000,0
workspaceModel.mutableEntityStorage.mutable.vfurl.index.ms,1705372817091000000,1705372877069000000,0
workspaceModel.moduleBridge.facet.initialization.ms,1705372817091000000,1705372877069000000,1
workspaceModel.moduleBridgeLoader.loading.modules.ms,1705372817091000000,1705372877069000000,515
jps.global.handle.changed.events.ms,1705372817091000000,1705372877069000000,0
workspaceModel.mutableEntityStorage.replace.by.source.ms,1705372817091000000,1705372877069000000,3
jps.artifact.entities.serializer.save.entities.ms,1705372817091000000,1705372877069000000,0
jps.modifiable.module.model.bridge.new.module.ms,1705372817091000000,1705372877069000000,3
jps.modifiable.module.model.bridge.renaming.ms,1705372817091000000,1705372877069000000,0
jps.global.get.library.by.name.ms,1705372817091000000,1705372877069000000,0
workspaceModel.moduleBridge.update.option.ms,1705372817091000000,1705372877069000000,0
jps.facet.change.listener.process.change.events.ms,1705372817091000000,1705372877069000000,0
workspaceModel.mutableEntityStorage.remove.entity.ms,1705372817091000000,1705372877069000000,0
jps.global.get.libraries.ms,1705372817091000000,1705372877069000000,2
workspaceModel.sync.entities.ms,1705372817091000000,1705372877069000000,0
jps.load.project.to.empty.storage.ms,1705372817091000000,1705372877069000000,343
workspaceModel.mutableEntityStorage.add.entity.ms,1705372817091000000,1705372877069000000,128
jps.modifiable.module.model.bridge.load.module.ms,1705372817091000000,1705372877069000000,0
jps.project.serializers.load.ms,1705372817091000000,1705372877069000000,143
workspaceModel.moduleManagerBridge.build.module.graph.ms,1705372817091000000,1705372877069000000,2
workspaceModel.global.updates.count,1705372817091000000,1705372877069000000,0
workspaceModel.mutableEntityStorage.mutable.ext.mapping.ms,1705372817091000000,1705372877069000000,0
workspaceModel.load.cache.metadata.from.file.ms,1705372817091000000,1705372877069000000,31
workspaceModel.moduleManagerBridge.set.unloadedModules.ms,1705372817091000000,1705372877069000000,0
jps.module.iml.entities.serializer.save.entities.ms,1705372817091000000,1705372877069000000,7
workspaceModel.mutableEntityStorage.resolve.ms,1705372817091000000,1705372877069000000,0
workspaceModel.orphan.listener.update.ms,1705372817091000000,1705372877069000000,2
jps.global.initialize.library.bridges.ms,1705372817091000000,1705372877069000000,0
jps.artifact.entities.serializer.load.entities.ms,1705372817091000000,1705372877069000000,0
workspaceModel.moduleBridge.before.changed.ms,1705372817091000000,1705372877069000000,1
jps.library.entities.serializer.load.entities.ms,1705372817091000000,1705372877069000000,132
workspaceModel.mutableEntityStorage.has.same.entities.ms,1705372817091000000,1705372877069000000,0
jps.app.storage.content.reader.load.component.ms,1705372817091000000,1705372877069000000,0
workspaceModel.load.cache.from.file.ms,1705372817091000000,1705372877069000000,135
workspaceModel.moduleManagerBridge.newModule.ms,1705372817091000000,1705372877069000000,0
workspaceModel.save.cache.to.file.ms,1705372817091000000,1705372877069000000,40
jps.facet.change.listener.before.change.events.ms,1705372817091000000,1705372877069000000,0
jps.project.serializers.save.ms,1705372817091000000,1705372877069000000,12
workspaceModel.mutableEntityStorage.add.diff.ms,1705372817091000000,1705372877069000000,25
workspaceModel.delayed.project.synchronizer.sync.ms,1705372817091000000,1705372877069000000,0
workspaceModel.moduleManagerBridge.load.all.modules.ms,1705372817091000000,1705372877069000000,252
workspaceModel.mutableEntityStorage.to.snapshot.ms,1705372817091000000,1705372877069000000,2
workspaceModel.global.updates.ms,1705372817091000000,1705372877069000000,0
jps.library.entities.serializer.save.entities.ms,1705372817091000000,1705372877069000000,0
workspaceModel.mutableEntityStorage.modify.entity.ms,1705372817091000000,1705372877069000000,2
workspaceModel.mutableEntityStorage.entities.by.source.ms,1705372817091000000,1705372877069000000,1
jps.save.changed.project.entities.ms,1705372817091000000,1705372877069000000,12
jps.save.global.entities.ms,1705372817091000000,1705372877069000000,0
jps.apply.loaded.storage.ms,1705372817091000000,1705372877069000000,5
workspaceModel.mutableEntityStorage.referrers.ms,1705372817091000000,1705372877069000000,0
workspaceModel.global.apply.state.to.project.ms,1705372817091000000,1705372877069000000,30
jps.global.handle.before.change.events.ms,1705372817091000000,1705372877069000000,0
workspaceModel.mutableEntityStorage.entities.ms,1705372817091000000,1705372877069000000,0
jps.storage.jps.conf.reader.load.component.ms,1705372817091000000,1705372877069000000,132
jps.module.iml.entities.serializer.load.entities.ms,1705372817091000000,1705372877069000000,378
jps.global.get.library.ms,1705372817091000000,1705372877069000000,0
jps.load.initial.state.ms,1705372817091000000,1705372877069000000,4
workspaceModel.moduleManagerBridge.load.module.ms,1705372817091000000,1705372877069000000,0
jps.reload.project.entities.ms,1705372817091000000,1705372877069000000,0
jps.modifiable.module.model.bridge.disposing.ms,1705372817091000000,1705372877069000000,0
workspaceModel.moduleManagerBridge.get.modules.ms,1705372817091000000,1705372877069000000,0
workspaceModel.moduleManagerBridge.create.module.instance.ms,1705372817091000000,1705372877069000000,2
workspaceModel.moduleManagerBridge.new.nonPersistent.module.ms,1705372817091000000,1705372877069000000,0
workspaceModel.mutableEntityStorage.put.entity.ms,1705372817091000000,1705372877069000000,77
jps.app.storage.content.writer.save.component.ms,1705372817091000000,1705372877069000000,0
jps.facet.change.listener.init.bridge.ms,1705372817091000000,1705372877069000000,0
workspaceModel.global.apply.state.to.project.builder.ms,1705372817091000000,1705372877069000000,1
workspaceModel.mutableEntityStorage.collect.changes.ms,1705372817091000000,1705372877069000000,1
JVM.maxNativeBytes,1705372817091000000,1705372877069000000,-1
OS.loadAverage,1705372817091000000,1705372877069000000,2.04736328125
JVM.maxHeapBytes,1705372817091000000,1705372877069000000,2147483648
JVM.usedHeapBytes,1705372817091000000,1705372877069000000,502561600
JVM.usedNativeBytes,1705372817091000000,1705372877069000000,623567032
JVM.GC.collectionTimesMs,1705372817091000000,1705372877069000000,117
JVM.totalCpuTimeMs,1705372817091000000,1705372877069000000,32754
JVM.GC.collections,1705372817091000000,1705372877069000000,36
JVM.threadCount,1705372817091000000,1705372877069000000,103
JVM.totalBytesAllocated,1705372817091000000,1705372877069000000,10560638776
StorageLockContext.competingThreads.avg,1705372817091000000,1705372877069000000,0.0
FilePageCacheLockFree.housekeeperTimeSpentMs,1705372817091000000,1705372877069000000,38
FilePageCacheLockFree.totalNativeBytesReclaimed,1705372817091000000,1705372877069000000,0
FilePageCacheLockFree.totalHeapBytesAllocated,1705372817091000000,1705372877069000000,0
DirectByteBufferAllocator.reclaimed,1705372817091000000,1705372877069000000,2
FilePageCache.capacityInBytes,1705372817091000000,1705372877069000000,503316478
FilePageCache.totalPageDisposalsUs,1705372817091000000,1705372877069000000,0
StorageLockContext.competingThreads.90P,1705372817091000000,1705372877069000000,0
DirectByteBufferAllocator.totalSizeOfBuffersCachedInBytes,1705372817091000000,1705372877069000000,1048576
FilePageCache.pageHits,1705372817091000000,1705372877069000000,0
FileChannelInterruptsRetryer.totalRetriedAttempts,1705372817091000000,1705372877069000000,0
FilePageCacheLockFree.totalPagesReadMs,1705372817091000000,1705372877069000000,0
MappedFileStorage.totalBytesMapped,1705372817091000000,1705372877069000000,140771328
DirectByteBufferAllocator.misses,1705372817091000000,1705372877069000000,0
FilePageCacheLockFree.totalClosedStoragesReclaimed,1705372817091000000,1705372877069000000,0
FilePageCacheLockFree.housekeeperTurnsDone,1705372817091000000,1705372877069000000,120
FilePageCache.maxCacheSizeInBytes,1705372817091000000,1705372877069000000,503332864
StreamlinedBlobStorage.totalLiveRecordsPayloadBytes,1705372817091000000,1705372877069000000,2331
StreamlinedBlobStorage.recordsAllocated,1705372817091000000,1705372877069000000,2
StreamlinedBlobStorage.recordsRelocated,1705372817091000000,1705372877069000000,0
FilePageCacheLockFree.totalPagesRequested,1705372817091000000,1705372877069000000,9
StreamlinedBlobStorage.recordsDeleted,1705372817091000000,1705372877069000000,0
FilePageCacheLockFree.totalPagesHandedOver,1705372817091000000,1705372877069000000,0
FilePageCacheLockFree.totalHeapBytesReclaimed,1705372817091000000,1705372877069000000,0
FilePageCacheLockFree.totalBytesWritten,1705372817091000000,1705372877069000000,0
FilePageCache.pageLoadsAboveSizeThreshold,1705372817091000000,1705372877069000000,2
MappedFileStorage.storages,1705372817091000000,1705372877069000000,17
FilePageCacheLockFree.totalPagesRequestsMs,1705372817091000000,1705372877069000000,0
StreamlinedBlobStorage.totalLiveRecordsCapacityBytes,1705372817091000000,1705372877069000000,3089
FilePageCacheLockFree.totalPageAllocationsWaited,1705372817091000000,1705372877069000000,0
StorageLockContext.competingThreads.max,1705372817091000000,1705372877069000000,0
DirectByteBufferAllocator.disposed,1705372817091000000,1705372877069000000,0
FilePageCache.disposedBuffers,1705372817091000000,1705372877069000000,2
FilePageCache.pageLoads,1705372817091000000,1705372877069000000,0
FilePageCacheLockFree.totalPagesWriteMs,1705372817091000000,1705372877069000000,0
FilePageCacheLockFree.nativeBytesInUse,1705372817091000000,1705372877069000000,417792
FilePageCache.uncachedFileAccess,1705372817091000000,1705372877069000000,12
FilePageCacheLockFree.totalBytesRequested,1705372817091000000,1705372877069000000,73728
FilePageCacheLockFree.totalNativeBytesAllocated,1705372817091000000,1705372877069000000,0
FilePageCacheLockFree.heapBytesInUse,1705372817091000000,1705372877069000000,0
FilePageCache.maxRegisteredFiles,1705372817091000000,1705372877069000000,1282
FilePageCache.pageFastCacheHits,1705372817091000000,1705372877069000000,602
FilePageCache.totalPageLoadsUs,1705372817091000000,1705372877069000000,453
FilePageCacheLockFree.totalPagesAllocated,1705372817091000000,1705372877069000000,0
DirectByteBufferAllocator.hits,1705372817091000000,1705372877069000000,2
MappedFileStorage.totalTimeSpentOnMappingUs,1705372817091000000,1705372877069000000,1360
MappedFileStorage.totalPagesMapped,1705372817091000000,1705372877069000000,17
FilePageCacheLockFree.totalPagesWritten,1705372817091000000,1705372877069000000,0
FilePageCacheLockFree.totalPagesReclaimed,1705372817091000000,1705372877069000000,0
FilePageCacheLockFree.totalBytesRead,1705372817091000000,1705372877069000000,0
DirectByteBufferAllocator.totalSizeOfBuffersAllocatedInBytes,1705372817091000000,1705372877069000000,503775232
FilePageCacheLockFree.housekeeperTurnsSkipped,1705372817091000000,1705372877069000000,47220
AWTEventQueue.dispatchTimeAvgNs,1705372817091000000,1705372877069000000,0.0
FlushQueue.queueSizeAvg,1705372817091000000,1705372877069000000,0.0
FlushQueue.waitingTimeMaxNs,1705372817091000000,1705372877069000000,0
FlushQueue.waitingTime90PNs,1705372817091000000,1705372877069000000,0
ReadAction.executionsCount,1705372817091000000,1705372877069000000,10503
NonBlockingReadAction.failedExecutionTimeUs,1705372817091000000,1705372877069000000,0
FlushQueue.executionTimeAvgNs,1705372817091000000,1705372877069000000,0.0
FlushQueue.executionTime90PNs,1705372817091000000,1705372877069000000,0
WriteAction.executionsCount,1705372817091000000,1705372877069000000,5
AWTEventQueue.eventsDispatched,1705372817091000000,1705372877069000000,0
AWTEventQueue.dispatchTime90PNs,1705372817091000000,1705372877069000000,0
NonBlockingReadAction.failedExecutionsCount,1705372817091000000,1705372877069000000,0
AWTEventQueue.dispatchTimeMaxNs,1705372817091000000,1705372877069000000,0
FlushQueue.queueSize90P,1705372817091000000,1705372877069000000,0
FlushQueue.waitingTimeAvgNs,1705372817091000000,1705372877069000000,0.0
AWTEventQueue.dispatchTimeTotalNS,1705372817091000000,1705372877069000000,1584907180
FlushQueue.executionTimeMaxNs,1705372817091000000,1705372877069000000,0
FlushQueue.tasksExecuted,1705372817091000000,1705372877069000000,0
FlushQueue.queueSizeMax,1705372817091000000,1705372877069000000,0
NonBlockingReadAction.finalizedExecutionsCount,1705372817091000000,1705372877069000000,13
NonBlockingReadAction.finalizedExecutionTimeUs,1705372817091000000,1705372877069000000,4886
FileNameCache.totalMisses,1705372877069000000,1705372937069000000,0
FileNameCache.queries,1705372877069000000,1705372937069000000,0
Indexes.stubs.lookupDurationMaxMs,1705372877069000000,1705372937069000000,0.0
Indexes.stubs.lookupDuration90PMs,1705372877069000000,1705372937069000000,0.0
Indexes.stubs.lookupDurationAvgMs,1705372877069000000,1705372937069000000,0.0
Indexes.stubs.lookups,1705372877069000000,1705372937069000000,0.0
Indexes.allKeys.lookupDuration90PMs,1705372877069000000,1705372937069000000,0.0
Indexes.allKeys.lookupDurationMaxMs,1705372877069000000,1705372937069000000,0.0
Indexes.entries.lookups,1705372877069000000,1705372937069000000,0.0
IndexesFlusher.totalFlushingTimeUs,1705372877069000000,1705372937069000000,197717
Indexes.entries.lookupDurationMaxMs,1705372877069000000,1705372937069000000,0.0
Indexes.allKeys.lookups,1705372877069000000,1705372937069000000,0.0
IndexesFlusher.totalContentionQuotaSpent,1705372877069000000,1705372937069000000,0
IndexesFlusher.totalFlushesRetried,1705372877069000000,1705372937069000000,0
Indexes.entries.lookupDurationAvgMs,1705372877069000000,1705372937069000000,0.0
IndexesFlusher.totalFlushes,1705372877069000000,1705372937069000000,178
Indexes.entries.lookupDuration90PMs,1705372877069000000,1705372937069000000,0.0
Indexes.allKeys.lookupDurationAvgMs,1705372877069000000,1705372937069000000,0.0
workspaceModel.pre.handlers.ms,1705372877069000000,1705372937069000000,1
workspaceModel.loading.total.ms,1705372877069000000,1705372937069000000,153
workspaceModel.initializing.ms,1705372877069000000,1705372937069000000,2
workspaceModel.collect.changes.ms,1705372877069000000,1705372937069000000,0
workspaceModel.updates.precise.ms,1705372877069000000,1705372937069000000,7
workspaceModel.loading.from.cache.ms,1705372877069000000,1705372937069000000,136
workspaceModel.init.bridges.ms,1705372877069000000,1705372937069000000,2
workspaceModel.updates.ms,1705372877069000000,1705372937069000000,51
workspaceModel.updates.count,1705372877069000000,1705372937069000000,12
workspaceModel.to.snapshot.ms,1705372877069000000,1705372937069000000,0
workspaceModel.check.recursive.update.ms,1705372877069000000,1705372937069000000,0
workspaceModel.replace.project.model.ms,1705372877069000000,1705372937069000000,0
workspaceModel.update.unloaded.entities.ms,1705372877069000000,1705372937069000000,0
jps.global.initialize.library.bridges.after.loading.ms,1705372877069000000,1705372937069000000,0
workspaceModel.mutableEntityStorage.mutable.vfurl.index.ms,1705372877069000000,1705372937069000000,0
workspaceModel.moduleBridge.facet.initialization.ms,1705372877069000000,1705372937069000000,1
workspaceModel.moduleBridgeLoader.loading.modules.ms,1705372877069000000,1705372937069000000,515
jps.global.handle.changed.events.ms,1705372877069000000,1705372937069000000,0
workspaceModel.mutableEntityStorage.replace.by.source.ms,1705372877069000000,1705372937069000000,3
jps.artifact.entities.serializer.save.entities.ms,1705372877069000000,1705372937069000000,0
jps.modifiable.module.model.bridge.new.module.ms,1705372877069000000,1705372937069000000,3
jps.modifiable.module.model.bridge.renaming.ms,1705372877069000000,1705372937069000000,0
jps.global.get.library.by.name.ms,1705372877069000000,1705372937069000000,0
workspaceModel.moduleBridge.update.option.ms,1705372877069000000,1705372937069000000,0
jps.facet.change.listener.process.change.events.ms,1705372877069000000,1705372937069000000,0
workspaceModel.mutableEntityStorage.remove.entity.ms,1705372877069000000,1705372937069000000,0
jps.global.get.libraries.ms,1705372877069000000,1705372937069000000,2
workspaceModel.sync.entities.ms,1705372877069000000,1705372937069000000,0
jps.load.project.to.empty.storage.ms,1705372877069000000,1705372937069000000,343
workspaceModel.mutableEntityStorage.add.entity.ms,1705372877069000000,1705372937069000000,128
jps.modifiable.module.model.bridge.load.module.ms,1705372877069000000,1705372937069000000,0
jps.project.serializers.load.ms,1705372877069000000,1705372937069000000,143
workspaceModel.moduleManagerBridge.build.module.graph.ms,1705372877069000000,1705372937069000000,2
workspaceModel.global.updates.count,1705372877069000000,1705372937069000000,0
workspaceModel.mutableEntityStorage.mutable.ext.mapping.ms,1705372877069000000,1705372937069000000,0
workspaceModel.load.cache.metadata.from.file.ms,1705372877069000000,1705372937069000000,31
workspaceModel.moduleManagerBridge.set.unloadedModules.ms,1705372877069000000,1705372937069000000,0
jps.module.iml.entities.serializer.save.entities.ms,1705372877069000000,1705372937069000000,7
workspaceModel.mutableEntityStorage.resolve.ms,1705372877069000000,1705372937069000000,0
workspaceModel.orphan.listener.update.ms,1705372877069000000,1705372937069000000,2
jps.global.initialize.library.bridges.ms,1705372877069000000,1705372937069000000,0
jps.artifact.entities.serializer.load.entities.ms,1705372877069000000,1705372937069000000,0
workspaceModel.moduleBridge.before.changed.ms,1705372877069000000,1705372937069000000,1
jps.library.entities.serializer.load.entities.ms,1705372877069000000,1705372937069000000,132
workspaceModel.mutableEntityStorage.has.same.entities.ms,1705372877069000000,1705372937069000000,0
jps.app.storage.content.reader.load.component.ms,1705372877069000000,1705372937069000000,0
workspaceModel.load.cache.from.file.ms,1705372877069000000,1705372937069000000,135
workspaceModel.moduleManagerBridge.newModule.ms,1705372877069000000,1705372937069000000,0
workspaceModel.save.cache.to.file.ms,1705372877069000000,1705372937069000000,40
jps.facet.change.listener.before.change.events.ms,1705372877069000000,1705372937069000000,0
jps.project.serializers.save.ms,1705372877069000000,1705372937069000000,12
workspaceModel.mutableEntityStorage.add.diff.ms,1705372877069000000,1705372937069000000,25
workspaceModel.delayed.project.synchronizer.sync.ms,1705372877069000000,1705372937069000000,0
workspaceModel.moduleManagerBridge.load.all.modules.ms,1705372877069000000,1705372937069000000,252
workspaceModel.mutableEntityStorage.to.snapshot.ms,1705372877069000000,1705372937069000000,2
workspaceModel.global.updates.ms,1705372877069000000,1705372937069000000,0
jps.library.entities.serializer.save.entities.ms,1705372877069000000,1705372937069000000,0
workspaceModel.mutableEntityStorage.modify.entity.ms,1705372877069000000,1705372937069000000,2
workspaceModel.mutableEntityStorage.entities.by.source.ms,1705372877069000000,1705372937069000000,1
jps.save.changed.project.entities.ms,1705372877069000000,1705372937069000000,12
jps.save.global.entities.ms,1705372877069000000,1705372937069000000,0
jps.apply.loaded.storage.ms,1705372877069000000,1705372937069000000,5
workspaceModel.mutableEntityStorage.referrers.ms,1705372877069000000,1705372937069000000,0
workspaceModel.global.apply.state.to.project.ms,1705372877069000000,1705372937069000000,30
jps.global.handle.before.change.events.ms,1705372877069000000,1705372937069000000,0
workspaceModel.mutableEntityStorage.entities.ms,1705372877069000000,1705372937069000000,0
jps.storage.jps.conf.reader.load.component.ms,1705372877069000000,1705372937069000000,132
jps.module.iml.entities.serializer.load.entities.ms,1705372877069000000,1705372937069000000,378
jps.global.get.library.ms,1705372877069000000,1705372937069000000,0
jps.load.initial.state.ms,1705372877069000000,1705372937069000000,4
workspaceModel.moduleManagerBridge.load.module.ms,1705372877069000000,1705372937069000000,0
jps.reload.project.entities.ms,1705372877069000000,1705372937069000000,0
jps.modifiable.module.model.bridge.disposing.ms,1705372877069000000,1705372937069000000,0
workspaceModel.moduleManagerBridge.get.modules.ms,1705372877069000000,1705372937069000000,0
workspaceModel.moduleManagerBridge.create.module.instance.ms,1705372877069000000,1705372937069000000,2
workspaceModel.moduleManagerBridge.new.nonPersistent.module.ms,1705372877069000000,1705372937069000000,0
workspaceModel.mutableEntityStorage.put.entity.ms,1705372877069000000,1705372937069000000,77
jps.app.storage.content.writer.save.component.ms,1705372877069000000,1705372937069000000,0
jps.facet.change.listener.init.bridge.ms,1705372877069000000,1705372937069000000,0
workspaceModel.global.apply.state.to.project.builder.ms,1705372877069000000,1705372937069000000,1
workspaceModel.mutableEntityStorage.collect.changes.ms,1705372877069000000,1705372937069000000,1
JVM.maxNativeBytes,1705372877069000000,1705372937069000000,-1
OS.loadAverage,1705372877069000000,1705372937069000000,2.0341796875
JVM.maxHeapBytes,1705372877069000000,1705372937069000000,2147483648
JVM.usedHeapBytes,1705372877069000000,1705372937069000000,460832776
JVM.usedNativeBytes,1705372877069000000,1705372937069000000,622490120
JVM.GC.collectionTimesMs,1705372877069000000,1705372937069000000,236
JVM.totalCpuTimeMs,1705372877069000000,1705372937069000000,72765
JVM.GC.collections,1705372877069000000,1705372937069000000,98
JVM.threadCount,1705372877069000000,1705372937069000000,61
JVM.totalBytesAllocated,1705372877069000000,1705372937069000000,39908647888
StorageLockContext.competingThreads.avg,1705372877069000000,1705372937069000000,0.0
FilePageCacheLockFree.housekeeperTimeSpentMs,1705372877069000000,1705372937069000000,14
FilePageCacheLockFree.totalNativeBytesReclaimed,1705372877069000000,1705372937069000000,0
FilePageCacheLockFree.totalHeapBytesAllocated,1705372877069000000,1705372937069000000,0
DirectByteBufferAllocator.reclaimed,1705372877069000000,1705372937069000000,0
FilePageCache.capacityInBytes,1705372877069000000,1705372937069000000,503316478
FilePageCache.totalPageDisposalsUs,1705372877069000000,1705372937069000000,0
StorageLockContext.competingThreads.90P,1705372877069000000,1705372937069000000,0
DirectByteBufferAllocator.totalSizeOfBuffersCachedInBytes,1705372877069000000,1705372937069000000,1048576
FilePageCache.pageHits,1705372877069000000,1705372937069000000,0
FileChannelInterruptsRetryer.totalRetriedAttempts,1705372877069000000,1705372937069000000,0
FilePageCacheLockFree.totalPagesReadMs,1705372877069000000,1705372937069000000,0
MappedFileStorage.totalBytesMapped,1705372877069000000,1705372937069000000,140771328
DirectByteBufferAllocator.misses,1705372877069000000,1705372937069000000,0
FilePageCacheLockFree.totalClosedStoragesReclaimed,1705372877069000000,1705372937069000000,0
FilePageCacheLockFree.housekeeperTurnsDone,1705372877069000000,1705372937069000000,120
FilePageCache.maxCacheSizeInBytes,1705372877069000000,1705372937069000000,503332864
StreamlinedBlobStorage.totalLiveRecordsPayloadBytes,1705372877069000000,1705372937069000000,0
StreamlinedBlobStorage.recordsAllocated,1705372877069000000,1705372937069000000,0
StreamlinedBlobStorage.recordsRelocated,1705372877069000000,1705372937069000000,0
FilePageCacheLockFree.totalPagesRequested,1705372877069000000,1705372937069000000,0
StreamlinedBlobStorage.recordsDeleted,1705372877069000000,1705372937069000000,0
FilePageCacheLockFree.totalPagesHandedOver,1705372877069000000,1705372937069000000,0
FilePageCacheLockFree.totalHeapBytesReclaimed,1705372877069000000,1705372937069000000,0
FilePageCacheLockFree.totalBytesWritten,1705372877069000000,1705372937069000000,0
FilePageCache.pageLoadsAboveSizeThreshold,1705372877069000000,1705372937069000000,0
MappedFileStorage.storages,1705372877069000000,1705372937069000000,17
FilePageCacheLockFree.totalPagesRequestsMs,1705372877069000000,1705372937069000000,0
StreamlinedBlobStorage.totalLiveRecordsCapacityBytes,1705372877069000000,1705372937069000000,0
FilePageCacheLockFree.totalPageAllocationsWaited,1705372877069000000,1705372937069000000,0
StorageLockContext.competingThreads.max,1705372877069000000,1705372937069000000,0
DirectByteBufferAllocator.disposed,1705372877069000000,1705372937069000000,0
FilePageCache.disposedBuffers,1705372877069000000,1705372937069000000,0
FilePageCache.pageLoads,1705372877069000000,1705372937069000000,0
FilePageCacheLockFree.totalPagesWriteMs,1705372877069000000,1705372937069000000,0
FilePageCacheLockFree.nativeBytesInUse,1705372877069000000,1705372937069000000,417792
FilePageCache.uncachedFileAccess,1705372877069000000,1705372937069000000,0
FilePageCacheLockFree.totalBytesRequested,1705372877069000000,1705372937069000000,0
FilePageCacheLockFree.totalNativeBytesAllocated,1705372877069000000,1705372937069000000,0
FilePageCacheLockFree.heapBytesInUse,1705372877069000000,1705372937069000000,0
FilePageCache.maxRegisteredFiles,1705372877069000000,1705372937069000000,1282
FilePageCache.pageFastCacheHits,1705372877069000000,1705372937069000000,0
FilePageCache.totalPageLoadsUs,1705372877069000000,1705372937069000000,0
FilePageCacheLockFree.totalPagesAllocated,1705372877069000000,1705372937069000000,0
DirectByteBufferAllocator.hits,1705372877069000000,1705372937069000000,0
MappedFileStorage.totalTimeSpentOnMappingUs,1705372877069000000,1705372937069000000,1360
MappedFileStorage.totalPagesMapped,1705372877069000000,1705372937069000000,17
FilePageCacheLockFree.totalPagesWritten,1705372877069000000,1705372937069000000,0
FilePageCacheLockFree.totalPagesReclaimed,1705372877069000000,1705372937069000000,0
FilePageCacheLockFree.totalBytesRead,1705372877069000000,1705372937069000000,0
DirectByteBufferAllocator.totalSizeOfBuffersAllocatedInBytes,1705372877069000000,1705372937069000000,503775232
FilePageCacheLockFree.housekeeperTurnsSkipped,1705372877069000000,1705372937069000000,47168
AWTEventQueue.dispatchTimeAvgNs,1705372877069000000,1705372937069000000,0.0
FlushQueue.queueSizeAvg,1705372877069000000,1705372937069000000,0.0
FlushQueue.waitingTimeMaxNs,1705372877069000000,1705372937069000000,0
FlushQueue.waitingTime90PNs,1705372877069000000,1705372937069000000,0
ReadAction.executionsCount,1705372877069000000,1705372937069000000,0
NonBlockingReadAction.failedExecutionTimeUs,1705372877069000000,1705372937069000000,0
FlushQueue.executionTimeAvgNs,1705372877069000000,1705372937069000000,0.0
FlushQueue.executionTime90PNs,1705372877069000000,1705372937069000000,0
WriteAction.executionsCount,1705372877069000000,1705372937069000000,0
AWTEventQueue.eventsDispatched,1705372877069000000,1705372937069000000,0
AWTEventQueue.dispatchTime90PNs,1705372877069000000,1705372937069000000,0
NonBlockingReadAction.failedExecutionsCount,1705372877069000000,1705372937069000000,0
AWTEventQueue.dispatchTimeMaxNs,1705372877069000000,1705372937069000000,0
FlushQueue.queueSize90P,1705372877069000000,1705372937069000000,0
FlushQueue.waitingTimeAvgNs,1705372877069000000,1705372937069000000,0.0
FlushQueue.executionTimeMaxNs,1705372877069000000,1705372937069000000,0
FlushQueue.tasksExecuted,1705372877069000000,1705372937069000000,0
FlushQueue.queueSizeMax,1705372877069000000,1705372937069000000,0
NonBlockingReadAction.finalizedExecutionsCount,1705372877069000000,1705372937069000000,0
NonBlockingReadAction.finalizedExecutionTimeUs,1705372877069000000,1705372937069000000,0
