# OpenTelemetry Metrics report: .csv, 4 fields: 
# <metric name>, <period start, nanoseconds>, <period end, nanoseconds>, <metric value>
# See CsvMetricsExporter for details.
# 
# NAME, PERIOD_START_NANOS, PERIOD_END_NANOS, VALUE
AWTEventQueue.dispatchTimeTotalNS,1705020689437000000,1705020692442000000,820710252
workspaceModel.mutableEntityStorage.mutable.ext.mapping.ms,1705020689437000000,1705020692442000000,0
workspaceModel.mutableEntityStorage.put.entity.ms,1705020689437000000,1705020692442000000,0
workspaceModel.mutableEntityStorage.modify.entity.ms,1705020689437000000,1705020692442000000,0
workspaceModel.global.updates.count,1705020689437000000,1705020692442000000,0
workspaceModel.save.cache.to.file.ms,1705020689437000000,1705020692442000000,0
workspaceModel.sync.entities.ms,1705020689437000000,1705020692442000000,0
jps.global.handle.before.change.events.ms,1705020689437000000,1705020692442000000,0
jps.global.get.libraries.ms,1705020689437000000,1705020692442000000,0
jps.global.get.library.by.name.ms,1705020689437000000,1705020692442000000,0
workspaceModel.mutableEntityStorage.collect.changes.ms,1705020689437000000,1705020692442000000,0
workspaceModel.mutableEntityStorage.has.same.entities.ms,1705020689437000000,1705020692442000000,0
jps.app.storage.content.reader.load.component.ms,1705020689437000000,1705020692442000000,0
workspaceModel.mutableEntityStorage.replace.by.source.ms,1705020689437000000,1705020692442000000,0
jps.global.initialize.library.bridges.ms,1705020689437000000,1705020692442000000,0
workspaceModel.mutableEntityStorage.add.diff.ms,1705020689437000000,1705020692442000000,0
workspaceModel.mutableEntityStorage.referrers.ms,1705020689437000000,1705020692442000000,0
workspaceModel.mutableEntityStorage.mutable.vfurl.index.ms,1705020689437000000,1705020692442000000,0
workspaceModel.global.updates.ms,1705020689437000000,1705020692442000000,0
jps.library.entities.serializer.save.entities.ms,1705020689437000000,1705020692442000000,0
jps.global.handle.changed.events.ms,1705020689437000000,1705020692442000000,0
workspaceModel.mutableEntityStorage.entities.ms,1705020689437000000,1705020692442000000,1
jps.global.initialize.library.bridges.after.loading.ms,1705020689437000000,1705020692442000000,0
workspaceModel.load.cache.metadata.from.file.ms,1705020689437000000,1705020692442000000,0
workspaceModel.load.cache.from.file.ms,1705020689437000000,1705020692442000000,0
workspaceModel.mutableEntityStorage.remove.entity.ms,1705020689437000000,1705020692442000000,0
workspaceModel.global.apply.state.to.project.ms,1705020689437000000,1705020692442000000,0
workspaceModel.global.apply.state.to.project.builder.ms,1705020689437000000,1705020692442000000,0
jps.app.storage.content.writer.save.component.ms,1705020689437000000,1705020692442000000,0
workspaceModel.mutableEntityStorage.resolve.ms,1705020689437000000,1705020692442000000,0
jps.library.entities.serializer.load.entities.ms,1705020689437000000,1705020692442000000,0
jps.save.global.entities.ms,1705020689437000000,1705020692442000000,20
workspaceModel.mutableEntityStorage.to.snapshot.ms,1705020689437000000,1705020692442000000,0
workspaceModel.mutableEntityStorage.add.entity.ms,1705020689437000000,1705020692442000000,0
jps.load.initial.state.ms,1705020689437000000,1705020692442000000,3
jps.global.get.library.ms,1705020689437000000,1705020692442000000,0
workspaceModel.mutableEntityStorage.entities.by.source.ms,1705020689437000000,1705020692442000000,0
FilePageCacheLockFree.totalPagesRequestsMs,1705020689437000000,1705020692442000000,6
DirectByteBufferAllocator.misses,1705020689437000000,1705020692442000000,403
FilePageCache.totalPageLoadsUs,1705020689437000000,1705020692442000000,176963
FilePageCacheLockFree.totalPagesReadMs,1705020689437000000,1705020692442000000,3
FilePageCacheLockFree.totalPagesRequested,1705020689437000000,1705020692442000000,4
FilePageCacheLockFree.totalPagesReclaimed,1705020689437000000,1705020692442000000,2
StorageLockContext.competingThreads.90P,1705020689437000000,1705020692442000000,0
FilePageCacheLockFree.totalBytesRead,1705020689437000000,1705020692442000000,982
FilePageCache.maxRegisteredFiles,1705020689437000000,1705020692442000000,1102
FilePageCacheLockFree.totalPagesAllocated,1705020689437000000,1705020692442000000,2
FilePageCache.pageLoads,1705020689437000000,1705020692442000000,404
FilePageCache.uncachedFileAccess,1705020689437000000,1705020692442000000,239
FileChannelInterruptsRetryer.totalRetriedAttempts,1705020689437000000,1705020692442000000,0
FilePageCacheLockFree.totalPageAllocationsWaited,1705020689437000000,1705020692442000000,0
FilePageCacheLockFree.totalNativeBytesReclaimed,1705020689437000000,1705020692442000000,16384
StorageLockContext.competingThreads.avg,1705020689437000000,1705020692442000000,0.0
FilePageCache.maxCacheSizeInBytes,1705020689437000000,1705020692442000000,418398208
FilePageCacheLockFree.totalPagesWriteMs,1705020689437000000,1705020692442000000,0
FilePageCache.pageFastCacheHits,1705020689437000000,1705020692442000000,8048
FilePageCacheLockFree.totalBytesWritten,1705020689437000000,1705020692442000000,0
FilePageCacheLockFree.heapBytesInUse,1705020689437000000,1705020692442000000,0
DirectByteBufferAllocator.totalSizeOfBuffersCachedInBytes,1705020689437000000,1705020692442000000,41975808
FilePageCacheLockFree.totalPagesWritten,1705020689437000000,1705020692442000000,0
FilePageCacheLockFree.totalHeapBytesAllocated,1705020689437000000,1705020692442000000,0
FilePageCacheLockFree.totalClosedStoragesReclaimed,1705020689437000000,1705020692442000000,2
FilePageCacheLockFree.housekeeperTimeSpentMs,1705020689437000000,1705020692442000000,19
DirectByteBufferAllocator.reclaimed,1705020689437000000,1705020692442000000,47
FilePageCache.disposedBuffers,1705020689437000000,1705020692442000000,404
DirectByteBufferAllocator.totalSizeOfBuffersAllocatedInBytes,1705020689437000000,1705020692442000000,41975808
FilePageCacheLockFree.totalPagesHandedOver,1705020689437000000,1705020692442000000,0
FilePageCacheLockFree.nativeBytesInUse,1705020689437000000,1705020692442000000,0
FilePageCacheLockFree.housekeeperTurnsSkipped,1705020689437000000,1705020692442000000,2221
DirectByteBufferAllocator.disposed,1705020689437000000,1705020692442000000,359
FilePageCacheLockFree.totalNativeBytesAllocated,1705020689437000000,1705020692442000000,16384
FilePageCacheLockFree.totalHeapBytesReclaimed,1705020689437000000,1705020692442000000,0
StorageLockContext.competingThreads.max,1705020689437000000,1705020692442000000,0
DirectByteBufferAllocator.hits,1705020689437000000,1705020692442000000,3
FilePageCache.pageHits,1705020689437000000,1705020692442000000,0
FilePageCache.capacityInBytes,1705020689437000000,1705020692442000000,503316478
FilePageCacheLockFree.totalBytesRequested,1705020689437000000,1705020692442000000,32768
FilePageCache.pageLoadsAboveSizeThreshold,1705020689437000000,1705020692442000000,0
FilePageCacheLockFree.housekeeperTurnsDone,1705020689437000000,1705020692442000000,8
FilePageCache.totalPageDisposalsUs,1705020689437000000,1705020692442000000,1613
