# OpenTelemetry Metrics report: .csv, 4 fields: 
# <metric name>, <period start, nanoseconds>, <period end, nanoseconds>, <metric value>
# See CsvMetricsExporter for details.
# 
# NAME, PERIOD_START_NANOS, PERIOD_END_NANOS, VALUE
Indexes.entries.lookupDurationAvgMs,1705141069366000000,1705141129384000000,0.1597222222222222
Indexes.entries.lookupDuration90PMs,1705141069366000000,1705141129384000000,0.0
Indexes.stubs.lookups,1705141069366000000,1705141129384000000,6781.0
IndexesFlusher.totalContentionQuotaSpent,1705141069366000000,1705141129384000000,6
Indexes.entries.lookupDurationMaxMs,1705141069366000000,1705141129384000000,84.0
IndexesFlusher.totalFlushesRetried,1705141069366000000,1705141129384000000,0
IndexesFlusher.totalFlushes,1705141069366000000,1705141129384000000,58
Indexes.allKeys.lookups,1705141069366000000,1705141129384000000,9.0
Indexes.stubs.lookupDurationMaxMs,1705141069366000000,1705141129384000000,82.0
Indexes.stubs.lookupDuration90PMs,1705141069366000000,1705141129384000000,0.0
Indexes.allKeys.lookupDurationAvgMs,1705141069366000000,1705141129384000000,4.333333333333333
IndexesFlusher.totalFlushingTimeUs,1705141069366000000,1705141129384000000,555570
Indexes.stubs.lookupDurationAvgMs,1705141069366000000,1705141129384000000,0.07742220911370004
Indexes.entries.lookups,1705141069366000000,1705141129384000000,3456.0
Indexes.allKeys.lookupDurationMaxMs,1705141069366000000,1705141129384000000,21.0
Indexes.allKeys.lookupDuration90PMs,1705141069366000000,1705141129384000000,21.0
AWTEventQueue.eventsDispatched,1705141069366000000,1705141129384000000,13275
FlushQueue.executionTimeAvgNs,1705141069366000000,1705141129384000000,713470.3191266375
FlushQueue.waitingTime90PNs,1705141069366000000,1705141129384000000,83886079
FlushQueue.waitingTimeMaxNs,1705141069366000000,1705141129384000000,645922815
FlushQueue.tasksExecuted,1705141069366000000,1705141129384000000,5725
AWTEventQueue.dispatchTime90PNs,1705141069366000000,1705141129384000000,372735
FlushQueue.queueSizeAvg,1705141069366000000,1705141129384000000,12.92646288209607
FlushQueue.queueSize90P,1705141069366000000,1705141129384000000,42
AWTEventQueue.dispatchTimeAvgNs,1705141069366000000,1705141129384000000,638271.3889265537
FlushQueue.executionTime90PNs,1705141069366000000,1705141129384000000,274431
FlushQueue.waitingTimeAvgNs,1705141069366000000,1705141129384000000,3.0636113331703056E7
NonBlockingReadAction.finalizedExecutionsCount,1705141069366000000,1705141129384000000,1715
AWTEventQueue.dispatchTimeTotalNS,1705141069366000000,1705141129384000000,8473528019
FlushQueue.executionTimeMaxNs,1705141069366000000,1705141129384000000,278921215
NonBlockingReadAction.finalizedExecutionTimeUs,1705141069366000000,1705141129384000000,4478518
NonBlockingReadAction.failedExecutionsCount,1705141069366000000,1705141129384000000,17
WriteAction.executionsCount,1705141069366000000,1705141129384000000,130
ReadAction.executionsCount,1705141069366000000,1705141129384000000,249170
AWTEventQueue.dispatchTimeMaxNs,1705141069366000000,1705141129384000000,278921215
FlushQueue.queueSizeMax,1705141069366000000,1705141129384000000,146
NonBlockingReadAction.failedExecutionTimeUs,1705141069366000000,1705141129384000000,164930
workspaceModel.updates.precise.ms,1705141069366000000,1705141129384000000,27
workspaceModel.updates.count,1705141069366000000,1705141129384000000,10
workspaceModel.to.snapshot.ms,1705141069366000000,1705141129384000000,1
workspaceModel.initializing.ms,1705141069366000000,1705141129384000000,1
workspaceModel.updates.ms,1705141069366000000,1705141129384000000,68
workspaceModel.loading.from.cache.ms,1705141069366000000,1705141129384000000,137
workspaceModel.loading.total.ms,1705141069366000000,1705141129384000000,146
workspaceModel.pre.handlers.ms,1705141069366000000,1705141129384000000,0
workspaceModel.replace.project.model.ms,1705141069366000000,1705141129384000000,0
workspaceModel.update.unloaded.entities.ms,1705141069366000000,1705141129384000000,0
workspaceModel.init.bridges.ms,1705141069366000000,1705141129384000000,1
workspaceModel.collect.changes.ms,1705141069366000000,1705141129384000000,0
workspaceModel.check.recursive.update.ms,1705141069366000000,1705141129384000000,0
FilePageCache.totalPageLoadsUs,1705141069366000000,1705141129384000000,306845
MappedFileStorage.storages,1705141069366000000,1705141129384000000,17
FilePageCacheLockFree.totalPagesReadMs,1705141069366000000,1705141129384000000,7
FilePageCache.pageHits,1705141069366000000,1705141129384000000,4
FilePageCache.capacityInBytes,1705141069366000000,1705141129384000000,503316478
StorageLockContext.competingThreads.max,1705141069366000000,1705141129384000000,0
StreamlinedBlobStorage.recordsRelocated,1705141069366000000,1705141129384000000,0
FilePageCache.disposedBuffers,1705141069366000000,1705141129384000000,120
MappedFileStorage.totalBytesMapped,1705141069366000000,1705141129384000000,140771328
MappedFileStorage.totalPagesMapped,1705141069366000000,1705141129384000000,17
DirectByteBufferAllocator.totalSizeOfBuffersCachedInBytes,1705141069366000000,1705141129384000000,1048576
DirectByteBufferAllocator.misses,1705141069366000000,1705141129384000000,534
FilePageCache.pageFastCacheHits,1705141069366000000,1705141129384000000,54930
FilePageCache.uncachedFileAccess,1705141069366000000,1705141129384000000,403
FilePageCache.pageLoadsAboveSizeThreshold,1705141069366000000,1705141129384000000,115
FilePageCacheLockFree.totalHeapBytesAllocated,1705141069366000000,1705141129384000000,0
MappedFileStorage.totalTimeSpentOnMappingUs,1705141069366000000,1705141129384000000,749
StreamlinedBlobStorage.recordsDeleted,1705141069366000000,1705141129384000000,103
FilePageCacheLockFree.totalPageAllocationsWaited,1705141069366000000,1705141129384000000,0
FilePageCache.maxCacheSizeInBytes,1705141069366000000,1705141129384000000,503324672
FilePageCacheLockFree.totalPagesWriteMs,1705141069366000000,1705141129384000000,3
FilePageCacheLockFree.totalPagesHandedOver,1705141069366000000,1705141129384000000,0
StorageLockContext.competingThreads.avg,1705141069366000000,1705141129384000000,0.0
FilePageCacheLockFree.heapBytesInUse,1705141069366000000,1705141129384000000,0
FilePageCache.pageLoads,1705141069366000000,1705141129384000000,490
FilePageCacheLockFree.housekeeperTimeSpentMs,1705141069366000000,1705141129384000000,122
FilePageCacheLockFree.totalPagesWritten,1705141069366000000,1705141129384000000,5
FilePageCacheLockFree.totalPagesAllocated,1705141069366000000,1705141129384000000,48
FilePageCacheLockFree.totalHeapBytesReclaimed,1705141069366000000,1705141129384000000,0
DirectByteBufferAllocator.totalSizeOfBuffersAllocatedInBytes,1705141069366000000,1705141129384000000,503758848
FilePageCache.maxRegisteredFiles,1705141069366000000,1705141129384000000,1282
StorageLockContext.competingThreads.90P,1705141069366000000,1705141129384000000,0
StreamlinedBlobStorage.recordsAllocated,1705141069366000000,1705141129384000000,84957
StreamlinedBlobStorage.totalLiveRecordsPayloadBytes,1705141069366000000,1705141129384000000,3963652
FilePageCacheLockFree.totalPagesRequested,1705141069366000000,1705141129384000000,2718
FilePageCacheLockFree.totalClosedStoragesReclaimed,1705141069366000000,1705141129384000000,0
DirectByteBufferAllocator.hits,1705141069366000000,1705141129384000000,119
FilePageCacheLockFree.nativeBytesInUse,1705141069366000000,1705141129384000000,393216
FilePageCacheLockFree.totalNativeBytesReclaimed,1705141069366000000,1705141129384000000,0
FilePageCache.totalPageDisposalsUs,1705141069366000000,1705141129384000000,1323
FilePageCacheLockFree.totalNativeBytesAllocated,1705141069366000000,1705141129384000000,393216
DirectByteBufferAllocator.reclaimed,1705141069366000000,1705141129384000000,120
FilePageCacheLockFree.housekeeperTurnsDone,1705141069366000000,1705141129384000000,120
FilePageCacheLockFree.totalBytesRead,1705141069366000000,1705141129384000000,371149
StreamlinedBlobStorage.totalLiveRecordsCapacityBytes,1705141069366000000,1705141129384000000,7770723
FileChannelInterruptsRetryer.totalRetriedAttempts,1705141069366000000,1705141129384000000,0
FilePageCacheLockFree.housekeeperTurnsSkipped,1705141069366000000,1705141129384000000,46590
FilePageCacheLockFree.totalPagesReclaimed,1705141069366000000,1705141129384000000,0
FilePageCacheLockFree.totalPagesRequestsMs,1705141069366000000,1705141129384000000,14
FilePageCacheLockFree.totalBytesRequested,1705141069366000000,1705141129384000000,22265856
DirectByteBufferAllocator.disposed,1705141069366000000,1705141129384000000,0
FilePageCacheLockFree.totalBytesWritten,1705141069366000000,1705141129384000000,22382
jps.app.storage.content.reader.load.component.ms,1705141069366000000,1705141129384000000,0
workspaceModel.moduleBridge.facet.initialization.ms,1705141069366000000,1705141129384000000,0
jps.module.iml.entities.serializer.save.entities.ms,1705141069366000000,1705141129384000000,5
jps.facet.change.listener.before.change.events.ms,1705141069366000000,1705141129384000000,0
jps.apply.loaded.storage.ms,1705141069366000000,1705141129384000000,82
jps.storage.jps.conf.reader.load.component.ms,1705141069366000000,1705141129384000000,25
workspaceModel.mutableEntityStorage.mutable.ext.mapping.ms,1705141069366000000,1705141129384000000,2
jps.global.get.library.by.name.ms,1705141069366000000,1705141129384000000,0
jps.library.entities.serializer.load.entities.ms,1705141069366000000,1705141129384000000,46
jps.global.handle.before.change.events.ms,1705141069366000000,1705141129384000000,0
workspaceModel.moduleBridge.update.option.ms,1705141069366000000,1705141129384000000,0
jps.save.changed.project.entities.ms,1705141069366000000,1705141129384000000,6
workspaceModel.mutableEntityStorage.modify.entity.ms,1705141069366000000,1705141129384000000,5
jps.load.project.to.empty.storage.ms,1705141069366000000,1705141129384000000,60
workspaceModel.save.cache.to.file.ms,1705141069366000000,1705141129384000000,37
jps.artifact.entities.serializer.save.entities.ms,1705141069366000000,1705141129384000000,0
workspaceModel.moduleManagerBridge.load.all.modules.ms,1705141069366000000,1705141129384000000,270
jps.global.initialize.library.bridges.after.loading.ms,1705141069366000000,1705141129384000000,0
workspaceModel.global.updates.count,1705141069366000000,1705141129384000000,0
jps.global.handle.changed.events.ms,1705141069366000000,1705141129384000000,0
workspaceModel.global.updates.ms,1705141069366000000,1705141129384000000,0
jps.project.serializers.load.ms,1705141069366000000,1705141129384000000,32
jps.modifiable.module.model.bridge.new.module.ms,1705141069366000000,1705141129384000000,0
jps.app.storage.content.writer.save.component.ms,1705141069366000000,1705141129384000000,0
workspaceModel.mutableEntityStorage.mutable.vfurl.index.ms,1705141069366000000,1705141129384000000,0
workspaceModel.orphan.listener.update.ms,1705141069366000000,1705141129384000000,2
jps.global.initialize.library.bridges.ms,1705141069366000000,1705141129384000000,0
jps.library.entities.serializer.save.entities.ms,1705141069366000000,1705141129384000000,0
workspaceModel.moduleManagerBridge.build.module.graph.ms,1705141069366000000,1705141129384000000,9
workspaceModel.mutableEntityStorage.add.entity.ms,1705141069366000000,1705141129384000000,40
workspaceModel.delayed.project.synchronizer.sync.ms,1705141069366000000,1705141129384000000,145
workspaceModel.mutableEntityStorage.has.same.entities.ms,1705141069366000000,1705141129384000000,0
workspaceModel.load.cache.from.file.ms,1705141069366000000,1705141129384000000,134
jps.modifiable.module.model.bridge.renaming.ms,1705141069366000000,1705141129384000000,0
jps.project.serializers.save.ms,1705141069366000000,1705141129384000000,6
jps.global.get.library.ms,1705141069366000000,1705141129384000000,0
workspaceModel.mutableEntityStorage.referrers.ms,1705141069366000000,1705141129384000000,0
workspaceModel.mutableEntityStorage.resolve.ms,1705141069366000000,1705141129384000000,0
workspaceModel.moduleManagerBridge.set.unloadedModules.ms,1705141069366000000,1705141129384000000,0
jps.artifact.entities.serializer.load.entities.ms,1705141069366000000,1705141129384000000,0
workspaceModel.mutableEntityStorage.replace.by.source.ms,1705141069366000000,1705141129384000000,18
workspaceModel.mutableEntityStorage.put.entity.ms,1705141069366000000,1705141129384000000,23
jps.load.initial.state.ms,1705141069366000000,1705141129384000000,4
workspaceModel.load.cache.metadata.from.file.ms,1705141069366000000,1705141129384000000,24
jps.modifiable.module.model.bridge.disposing.ms,1705141069366000000,1705141129384000000,0
workspaceModel.mutableEntityStorage.add.diff.ms,1705141069366000000,1705141129384000000,14
workspaceModel.sync.entities.ms,1705141069366000000,1705141129384000000,0
jps.module.iml.entities.serializer.load.entities.ms,1705141069366000000,1705141129384000000,37
jps.facet.change.listener.process.change.events.ms,1705141069366000000,1705141129384000000,1
jps.facet.change.listener.init.bridge.ms,1705141069366000000,1705141129384000000,0
workspaceModel.moduleManagerBridge.new.nonPersistent.module.ms,1705141069366000000,1705141129384000000,0
workspaceModel.moduleManagerBridge.get.modules.ms,1705141069366000000,1705141129384000000,0
workspaceModel.moduleBridgeLoader.loading.modules.ms,1705141069366000000,1705141129384000000,484
jps.global.get.libraries.ms,1705141069366000000,1705141129384000000,0
jps.reload.project.entities.ms,1705141069366000000,1705141129384000000,0
workspaceModel.moduleBridge.before.changed.ms,1705141069366000000,1705141129384000000,0
workspaceModel.moduleManagerBridge.newModule.ms,1705141069366000000,1705141129384000000,0
workspaceModel.global.apply.state.to.project.builder.ms,1705141069366000000,1705141129384000000,0
jps.save.global.entities.ms,1705141069366000000,1705141129384000000,0
workspaceModel.mutableEntityStorage.collect.changes.ms,1705141069366000000,1705141129384000000,0
workspaceModel.mutableEntityStorage.to.snapshot.ms,1705141069366000000,1705141129384000000,2
workspaceModel.moduleManagerBridge.load.module.ms,1705141069366000000,1705141129384000000,0
workspaceModel.mutableEntityStorage.entities.by.source.ms,1705141069366000000,1705141129384000000,1
workspaceModel.moduleManagerBridge.create.module.instance.ms,1705141069366000000,1705141129384000000,0
workspaceModel.mutableEntityStorage.entities.ms,1705141069366000000,1705141129384000000,0
workspaceModel.mutableEntityStorage.remove.entity.ms,1705141069366000000,1705141129384000000,1
workspaceModel.global.apply.state.to.project.ms,1705141069366000000,1705141129384000000,25
jps.modifiable.module.model.bridge.load.module.ms,1705141069366000000,1705141129384000000,0
JVM.totalCpuTimeMs,1705141069366000000,1705141129384000000,83167
JVM.GC.collectionTimesMs,1705141069366000000,1705141129384000000,196
JVM.maxNativeBytes,1705141069366000000,1705141129384000000,-1
JVM.maxHeapBytes,1705141069366000000,1705141129384000000,2147483648
JVM.usedNativeBytes,1705141069366000000,1705141129384000000,611855616
JVM.GC.collections,1705141069366000000,1705141129384000000,35
JVM.threadCount,1705141069366000000,1705141129384000000,169
JVM.usedHeapBytes,1705141069366000000,1705141129384000000,460578464
JVM.totalBytesAllocated,1705141069366000000,1705141129384000000,4163223408
OS.loadAverage,1705141069366000000,1705141129384000000,8.318359375
FileNameCache.totalMisses,1705141069366000000,1705141129384000000,84262
FileNameCache.queries,1705141069366000000,1705141129384000000,1881559
Indexes.entries.lookupDurationAvgMs,1705141129384000000,1705141189379000000,0.0
Indexes.entries.lookupDuration90PMs,1705141129384000000,1705141189379000000,0.0
Indexes.stubs.lookups,1705141129384000000,1705141189379000000,0.0
IndexesFlusher.totalContentionQuotaSpent,1705141129384000000,1705141189379000000,0
Indexes.entries.lookupDurationMaxMs,1705141129384000000,1705141189379000000,0.0
IndexesFlusher.totalFlushesRetried,1705141129384000000,1705141189379000000,0
IndexesFlusher.totalFlushes,1705141129384000000,1705141189379000000,58
Indexes.allKeys.lookups,1705141129384000000,1705141189379000000,0.0
Indexes.stubs.lookupDurationMaxMs,1705141129384000000,1705141189379000000,0.0
Indexes.stubs.lookupDuration90PMs,1705141129384000000,1705141189379000000,0.0
Indexes.allKeys.lookupDurationAvgMs,1705141129384000000,1705141189379000000,0.0
IndexesFlusher.totalFlushingTimeUs,1705141129384000000,1705141189379000000,604349
Indexes.stubs.lookupDurationAvgMs,1705141129384000000,1705141189379000000,0.0
Indexes.entries.lookups,1705141129384000000,1705141189379000000,0.0
Indexes.allKeys.lookupDurationMaxMs,1705141129384000000,1705141189379000000,0.0
Indexes.allKeys.lookupDuration90PMs,1705141129384000000,1705141189379000000,0.0
AWTEventQueue.eventsDispatched,1705141129384000000,1705141189379000000,8032
FlushQueue.executionTimeAvgNs,1705141129384000000,1705141189379000000,113021.32780082988
FlushQueue.waitingTime90PNs,1705141129384000000,1705141189379000000,966655
FlushQueue.waitingTimeMaxNs,1705141129384000000,1705141189379000000,9306111
FlushQueue.tasksExecuted,1705141129384000000,1705141189379000000,482
AWTEventQueue.dispatchTime90PNs,1705141129384000000,1705141189379000000,130047
FlushQueue.queueSizeAvg,1705141129384000000,1705141189379000000,0.6078838174273858
FlushQueue.queueSize90P,1705141129384000000,1705141189379000000,1
AWTEventQueue.dispatchTimeAvgNs,1705141129384000000,1705141189379000000,119907.64243027888
FlushQueue.executionTime90PNs,1705141129384000000,1705141189379000000,149503
FlushQueue.waitingTimeAvgNs,1705141129384000000,1705141189379000000,477170.5394190871
NonBlockingReadAction.finalizedExecutionsCount,1705141129384000000,1705141189379000000,27
AWTEventQueue.dispatchTimeTotalNS,1705141129384000000,1705141189379000000,963530974
FlushQueue.executionTimeMaxNs,1705141129384000000,1705141189379000000,13631487
NonBlockingReadAction.finalizedExecutionTimeUs,1705141129384000000,1705141189379000000,1121
NonBlockingReadAction.failedExecutionsCount,1705141129384000000,1705141189379000000,0
WriteAction.executionsCount,1705141129384000000,1705141189379000000,0
ReadAction.executionsCount,1705141129384000000,1705141189379000000,13502
AWTEventQueue.dispatchTimeMaxNs,1705141129384000000,1705141189379000000,17039359
FlushQueue.queueSizeMax,1705141129384000000,1705141189379000000,10
NonBlockingReadAction.failedExecutionTimeUs,1705141129384000000,1705141189379000000,0
workspaceModel.updates.precise.ms,1705141129384000000,1705141189379000000,27
workspaceModel.updates.count,1705141129384000000,1705141189379000000,10
workspaceModel.to.snapshot.ms,1705141129384000000,1705141189379000000,1
workspaceModel.initializing.ms,1705141129384000000,1705141189379000000,1
workspaceModel.updates.ms,1705141129384000000,1705141189379000000,68
workspaceModel.loading.from.cache.ms,1705141129384000000,1705141189379000000,137
workspaceModel.loading.total.ms,1705141129384000000,1705141189379000000,146
workspaceModel.pre.handlers.ms,1705141129384000000,1705141189379000000,0
workspaceModel.replace.project.model.ms,1705141129384000000,1705141189379000000,0
workspaceModel.update.unloaded.entities.ms,1705141129384000000,1705141189379000000,0
workspaceModel.init.bridges.ms,1705141129384000000,1705141189379000000,1
workspaceModel.collect.changes.ms,1705141129384000000,1705141189379000000,0
workspaceModel.check.recursive.update.ms,1705141129384000000,1705141189379000000,0
FilePageCache.totalPageLoadsUs,1705141129384000000,1705141189379000000,0
MappedFileStorage.storages,1705141129384000000,1705141189379000000,17
FilePageCacheLockFree.totalPagesReadMs,1705141129384000000,1705141189379000000,0
FilePageCache.pageHits,1705141129384000000,1705141189379000000,0
FilePageCache.capacityInBytes,1705141129384000000,1705141189379000000,503316478
StorageLockContext.competingThreads.max,1705141129384000000,1705141189379000000,0
StreamlinedBlobStorage.recordsRelocated,1705141129384000000,1705141189379000000,0
FilePageCache.disposedBuffers,1705141129384000000,1705141189379000000,0
MappedFileStorage.totalBytesMapped,1705141129384000000,1705141189379000000,140771328
MappedFileStorage.totalPagesMapped,1705141129384000000,1705141189379000000,17
DirectByteBufferAllocator.totalSizeOfBuffersCachedInBytes,1705141129384000000,1705141189379000000,1048576
DirectByteBufferAllocator.misses,1705141129384000000,1705141189379000000,0
FilePageCache.pageFastCacheHits,1705141129384000000,1705141189379000000,6
FilePageCache.uncachedFileAccess,1705141129384000000,1705141189379000000,0
FilePageCache.pageLoadsAboveSizeThreshold,1705141129384000000,1705141189379000000,0
FilePageCacheLockFree.totalHeapBytesAllocated,1705141129384000000,1705141189379000000,0
MappedFileStorage.totalTimeSpentOnMappingUs,1705141129384000000,1705141189379000000,749
StreamlinedBlobStorage.recordsDeleted,1705141129384000000,1705141189379000000,0
FilePageCacheLockFree.totalPageAllocationsWaited,1705141129384000000,1705141189379000000,0
FilePageCache.maxCacheSizeInBytes,1705141129384000000,1705141189379000000,503324672
FilePageCacheLockFree.totalPagesWriteMs,1705141129384000000,1705141189379000000,0
FilePageCacheLockFree.totalPagesHandedOver,1705141129384000000,1705141189379000000,0
StorageLockContext.competingThreads.avg,1705141129384000000,1705141189379000000,0.0
FilePageCacheLockFree.heapBytesInUse,1705141129384000000,1705141189379000000,0
FilePageCache.pageLoads,1705141129384000000,1705141189379000000,0
FilePageCacheLockFree.housekeeperTimeSpentMs,1705141129384000000,1705141189379000000,40
FilePageCacheLockFree.totalPagesWritten,1705141129384000000,1705141189379000000,0
FilePageCacheLockFree.totalPagesAllocated,1705141129384000000,1705141189379000000,0
FilePageCacheLockFree.totalHeapBytesReclaimed,1705141129384000000,1705141189379000000,0
DirectByteBufferAllocator.totalSizeOfBuffersAllocatedInBytes,1705141129384000000,1705141189379000000,503758848
FilePageCache.maxRegisteredFiles,1705141129384000000,1705141189379000000,1282
StorageLockContext.competingThreads.90P,1705141129384000000,1705141189379000000,0
StreamlinedBlobStorage.recordsAllocated,1705141129384000000,1705141189379000000,0
StreamlinedBlobStorage.totalLiveRecordsPayloadBytes,1705141129384000000,1705141189379000000,0
FilePageCacheLockFree.totalPagesRequested,1705141129384000000,1705141189379000000,0
FilePageCacheLockFree.totalClosedStoragesReclaimed,1705141129384000000,1705141189379000000,0
DirectByteBufferAllocator.hits,1705141129384000000,1705141189379000000,0
FilePageCacheLockFree.nativeBytesInUse,1705141129384000000,1705141189379000000,393216
FilePageCacheLockFree.totalNativeBytesReclaimed,1705141129384000000,1705141189379000000,0
FilePageCache.totalPageDisposalsUs,1705141129384000000,1705141189379000000,0
FilePageCacheLockFree.totalNativeBytesAllocated,1705141129384000000,1705141189379000000,0
DirectByteBufferAllocator.reclaimed,1705141129384000000,1705141189379000000,0
FilePageCacheLockFree.housekeeperTurnsDone,1705141129384000000,1705141189379000000,120
FilePageCacheLockFree.totalBytesRead,1705141129384000000,1705141189379000000,0
StreamlinedBlobStorage.totalLiveRecordsCapacityBytes,1705141129384000000,1705141189379000000,0
FileChannelInterruptsRetryer.totalRetriedAttempts,1705141129384000000,1705141189379000000,0
FilePageCacheLockFree.housekeeperTurnsSkipped,1705141129384000000,1705141189379000000,47327
FilePageCacheLockFree.totalPagesReclaimed,1705141129384000000,1705141189379000000,0
FilePageCacheLockFree.totalPagesRequestsMs,1705141129384000000,1705141189379000000,0
FilePageCacheLockFree.totalBytesRequested,1705141129384000000,1705141189379000000,0
DirectByteBufferAllocator.disposed,1705141129384000000,1705141189379000000,0
FilePageCacheLockFree.totalBytesWritten,1705141129384000000,1705141189379000000,0
jps.app.storage.content.reader.load.component.ms,1705141129384000000,1705141189379000000,0
workspaceModel.moduleBridge.facet.initialization.ms,1705141129384000000,1705141189379000000,0
jps.module.iml.entities.serializer.save.entities.ms,1705141129384000000,1705141189379000000,5
jps.facet.change.listener.before.change.events.ms,1705141129384000000,1705141189379000000,0
jps.apply.loaded.storage.ms,1705141129384000000,1705141189379000000,82
jps.storage.jps.conf.reader.load.component.ms,1705141129384000000,1705141189379000000,25
workspaceModel.mutableEntityStorage.mutable.ext.mapping.ms,1705141129384000000,1705141189379000000,2
jps.global.get.library.by.name.ms,1705141129384000000,1705141189379000000,0
jps.library.entities.serializer.load.entities.ms,1705141129384000000,1705141189379000000,46
jps.global.handle.before.change.events.ms,1705141129384000000,1705141189379000000,0
workspaceModel.moduleBridge.update.option.ms,1705141129384000000,1705141189379000000,0
jps.save.changed.project.entities.ms,1705141129384000000,1705141189379000000,6
workspaceModel.mutableEntityStorage.modify.entity.ms,1705141129384000000,1705141189379000000,5
jps.load.project.to.empty.storage.ms,1705141129384000000,1705141189379000000,60
workspaceModel.save.cache.to.file.ms,1705141129384000000,1705141189379000000,37
jps.artifact.entities.serializer.save.entities.ms,1705141129384000000,1705141189379000000,0
workspaceModel.moduleManagerBridge.load.all.modules.ms,1705141129384000000,1705141189379000000,270
jps.global.initialize.library.bridges.after.loading.ms,1705141129384000000,1705141189379000000,0
workspaceModel.global.updates.count,1705141129384000000,1705141189379000000,0
jps.global.handle.changed.events.ms,1705141129384000000,1705141189379000000,0
workspaceModel.global.updates.ms,1705141129384000000,1705141189379000000,0
jps.project.serializers.load.ms,1705141129384000000,1705141189379000000,32
jps.modifiable.module.model.bridge.new.module.ms,1705141129384000000,1705141189379000000,0
jps.app.storage.content.writer.save.component.ms,1705141129384000000,1705141189379000000,0
workspaceModel.mutableEntityStorage.mutable.vfurl.index.ms,1705141129384000000,1705141189379000000,0
workspaceModel.orphan.listener.update.ms,1705141129384000000,1705141189379000000,2
jps.global.initialize.library.bridges.ms,1705141129384000000,1705141189379000000,0
jps.library.entities.serializer.save.entities.ms,1705141129384000000,1705141189379000000,0
workspaceModel.moduleManagerBridge.build.module.graph.ms,1705141129384000000,1705141189379000000,9
workspaceModel.mutableEntityStorage.add.entity.ms,1705141129384000000,1705141189379000000,40
workspaceModel.delayed.project.synchronizer.sync.ms,1705141129384000000,1705141189379000000,145
workspaceModel.mutableEntityStorage.has.same.entities.ms,1705141129384000000,1705141189379000000,0
workspaceModel.load.cache.from.file.ms,1705141129384000000,1705141189379000000,134
jps.modifiable.module.model.bridge.renaming.ms,1705141129384000000,1705141189379000000,0
jps.project.serializers.save.ms,1705141129384000000,1705141189379000000,6
jps.global.get.library.ms,1705141129384000000,1705141189379000000,0
workspaceModel.mutableEntityStorage.referrers.ms,1705141129384000000,1705141189379000000,0
workspaceModel.mutableEntityStorage.resolve.ms,1705141129384000000,1705141189379000000,0
workspaceModel.moduleManagerBridge.set.unloadedModules.ms,1705141129384000000,1705141189379000000,0
jps.artifact.entities.serializer.load.entities.ms,1705141129384000000,1705141189379000000,0
workspaceModel.mutableEntityStorage.replace.by.source.ms,1705141129384000000,1705141189379000000,18
workspaceModel.mutableEntityStorage.put.entity.ms,1705141129384000000,1705141189379000000,23
jps.load.initial.state.ms,1705141129384000000,1705141189379000000,4
workspaceModel.load.cache.metadata.from.file.ms,1705141129384000000,1705141189379000000,24
jps.modifiable.module.model.bridge.disposing.ms,1705141129384000000,1705141189379000000,0
workspaceModel.mutableEntityStorage.add.diff.ms,1705141129384000000,1705141189379000000,14
workspaceModel.sync.entities.ms,1705141129384000000,1705141189379000000,0
jps.module.iml.entities.serializer.load.entities.ms,1705141129384000000,1705141189379000000,37
jps.facet.change.listener.process.change.events.ms,1705141129384000000,1705141189379000000,1
jps.facet.change.listener.init.bridge.ms,1705141129384000000,1705141189379000000,0
workspaceModel.moduleManagerBridge.new.nonPersistent.module.ms,1705141129384000000,1705141189379000000,0
workspaceModel.moduleManagerBridge.get.modules.ms,1705141129384000000,1705141189379000000,0
workspaceModel.moduleBridgeLoader.loading.modules.ms,1705141129384000000,1705141189379000000,484
jps.global.get.libraries.ms,1705141129384000000,1705141189379000000,0
jps.reload.project.entities.ms,1705141129384000000,1705141189379000000,0
workspaceModel.moduleBridge.before.changed.ms,1705141129384000000,1705141189379000000,0
workspaceModel.moduleManagerBridge.newModule.ms,1705141129384000000,1705141189379000000,0
workspaceModel.global.apply.state.to.project.builder.ms,1705141129384000000,1705141189379000000,0
jps.save.global.entities.ms,1705141129384000000,1705141189379000000,1
workspaceModel.mutableEntityStorage.collect.changes.ms,1705141129384000000,1705141189379000000,0
workspaceModel.mutableEntityStorage.to.snapshot.ms,1705141129384000000,1705141189379000000,2
workspaceModel.moduleManagerBridge.load.module.ms,1705141129384000000,1705141189379000000,0
workspaceModel.mutableEntityStorage.entities.by.source.ms,1705141129384000000,1705141189379000000,1
workspaceModel.moduleManagerBridge.create.module.instance.ms,1705141129384000000,1705141189379000000,0
workspaceModel.mutableEntityStorage.entities.ms,1705141129384000000,1705141189379000000,0
workspaceModel.mutableEntityStorage.remove.entity.ms,1705141129384000000,1705141189379000000,1
workspaceModel.global.apply.state.to.project.ms,1705141129384000000,1705141189379000000,25
jps.modifiable.module.model.bridge.load.module.ms,1705141129384000000,1705141189379000000,0
JVM.totalCpuTimeMs,1705141129384000000,1705141189379000000,7443
JVM.GC.collectionTimesMs,1705141129384000000,1705141189379000000,0
JVM.maxNativeBytes,1705141129384000000,1705141189379000000,-1
JVM.maxHeapBytes,1705141129384000000,1705141189379000000,2147483648
JVM.usedNativeBytes,1705141129384000000,1705141189379000000,613583888
JVM.GC.collections,1705141129384000000,1705141189379000000,0
JVM.threadCount,1705141129384000000,1705141189379000000,81
JVM.usedHeapBytes,1705141129384000000,1705141189379000000,583261856
JVM.totalBytesAllocated,1705141129384000000,1705141189379000000,111501832
OS.loadAverage,1705141129384000000,1705141189379000000,3.78857421875
FileNameCache.totalMisses,1705141129384000000,1705141189379000000,2
FileNameCache.queries,1705141129384000000,1705141189379000000,1974
Indexes.entries.lookupDurationAvgMs,1705141189379000000,1705141249382000000,0.0
Indexes.entries.lookupDuration90PMs,1705141189379000000,1705141249382000000,0.0
Indexes.stubs.lookups,1705141189379000000,1705141249382000000,0.0
IndexesFlusher.totalContentionQuotaSpent,1705141189379000000,1705141249382000000,0
Indexes.entries.lookupDurationMaxMs,1705141189379000000,1705141249382000000,0.0
IndexesFlusher.totalFlushesRetried,1705141189379000000,1705141249382000000,0
IndexesFlusher.totalFlushes,1705141189379000000,1705141249382000000,59
Indexes.allKeys.lookups,1705141189379000000,1705141249382000000,0.0
Indexes.stubs.lookupDurationMaxMs,1705141189379000000,1705141249382000000,0.0
Indexes.stubs.lookupDuration90PMs,1705141189379000000,1705141249382000000,0.0
Indexes.allKeys.lookupDurationAvgMs,1705141189379000000,1705141249382000000,0.0
IndexesFlusher.totalFlushingTimeUs,1705141189379000000,1705141249382000000,572913
Indexes.stubs.lookupDurationAvgMs,1705141189379000000,1705141249382000000,0.0
Indexes.entries.lookups,1705141189379000000,1705141249382000000,0.0
Indexes.allKeys.lookupDurationMaxMs,1705141189379000000,1705141249382000000,0.0
Indexes.allKeys.lookupDuration90PMs,1705141189379000000,1705141249382000000,0.0
AWTEventQueue.eventsDispatched,1705141189379000000,1705141249382000000,10930
FlushQueue.executionTimeAvgNs,1705141189379000000,1705141249382000000,68830.86879823594
FlushQueue.waitingTime90PNs,1705141189379000000,1705141249382000000,532479
FlushQueue.waitingTimeMaxNs,1705141189379000000,1705141249382000000,40370175
FlushQueue.tasksExecuted,1705141189379000000,1705141249382000000,907
AWTEventQueue.dispatchTime90PNs,1705141189379000000,1705141249382000000,192511
FlushQueue.queueSizeAvg,1705141189379000000,1705141249382000000,2.249173098125689
FlushQueue.queueSize90P,1705141189379000000,1705141249382000000,8
AWTEventQueue.dispatchTimeAvgNs,1705141189379000000,1705141249382000000,132707.98316559926
FlushQueue.executionTime90PNs,1705141189379000000,1705141249382000000,118783
FlushQueue.waitingTimeAvgNs,1705141189379000000,1705141249382000000,458587.77949283354
NonBlockingReadAction.finalizedExecutionsCount,1705141189379000000,1705141249382000000,59
AWTEventQueue.dispatchTimeTotalNS,1705141189379000000,1705141249382000000,1453620829
FlushQueue.executionTimeMaxNs,1705141189379000000,1705141249382000000,6160383
NonBlockingReadAction.finalizedExecutionTimeUs,1705141189379000000,1705141249382000000,22442
NonBlockingReadAction.failedExecutionsCount,1705141189379000000,1705141249382000000,0
WriteAction.executionsCount,1705141189379000000,1705141249382000000,0
ReadAction.executionsCount,1705141189379000000,1705141249382000000,40451
AWTEventQueue.dispatchTimeMaxNs,1705141189379000000,1705141249382000000,32899071
FlushQueue.queueSizeMax,1705141189379000000,1705141249382000000,20
NonBlockingReadAction.failedExecutionTimeUs,1705141189379000000,1705141249382000000,0
workspaceModel.updates.precise.ms,1705141189379000000,1705141249382000000,27
workspaceModel.updates.count,1705141189379000000,1705141249382000000,10
workspaceModel.to.snapshot.ms,1705141189379000000,1705141249382000000,1
workspaceModel.initializing.ms,1705141189379000000,1705141249382000000,1
workspaceModel.updates.ms,1705141189379000000,1705141249382000000,68
workspaceModel.loading.from.cache.ms,1705141189379000000,1705141249382000000,137
workspaceModel.loading.total.ms,1705141189379000000,1705141249382000000,146
workspaceModel.pre.handlers.ms,1705141189379000000,1705141249382000000,0
workspaceModel.replace.project.model.ms,1705141189379000000,1705141249382000000,0
workspaceModel.update.unloaded.entities.ms,1705141189379000000,1705141249382000000,0
workspaceModel.init.bridges.ms,1705141189379000000,1705141249382000000,1
workspaceModel.collect.changes.ms,1705141189379000000,1705141249382000000,0
workspaceModel.check.recursive.update.ms,1705141189379000000,1705141249382000000,0
FilePageCache.totalPageLoadsUs,1705141189379000000,1705141249382000000,0
MappedFileStorage.storages,1705141189379000000,1705141249382000000,17
FilePageCacheLockFree.totalPagesReadMs,1705141189379000000,1705141249382000000,0
FilePageCache.pageHits,1705141189379000000,1705141249382000000,0
FilePageCache.capacityInBytes,1705141189379000000,1705141249382000000,503316478
StorageLockContext.competingThreads.max,1705141189379000000,1705141249382000000,0
StreamlinedBlobStorage.recordsRelocated,1705141189379000000,1705141249382000000,0
FilePageCache.disposedBuffers,1705141189379000000,1705141249382000000,0
MappedFileStorage.totalBytesMapped,1705141189379000000,1705141249382000000,140771328
MappedFileStorage.totalPagesMapped,1705141189379000000,1705141249382000000,17
DirectByteBufferAllocator.totalSizeOfBuffersCachedInBytes,1705141189379000000,1705141249382000000,1048576
DirectByteBufferAllocator.misses,1705141189379000000,1705141249382000000,0
FilePageCache.pageFastCacheHits,1705141189379000000,1705141249382000000,30
FilePageCache.uncachedFileAccess,1705141189379000000,1705141249382000000,0
FilePageCache.pageLoadsAboveSizeThreshold,1705141189379000000,1705141249382000000,0
FilePageCacheLockFree.totalHeapBytesAllocated,1705141189379000000,1705141249382000000,0
MappedFileStorage.totalTimeSpentOnMappingUs,1705141189379000000,1705141249382000000,749
StreamlinedBlobStorage.recordsDeleted,1705141189379000000,1705141249382000000,0
FilePageCacheLockFree.totalPageAllocationsWaited,1705141189379000000,1705141249382000000,0
FilePageCache.maxCacheSizeInBytes,1705141189379000000,1705141249382000000,503324672
FilePageCacheLockFree.totalPagesWriteMs,1705141189379000000,1705141249382000000,0
FilePageCacheLockFree.totalPagesHandedOver,1705141189379000000,1705141249382000000,0
StorageLockContext.competingThreads.avg,1705141189379000000,1705141249382000000,0.0
FilePageCacheLockFree.heapBytesInUse,1705141189379000000,1705141249382000000,0
FilePageCache.pageLoads,1705141189379000000,1705141249382000000,0
FilePageCacheLockFree.housekeeperTimeSpentMs,1705141189379000000,1705141249382000000,41
FilePageCacheLockFree.totalPagesWritten,1705141189379000000,1705141249382000000,0
FilePageCacheLockFree.totalPagesAllocated,1705141189379000000,1705141249382000000,0
FilePageCacheLockFree.totalHeapBytesReclaimed,1705141189379000000,1705141249382000000,0
DirectByteBufferAllocator.totalSizeOfBuffersAllocatedInBytes,1705141189379000000,1705141249382000000,503758848
FilePageCache.maxRegisteredFiles,1705141189379000000,1705141249382000000,1282
StorageLockContext.competingThreads.90P,1705141189379000000,1705141249382000000,0
StreamlinedBlobStorage.recordsAllocated,1705141189379000000,1705141249382000000,0
StreamlinedBlobStorage.totalLiveRecordsPayloadBytes,1705141189379000000,1705141249382000000,0
FilePageCacheLockFree.totalPagesRequested,1705141189379000000,1705141249382000000,0
FilePageCacheLockFree.totalClosedStoragesReclaimed,1705141189379000000,1705141249382000000,0
DirectByteBufferAllocator.hits,1705141189379000000,1705141249382000000,0
FilePageCacheLockFree.nativeBytesInUse,1705141189379000000,1705141249382000000,393216
FilePageCacheLockFree.totalNativeBytesReclaimed,1705141189379000000,1705141249382000000,0
FilePageCache.totalPageDisposalsUs,1705141189379000000,1705141249382000000,0
FilePageCacheLockFree.totalNativeBytesAllocated,1705141189379000000,1705141249382000000,0
DirectByteBufferAllocator.reclaimed,1705141189379000000,1705141249382000000,0
FilePageCacheLockFree.housekeeperTurnsDone,1705141189379000000,1705141249382000000,120
FilePageCacheLockFree.totalBytesRead,1705141189379000000,1705141249382000000,0
StreamlinedBlobStorage.totalLiveRecordsCapacityBytes,1705141189379000000,1705141249382000000,0
FileChannelInterruptsRetryer.totalRetriedAttempts,1705141189379000000,1705141249382000000,0
FilePageCacheLockFree.housekeeperTurnsSkipped,1705141189379000000,1705141249382000000,49317
FilePageCacheLockFree.totalPagesReclaimed,1705141189379000000,1705141249382000000,0
FilePageCacheLockFree.totalPagesRequestsMs,1705141189379000000,1705141249382000000,0
FilePageCacheLockFree.totalBytesRequested,1705141189379000000,1705141249382000000,0
DirectByteBufferAllocator.disposed,1705141189379000000,1705141249382000000,0
FilePageCacheLockFree.totalBytesWritten,1705141189379000000,1705141249382000000,0
jps.app.storage.content.reader.load.component.ms,1705141189379000000,1705141249382000000,0
workspaceModel.moduleBridge.facet.initialization.ms,1705141189379000000,1705141249382000000,0
jps.module.iml.entities.serializer.save.entities.ms,1705141189379000000,1705141249382000000,5
jps.facet.change.listener.before.change.events.ms,1705141189379000000,1705141249382000000,0
jps.apply.loaded.storage.ms,1705141189379000000,1705141249382000000,82
jps.storage.jps.conf.reader.load.component.ms,1705141189379000000,1705141249382000000,25
workspaceModel.mutableEntityStorage.mutable.ext.mapping.ms,1705141189379000000,1705141249382000000,2
jps.global.get.library.by.name.ms,1705141189379000000,1705141249382000000,0
jps.library.entities.serializer.load.entities.ms,1705141189379000000,1705141249382000000,46
jps.global.handle.before.change.events.ms,1705141189379000000,1705141249382000000,0
workspaceModel.moduleBridge.update.option.ms,1705141189379000000,1705141249382000000,0
jps.save.changed.project.entities.ms,1705141189379000000,1705141249382000000,6
workspaceModel.mutableEntityStorage.modify.entity.ms,1705141189379000000,1705141249382000000,5
jps.load.project.to.empty.storage.ms,1705141189379000000,1705141249382000000,60
workspaceModel.save.cache.to.file.ms,1705141189379000000,1705141249382000000,37
jps.artifact.entities.serializer.save.entities.ms,1705141189379000000,1705141249382000000,0
workspaceModel.moduleManagerBridge.load.all.modules.ms,1705141189379000000,1705141249382000000,270
jps.global.initialize.library.bridges.after.loading.ms,1705141189379000000,1705141249382000000,0
workspaceModel.global.updates.count,1705141189379000000,1705141249382000000,0
jps.global.handle.changed.events.ms,1705141189379000000,1705141249382000000,0
workspaceModel.global.updates.ms,1705141189379000000,1705141249382000000,0
jps.project.serializers.load.ms,1705141189379000000,1705141249382000000,32
jps.modifiable.module.model.bridge.new.module.ms,1705141189379000000,1705141249382000000,0
jps.app.storage.content.writer.save.component.ms,1705141189379000000,1705141249382000000,0
workspaceModel.mutableEntityStorage.mutable.vfurl.index.ms,1705141189379000000,1705141249382000000,0
workspaceModel.orphan.listener.update.ms,1705141189379000000,1705141249382000000,2
jps.global.initialize.library.bridges.ms,1705141189379000000,1705141249382000000,0
jps.library.entities.serializer.save.entities.ms,1705141189379000000,1705141249382000000,0
workspaceModel.moduleManagerBridge.build.module.graph.ms,1705141189379000000,1705141249382000000,9
workspaceModel.mutableEntityStorage.add.entity.ms,1705141189379000000,1705141249382000000,40
workspaceModel.delayed.project.synchronizer.sync.ms,1705141189379000000,1705141249382000000,145
workspaceModel.mutableEntityStorage.has.same.entities.ms,1705141189379000000,1705141249382000000,0
workspaceModel.load.cache.from.file.ms,1705141189379000000,1705141249382000000,134
jps.modifiable.module.model.bridge.renaming.ms,1705141189379000000,1705141249382000000,0
jps.project.serializers.save.ms,1705141189379000000,1705141249382000000,6
jps.global.get.library.ms,1705141189379000000,1705141249382000000,0
workspaceModel.mutableEntityStorage.referrers.ms,1705141189379000000,1705141249382000000,0
workspaceModel.mutableEntityStorage.resolve.ms,1705141189379000000,1705141249382000000,0
workspaceModel.moduleManagerBridge.set.unloadedModules.ms,1705141189379000000,1705141249382000000,0
jps.artifact.entities.serializer.load.entities.ms,1705141189379000000,1705141249382000000,0
workspaceModel.mutableEntityStorage.replace.by.source.ms,1705141189379000000,1705141249382000000,18
workspaceModel.mutableEntityStorage.put.entity.ms,1705141189379000000,1705141249382000000,23
jps.load.initial.state.ms,1705141189379000000,1705141249382000000,4
workspaceModel.load.cache.metadata.from.file.ms,1705141189379000000,1705141249382000000,24
jps.modifiable.module.model.bridge.disposing.ms,1705141189379000000,1705141249382000000,0
workspaceModel.mutableEntityStorage.add.diff.ms,1705141189379000000,1705141249382000000,14
workspaceModel.sync.entities.ms,1705141189379000000,1705141249382000000,0
jps.module.iml.entities.serializer.load.entities.ms,1705141189379000000,1705141249382000000,37
jps.facet.change.listener.process.change.events.ms,1705141189379000000,1705141249382000000,1
jps.facet.change.listener.init.bridge.ms,1705141189379000000,1705141249382000000,0
workspaceModel.moduleManagerBridge.new.nonPersistent.module.ms,1705141189379000000,1705141249382000000,0
workspaceModel.moduleManagerBridge.get.modules.ms,1705141189379000000,1705141249382000000,0
workspaceModel.moduleBridgeLoader.loading.modules.ms,1705141189379000000,1705141249382000000,484
jps.global.get.libraries.ms,1705141189379000000,1705141249382000000,0
jps.reload.project.entities.ms,1705141189379000000,1705141249382000000,0
workspaceModel.moduleBridge.before.changed.ms,1705141189379000000,1705141249382000000,0
workspaceModel.moduleManagerBridge.newModule.ms,1705141189379000000,1705141249382000000,0
workspaceModel.global.apply.state.to.project.builder.ms,1705141189379000000,1705141249382000000,0
jps.save.global.entities.ms,1705141189379000000,1705141249382000000,1
workspaceModel.mutableEntityStorage.collect.changes.ms,1705141189379000000,1705141249382000000,0
workspaceModel.mutableEntityStorage.to.snapshot.ms,1705141189379000000,1705141249382000000,2
workspaceModel.moduleManagerBridge.load.module.ms,1705141189379000000,1705141249382000000,0
workspaceModel.mutableEntityStorage.entities.by.source.ms,1705141189379000000,1705141249382000000,1
workspaceModel.moduleManagerBridge.create.module.instance.ms,1705141189379000000,1705141249382000000,0
workspaceModel.mutableEntityStorage.entities.ms,1705141189379000000,1705141249382000000,0
workspaceModel.mutableEntityStorage.remove.entity.ms,1705141189379000000,1705141249382000000,1
workspaceModel.global.apply.state.to.project.ms,1705141189379000000,1705141249382000000,25
jps.modifiable.module.model.bridge.load.module.ms,1705141189379000000,1705141249382000000,0
JVM.totalCpuTimeMs,1705141189379000000,1705141249382000000,9119
JVM.GC.collectionTimesMs,1705141189379000000,1705141249382000000,9
JVM.maxNativeBytes,1705141189379000000,1705141249382000000,-1
JVM.maxHeapBytes,1705141189379000000,1705141249382000000,2147483648
JVM.usedNativeBytes,1705141189379000000,1705141249382000000,618238336
JVM.GC.collections,1705141189379000000,1705141249382000000,1
JVM.threadCount,1705141189379000000,1705141249382000000,77
JVM.usedHeapBytes,1705141189379000000,1705141249382000000,534670312
JVM.totalBytesAllocated,1705141189379000000,1705141249382000000,151388928
OS.loadAverage,1705141189379000000,1705141249382000000,2.2314453125
FileNameCache.totalMisses,1705141189379000000,1705141249382000000,15
FileNameCache.queries,1705141189379000000,1705141249382000000,9471
Indexes.entries.lookupDurationAvgMs,1705141249382000000,1705141251289000000,0.0
Indexes.entries.lookupDuration90PMs,1705141249382000000,1705141251289000000,0.0
Indexes.stubs.lookups,1705141249382000000,1705141251289000000,0.0
Indexes.entries.lookupDurationMaxMs,1705141249382000000,1705141251289000000,0.0
Indexes.allKeys.lookups,1705141249382000000,1705141251289000000,0.0
Indexes.stubs.lookupDurationMaxMs,1705141249382000000,1705141251289000000,0.0
Indexes.stubs.lookupDuration90PMs,1705141249382000000,1705141251289000000,0.0
Indexes.allKeys.lookupDurationAvgMs,1705141249382000000,1705141251289000000,0.0
Indexes.stubs.lookupDurationAvgMs,1705141249382000000,1705141251289000000,0.0
Indexes.entries.lookups,1705141249382000000,1705141251289000000,0.0
Indexes.allKeys.lookupDurationMaxMs,1705141249382000000,1705141251289000000,0.0
Indexes.allKeys.lookupDuration90PMs,1705141249382000000,1705141251289000000,0.0
NonBlockingReadAction.finalizedExecutionsCount,1705141249382000000,1705141251289000000,0
AWTEventQueue.dispatchTimeTotalNS,1705141249382000000,1705141251289000000,98414191
NonBlockingReadAction.finalizedExecutionTimeUs,1705141249382000000,1705141251289000000,0
NonBlockingReadAction.failedExecutionsCount,1705141249382000000,1705141251289000000,0
NonBlockingReadAction.failedExecutionTimeUs,1705141249382000000,1705141251289000000,0
workspaceModel.updates.precise.ms,1705141249382000000,1705141251289000000,27
workspaceModel.updates.count,1705141249382000000,1705141251289000000,10
workspaceModel.to.snapshot.ms,1705141249382000000,1705141251289000000,1
workspaceModel.initializing.ms,1705141249382000000,1705141251289000000,1
workspaceModel.updates.ms,1705141249382000000,1705141251289000000,68
workspaceModel.loading.from.cache.ms,1705141249382000000,1705141251289000000,137
workspaceModel.loading.total.ms,1705141249382000000,1705141251289000000,146
workspaceModel.pre.handlers.ms,1705141249382000000,1705141251289000000,0
workspaceModel.replace.project.model.ms,1705141249382000000,1705141251289000000,0
workspaceModel.update.unloaded.entities.ms,1705141249382000000,1705141251289000000,0
workspaceModel.init.bridges.ms,1705141249382000000,1705141251289000000,1
workspaceModel.collect.changes.ms,1705141249382000000,1705141251289000000,0
workspaceModel.check.recursive.update.ms,1705141249382000000,1705141251289000000,0
FilePageCache.totalPageLoadsUs,1705141249382000000,1705141251289000000,0
FilePageCacheLockFree.totalPagesReadMs,1705141249382000000,1705141251289000000,0
FilePageCache.pageHits,1705141249382000000,1705141251289000000,0
FilePageCache.capacityInBytes,1705141249382000000,1705141251289000000,503316478
StorageLockContext.competingThreads.max,1705141249382000000,1705141251289000000,0
FilePageCache.disposedBuffers,1705141249382000000,1705141251289000000,485
DirectByteBufferAllocator.totalSizeOfBuffersCachedInBytes,1705141249382000000,1705141251289000000,42270720
DirectByteBufferAllocator.misses,1705141249382000000,1705141251289000000,0
FilePageCache.pageFastCacheHits,1705141249382000000,1705141251289000000,55
FilePageCache.uncachedFileAccess,1705141249382000000,1705141251289000000,2
FilePageCache.pageLoadsAboveSizeThreshold,1705141249382000000,1705141251289000000,0
FilePageCacheLockFree.totalHeapBytesAllocated,1705141249382000000,1705141251289000000,0
FilePageCacheLockFree.totalPageAllocationsWaited,1705141249382000000,1705141251289000000,0
FilePageCache.maxCacheSizeInBytes,1705141249382000000,1705141251289000000,503324672
FilePageCacheLockFree.totalPagesWriteMs,1705141249382000000,1705141251289000000,0
FilePageCacheLockFree.totalPagesHandedOver,1705141249382000000,1705141251289000000,0
StorageLockContext.competingThreads.avg,1705141249382000000,1705141251289000000,0.0
FilePageCacheLockFree.heapBytesInUse,1705141249382000000,1705141251289000000,0
FilePageCache.pageLoads,1705141249382000000,1705141251289000000,0
FilePageCacheLockFree.housekeeperTimeSpentMs,1705141249382000000,1705141251289000000,1
FilePageCacheLockFree.totalPagesWritten,1705141249382000000,1705141251289000000,3
FilePageCacheLockFree.totalPagesAllocated,1705141249382000000,1705141251289000000,0
FilePageCacheLockFree.totalHeapBytesReclaimed,1705141249382000000,1705141251289000000,0
DirectByteBufferAllocator.totalSizeOfBuffersAllocatedInBytes,1705141249382000000,1705141251289000000,42270720
FilePageCache.maxRegisteredFiles,1705141249382000000,1705141251289000000,1282
StorageLockContext.competingThreads.90P,1705141249382000000,1705141251289000000,0
FilePageCacheLockFree.totalPagesRequested,1705141249382000000,1705141251289000000,16
FilePageCacheLockFree.totalClosedStoragesReclaimed,1705141249382000000,1705141251289000000,2
DirectByteBufferAllocator.hits,1705141249382000000,1705141251289000000,0
FilePageCacheLockFree.nativeBytesInUse,1705141249382000000,1705141251289000000,0
FilePageCacheLockFree.totalNativeBytesReclaimed,1705141249382000000,1705141251289000000,393216
FilePageCache.totalPageDisposalsUs,1705141249382000000,1705141251289000000,0
FilePageCacheLockFree.totalNativeBytesAllocated,1705141249382000000,1705141251289000000,0
DirectByteBufferAllocator.reclaimed,1705141249382000000,1705141251289000000,79
FilePageCacheLockFree.housekeeperTurnsDone,1705141249382000000,1705141251289000000,5
FilePageCacheLockFree.totalBytesRead,1705141249382000000,1705141251289000000,0
FileChannelInterruptsRetryer.totalRetriedAttempts,1705141249382000000,1705141251289000000,0
FilePageCacheLockFree.housekeeperTurnsSkipped,1705141249382000000,1705141251289000000,1512
FilePageCacheLockFree.totalPagesReclaimed,1705141249382000000,1705141251289000000,48
FilePageCacheLockFree.totalPagesRequestsMs,1705141249382000000,1705141251289000000,0
FilePageCacheLockFree.totalBytesRequested,1705141249382000000,1705141251289000000,131072
DirectByteBufferAllocator.disposed,1705141249382000000,1705141251289000000,454
FilePageCacheLockFree.totalBytesWritten,1705141249382000000,1705141251289000000,7355
jps.app.storage.content.reader.load.component.ms,1705141249382000000,1705141251289000000,0
workspaceModel.moduleBridge.facet.initialization.ms,1705141249382000000,1705141251289000000,0
jps.module.iml.entities.serializer.save.entities.ms,1705141249382000000,1705141251289000000,5
jps.facet.change.listener.before.change.events.ms,1705141249382000000,1705141251289000000,0
jps.apply.loaded.storage.ms,1705141249382000000,1705141251289000000,82
jps.storage.jps.conf.reader.load.component.ms,1705141249382000000,1705141251289000000,25
workspaceModel.mutableEntityStorage.mutable.ext.mapping.ms,1705141249382000000,1705141251289000000,2
jps.global.get.library.by.name.ms,1705141249382000000,1705141251289000000,0
jps.library.entities.serializer.load.entities.ms,1705141249382000000,1705141251289000000,46
jps.global.handle.before.change.events.ms,1705141249382000000,1705141251289000000,0
workspaceModel.moduleBridge.update.option.ms,1705141249382000000,1705141251289000000,0
jps.save.changed.project.entities.ms,1705141249382000000,1705141251289000000,6
workspaceModel.mutableEntityStorage.modify.entity.ms,1705141249382000000,1705141251289000000,5
jps.load.project.to.empty.storage.ms,1705141249382000000,1705141251289000000,60
workspaceModel.save.cache.to.file.ms,1705141249382000000,1705141251289000000,37
jps.artifact.entities.serializer.save.entities.ms,1705141249382000000,1705141251289000000,0
workspaceModel.moduleManagerBridge.load.all.modules.ms,1705141249382000000,1705141251289000000,270
jps.global.initialize.library.bridges.after.loading.ms,1705141249382000000,1705141251289000000,0
workspaceModel.global.updates.count,1705141249382000000,1705141251289000000,0
jps.global.handle.changed.events.ms,1705141249382000000,1705141251289000000,0
workspaceModel.global.updates.ms,1705141249382000000,1705141251289000000,0
jps.project.serializers.load.ms,1705141249382000000,1705141251289000000,32
jps.modifiable.module.model.bridge.new.module.ms,1705141249382000000,1705141251289000000,0
jps.app.storage.content.writer.save.component.ms,1705141249382000000,1705141251289000000,0
workspaceModel.mutableEntityStorage.mutable.vfurl.index.ms,1705141249382000000,1705141251289000000,0
workspaceModel.orphan.listener.update.ms,1705141249382000000,1705141251289000000,2
jps.global.initialize.library.bridges.ms,1705141249382000000,1705141251289000000,0
jps.library.entities.serializer.save.entities.ms,1705141249382000000,1705141251289000000,0
workspaceModel.moduleManagerBridge.build.module.graph.ms,1705141249382000000,1705141251289000000,9
workspaceModel.mutableEntityStorage.add.entity.ms,1705141249382000000,1705141251289000000,40
workspaceModel.delayed.project.synchronizer.sync.ms,1705141249382000000,1705141251289000000,145
workspaceModel.mutableEntityStorage.has.same.entities.ms,1705141249382000000,1705141251289000000,0
workspaceModel.load.cache.from.file.ms,1705141249382000000,1705141251289000000,134
jps.modifiable.module.model.bridge.renaming.ms,1705141249382000000,1705141251289000000,0
jps.project.serializers.save.ms,1705141249382000000,1705141251289000000,6
jps.global.get.library.ms,1705141249382000000,1705141251289000000,0
workspaceModel.mutableEntityStorage.referrers.ms,1705141249382000000,1705141251289000000,0
workspaceModel.mutableEntityStorage.resolve.ms,1705141249382000000,1705141251289000000,0
workspaceModel.moduleManagerBridge.set.unloadedModules.ms,1705141249382000000,1705141251289000000,0
jps.artifact.entities.serializer.load.entities.ms,1705141249382000000,1705141251289000000,0
workspaceModel.mutableEntityStorage.replace.by.source.ms,1705141249382000000,1705141251289000000,18
workspaceModel.mutableEntityStorage.put.entity.ms,1705141249382000000,1705141251289000000,23
jps.load.initial.state.ms,1705141249382000000,1705141251289000000,4
workspaceModel.load.cache.metadata.from.file.ms,1705141249382000000,1705141251289000000,24
jps.modifiable.module.model.bridge.disposing.ms,1705141249382000000,1705141251289000000,0
workspaceModel.mutableEntityStorage.add.diff.ms,1705141249382000000,1705141251289000000,14
workspaceModel.sync.entities.ms,1705141249382000000,1705141251289000000,0
jps.module.iml.entities.serializer.load.entities.ms,1705141249382000000,1705141251289000000,37
jps.facet.change.listener.process.change.events.ms,1705141249382000000,1705141251289000000,1
jps.facet.change.listener.init.bridge.ms,1705141249382000000,1705141251289000000,0
workspaceModel.moduleManagerBridge.new.nonPersistent.module.ms,1705141249382000000,1705141251289000000,0
workspaceModel.moduleManagerBridge.get.modules.ms,1705141249382000000,1705141251289000000,0
workspaceModel.moduleBridgeLoader.loading.modules.ms,1705141249382000000,1705141251289000000,484
jps.global.get.libraries.ms,1705141249382000000,1705141251289000000,0
jps.reload.project.entities.ms,1705141249382000000,1705141251289000000,0
workspaceModel.moduleBridge.before.changed.ms,1705141249382000000,1705141251289000000,0
workspaceModel.moduleManagerBridge.newModule.ms,1705141249382000000,1705141251289000000,0
workspaceModel.global.apply.state.to.project.builder.ms,1705141249382000000,1705141251289000000,0
jps.save.global.entities.ms,1705141249382000000,1705141251289000000,1
workspaceModel.mutableEntityStorage.collect.changes.ms,1705141249382000000,1705141251289000000,0
workspaceModel.mutableEntityStorage.to.snapshot.ms,1705141249382000000,1705141251289000000,2
workspaceModel.moduleManagerBridge.load.module.ms,1705141249382000000,1705141251289000000,0
workspaceModel.mutableEntityStorage.entities.by.source.ms,1705141249382000000,1705141251289000000,1
workspaceModel.moduleManagerBridge.create.module.instance.ms,1705141249382000000,1705141251289000000,0
workspaceModel.mutableEntityStorage.entities.ms,1705141249382000000,1705141251289000000,0
workspaceModel.mutableEntityStorage.remove.entity.ms,1705141249382000000,1705141251289000000,1
workspaceModel.global.apply.state.to.project.ms,1705141249382000000,1705141251289000000,25
jps.modifiable.module.model.bridge.load.module.ms,1705141249382000000,1705141251289000000,0
