# OpenTelemetry Metrics report: .csv, 4 fields: 
# <metric name>, <period start, nanoseconds>, <period end, nanoseconds>, <metric value>
# See CsvMetricsExporter for details.
# 
# NAME, PERIOD_START_NANOS, PERIOD_END_NANOS, VALUE
FilePageCacheLockFree.totalBytesWritten,1705020638347000000,1705020665700000000,0
FilePageCacheLockFree.totalHeapBytesAllocated,1705020638347000000,1705020665700000000,0
FilePageCacheLockFree.housekeeperTimeSpentMs,1705020638347000000,1705020665700000000,55
FilePageCache.maxRegisteredFiles,1705020638347000000,1705020665700000000,1102
DirectByteBufferAllocator.misses,1705020638347000000,1705020665700000000,403
FilePageCache.uncachedFileAccess,1705020638347000000,1705020665700000000,239
DirectByteBufferAllocator.reclaimed,1705020638347000000,1705020665700000000,47
StorageLockContext.competingThreads.max,1705020638347000000,1705020665700000000,0
FileChannelInterruptsRetryer.totalRetriedAttempts,1705020638347000000,1705020665700000000,0
FilePageCache.pageFastCacheHits,1705020638347000000,1705020665700000000,8206
FilePageCacheLockFree.heapBytesInUse,1705020638347000000,1705020665700000000,0
FilePageCacheLockFree.totalPagesReclaimed,1705020638347000000,1705020665700000000,2
FilePageCacheLockFree.totalClosedStoragesReclaimed,1705020638347000000,1705020665700000000,2
FilePageCacheLockFree.totalPageAllocationsWaited,1705020638347000000,1705020665700000000,0
FilePageCacheLockFree.totalHeapBytesReclaimed,1705020638347000000,1705020665700000000,0
FilePageCache.pageLoads,1705020638347000000,1705020665700000000,404
FilePageCache.totalPageLoadsUs,1705020638347000000,1705020665700000000,326732
FilePageCacheLockFree.totalNativeBytesAllocated,1705020638347000000,1705020665700000000,16384
DirectByteBufferAllocator.hits,1705020638347000000,1705020665700000000,3
FilePageCacheLockFree.nativeBytesInUse,1705020638347000000,1705020665700000000,0
StorageLockContext.competingThreads.avg,1705020638347000000,1705020665700000000,0.0
FilePageCacheLockFree.housekeeperTurnsDone,1705020638347000000,1705020665700000000,57
StorageLockContext.competingThreads.90P,1705020638347000000,1705020665700000000,0
FilePageCacheLockFree.totalPagesAllocated,1705020638347000000,1705020665700000000,2
FilePageCacheLockFree.totalPagesRequested,1705020638347000000,1705020665700000000,4
FilePageCache.totalPageDisposalsUs,1705020638347000000,1705020665700000000,904
FilePageCacheLockFree.totalBytesRequested,1705020638347000000,1705020665700000000,32768
FilePageCacheLockFree.totalNativeBytesReclaimed,1705020638347000000,1705020665700000000,16384
DirectByteBufferAllocator.totalSizeOfBuffersCachedInBytes,1705020638347000000,1705020665700000000,41975808
DirectByteBufferAllocator.disposed,1705020638347000000,1705020665700000000,359
FilePageCache.maxCacheSizeInBytes,1705020638347000000,1705020665700000000,418398208
DirectByteBufferAllocator.totalSizeOfBuffersAllocatedInBytes,1705020638347000000,1705020665700000000,41975808
FilePageCacheLockFree.totalPagesReadMs,1705020638347000000,1705020665700000000,4
FilePageCache.pageLoadsAboveSizeThreshold,1705020638347000000,1705020665700000000,0
FilePageCacheLockFree.housekeeperTurnsSkipped,1705020638347000000,1705020665700000000,21467
FilePageCacheLockFree.totalBytesRead,1705020638347000000,1705020665700000000,982
FilePageCache.capacityInBytes,1705020638347000000,1705020665700000000,503316478
FilePageCacheLockFree.totalPagesRequestsMs,1705020638347000000,1705020665700000000,8
FilePageCacheLockFree.totalPagesWritten,1705020638347000000,1705020665700000000,0
FilePageCacheLockFree.totalPagesWriteMs,1705020638347000000,1705020665700000000,0
FilePageCache.disposedBuffers,1705020638347000000,1705020665700000000,404
FilePageCacheLockFree.totalPagesHandedOver,1705020638347000000,1705020665700000000,0
FilePageCache.pageHits,1705020638347000000,1705020665700000000,0
workspaceModel.save.cache.to.file.ms,1705020638347000000,1705020665700000000,0
workspaceModel.global.apply.state.to.project.builder.ms,1705020638347000000,1705020665700000000,0
workspaceModel.mutableEntityStorage.entities.by.source.ms,1705020638347000000,1705020665700000000,0
jps.load.initial.state.ms,1705020638347000000,1705020665700000000,4
workspaceModel.mutableEntityStorage.to.snapshot.ms,1705020638347000000,1705020665700000000,0
workspaceModel.load.cache.metadata.from.file.ms,1705020638347000000,1705020665700000000,0
jps.global.initialize.library.bridges.ms,1705020638347000000,1705020665700000000,0
workspaceModel.mutableEntityStorage.entities.ms,1705020638347000000,1705020665700000000,1
workspaceModel.mutableEntityStorage.put.entity.ms,1705020638347000000,1705020665700000000,0
workspaceModel.mutableEntityStorage.mutable.ext.mapping.ms,1705020638347000000,1705020665700000000,0
jps.save.global.entities.ms,1705020638347000000,1705020665700000000,18
workspaceModel.global.updates.count,1705020638347000000,1705020665700000000,0
workspaceModel.mutableEntityStorage.resolve.ms,1705020638347000000,1705020665700000000,0
jps.global.get.library.ms,1705020638347000000,1705020665700000000,0
jps.library.entities.serializer.save.entities.ms,1705020638347000000,1705020665700000000,0
workspaceModel.mutableEntityStorage.add.entity.ms,1705020638347000000,1705020665700000000,0
jps.app.storage.content.writer.save.component.ms,1705020638347000000,1705020665700000000,0
workspaceModel.mutableEntityStorage.add.diff.ms,1705020638347000000,1705020665700000000,0
workspaceModel.mutableEntityStorage.remove.entity.ms,1705020638347000000,1705020665700000000,0
workspaceModel.mutableEntityStorage.referrers.ms,1705020638347000000,1705020665700000000,0
jps.global.get.libraries.ms,1705020638347000000,1705020665700000000,0
jps.global.get.library.by.name.ms,1705020638347000000,1705020665700000000,0
workspaceModel.global.updates.ms,1705020638347000000,1705020665700000000,0
workspaceModel.mutableEntityStorage.collect.changes.ms,1705020638347000000,1705020665700000000,0
jps.global.handle.changed.events.ms,1705020638347000000,1705020665700000000,0
workspaceModel.mutableEntityStorage.has.same.entities.ms,1705020638347000000,1705020665700000000,0
jps.app.storage.content.reader.load.component.ms,1705020638347000000,1705020665700000000,0
jps.library.entities.serializer.load.entities.ms,1705020638347000000,1705020665700000000,0
workspaceModel.load.cache.from.file.ms,1705020638347000000,1705020665700000000,0
workspaceModel.sync.entities.ms,1705020638347000000,1705020665700000000,0
workspaceModel.global.apply.state.to.project.ms,1705020638347000000,1705020665700000000,0
jps.global.initialize.library.bridges.after.loading.ms,1705020638347000000,1705020665700000000,0
workspaceModel.mutableEntityStorage.modify.entity.ms,1705020638347000000,1705020665700000000,0
jps.global.handle.before.change.events.ms,1705020638347000000,1705020665700000000,0
workspaceModel.mutableEntityStorage.mutable.vfurl.index.ms,1705020638347000000,1705020665700000000,0
workspaceModel.mutableEntityStorage.replace.by.source.ms,1705020638347000000,1705020665700000000,0
AWTEventQueue.dispatchTimeTotalNS,1705020638347000000,1705020665700000000,2103557371
