{
  "pageCacheStats" : {
    "cachedChannelsStatistics" : {
      "hit" : 496,
      "miss" : 1,
      "load" : 228,
      "capacity" : 400
    },
    "uncachedFileAccess" : 2341,
    "maxRegisteredFiles" : 1282,
    "maxCacheSizeInBytes" : 503332864,
    "totalCachedSizeInBytes" : 0,
    "pageHits" : 5,
    "pageFastCacheHits" : 1140105,
    "pageLoadsAboveSizeThreshold" : 170,
    "regularPageLoads" : 709,
    "disposedBuffers" : 879,
    "totalPageDisposalUs" : 1912,
    "totalPageLoadUs" : 322816,
    "totalPagesLoaded" : 879,
    "capacityInBytes" : 503316478
  },
  "indexStorageStats" : {
    "indexStoragesStats" : { }
  }
}