{
  "pageCacheStats" : {
    "cachedChannelsStatistics" : {
      "hit" : 8590,
      "miss" : 1,
      "load" : 266,
      "capacity" : 400
    },
    "uncachedFileAccess" : 22764,
    "maxRegisteredFiles" : 1377,
    "maxCacheSizeInBytes" : 503341056,
    "totalCachedSizeInBytes" : 0,
    "pageHits" : 1188,
    "pageFastCacheHits" : 10354844,
    "pageLoadsAboveSizeThreshold" : 333,
    "regularPageLoads" : 2091,
    "disposedBuffers" : 2424,
    "totalPageDisposalUs" : 1533,
    "totalPageLoadUs" : 435819,
    "totalPagesLoaded" : 2424,
    "capacityInBytes" : 503316478
  },
  "indexStorageStats" : {
    "indexStoragesStats" : { }
  }
}