{
  "pageCacheStats" : {
    "cachedChannelsStatistics" : {
      "hit" : 114,
      "miss" : 0,
      "load" : 222,
      "capacity" : 400
    },
    "uncachedFileAccess" : 441,
    "maxRegisteredFiles" : 1282,
    "maxCacheSizeInBytes" : 503324672,
    "totalCachedSizeInBytes" : 0,
    "pageHits" : 5,
    "pageFastCacheHits" : 56036,
    "pageLoadsAboveSizeThreshold" : 120,
    "regularPageLoads" : 492,
    "disposedBuffers" : 612,
    "totalPageDisposalUs" : 1156,
    "totalPageLoadUs" : 253098,
    "totalPagesLoaded" : 612,
    "capacityInBytes" : 503316478
  },
  "indexStorageStats" : {
    "indexStoragesStats" : { }
  }
}