{
  "pageCacheStats" : {
    "cachedChannelsStatistics" : {
      "hit" : 125,
      "miss" : 0,
      "load" : 229,
      "capacity" : 400
    },
    "uncachedFileAccess" : 405,
    "maxRegisteredFiles" : 1282,
    "maxCacheSizeInBytes" : 503324672,
    "totalCachedSizeInBytes" : 0,
    "pageHits" : 4,
    "pageFastCacheHits" : 55021,
    "pageLoadsAboveSizeThreshold" : 115,
    "regularPageLoads" : 490,
    "disposedBuffers" : 605,
    "totalPageDisposalUs" : 1323,
    "totalPageLoadUs" : 306845,
    "totalPagesLoaded" : 605,
    "capacityInBytes" : 503316478
  },
  "indexStorageStats" : {
    "indexStoragesStats" : { }
  }
}