{
  "pageCacheStats" : {
    "cachedChannelsStatistics" : {
      "hit" : 677,
      "miss" : 0,
      "load" : 423,
      "capacity" : 400
    },
    "uncachedFileAccess" : 1792,
    "maxRegisteredFiles" : 1282,
    "maxCacheSizeInBytes" : 503324672,
    "totalCachedSizeInBytes" : 0,
    "pageHits" : 3,
    "pageFastCacheHits" : 2406647,
    "pageLoadsAboveSizeThreshold" : 378,
    "regularPageLoads" : 896,
    "disposedBuffers" : 1274,
    "totalPageDisposalUs" : 2286,
    "totalPageLoadUs" : 397797,
    "totalPagesLoaded" : 1274,
    "capacityInBytes" : 503316478
  },
  "indexStorageStats" : {
    "indexStoragesStats" : { }
  }
}