{
  "pageCacheStats" : {
    "cachedChannelsStatistics" : {
      "hit" : 2174,
      "miss" : 0,
      "load" : 251,
      "capacity" : 400
    },
    "uncachedFileAccess" : 6322,
    "maxRegisteredFiles" : 1322,
    "maxCacheSizeInBytes" : 503332864,
    "totalCachedSizeInBytes" : 0,
    "pageHits" : 15,
    "pageFastCacheHits" : 3246316,
    "pageLoadsAboveSizeThreshold" : 216,
    "regularPageLoads" : 844,
    "disposedBuffers" : 1060,
    "totalPageDisposalUs" : 1330,
    "totalPageLoadUs" : 666132,
    "totalPagesLoaded" : 1060,
    "capacityInBytes" : 503316478
  },
  "indexStorageStats" : {
    "indexStoragesStats" : { }
  }
}