{
  "pageCacheStats" : {
    "cachedChannelsStatistics" : {
      "hit" : 793,
      "miss" : 0,
      "load" : 234,
      "capacity" : 400
    },
    "uncachedFileAccess" : 735,
    "maxRegisteredFiles" : 1310,
    "maxCacheSizeInBytes" : 503390208,
    "totalCachedSizeInBytes" : 0,
    "pageHits" : 632,
    "pageFastCacheHits" : 120594,
    "pageLoadsAboveSizeThreshold" : 172,
    "regularPageLoads" : 534,
    "disposedBuffers" : 706,
    "totalPageDisposalUs" : 1061,
    "totalPageLoadUs" : 285393,
    "totalPagesLoaded" : 706,
    "capacityInBytes" : 503316478
  },
  "indexStorageStats" : {
    "indexStoragesStats" : { }
  }
}