{"reason":"Push on VFS changes","startTime":"2024-01-16T03:44:56.685794+01:00[Europe/Berlin]","duration":646292,"isCancelled":false}
{"reason":"Push on VFS changes","startTime":"2024-01-16T03:45:06.969401+01:00[Europe/Berlin]","duration":33958,"isCancelled":false}
{"reason":"Push on VFS changes","startTime":"2024-02-03T02:50:06.627369+01:00[Europe/Berlin]","duration":4984500,"isCancelled":false}
{"reason":"Push on VFS changes","startTime":"2024-02-03T02:50:14.405001+01:00[Europe/Berlin]","duration":38958,"isCancelled":false}
{"reason":"Push on VFS changes","startTime":"2024-02-03T02:50:18.731976+01:00[Europe/Berlin]","duration":30291,"isCancelled":false}
{"reason":"Push on VFS changes","startTime":"2024-02-03T02:54:26.020705+01:00[Europe/Berlin]","duration":32375,"isCancelled":false}
{"reason":"Push on VFS changes","startTime":"2024-02-03T02:55:26.3962+01:00[Europe/Berlin]","duration":30875,"isCancelled":false}
{"reason":"Push on VFS changes","startTime":"2024-02-03T02:55:57.588612+01:00[Europe/Berlin]","duration":67833,"isCancelled":false}
{"reason":"Push on VFS changes","startTime":"2024-02-03T02:56:25.031373+01:00[Europe/Berlin]","duration":42833,"isCancelled":false}
{"reason":"Push on VFS changes","startTime":"2024-02-03T14:37:02.664547+01:00[Europe/Berlin]","duration":38708,"isCancelled":false}
{"reason":"Push on VFS changes","startTime":"2024-02-03T21:09:51.633922+01:00[Europe/Berlin]","duration":478875,"isCancelled":false}
{"reason":"Push on VFS changes","startTime":"2024-02-03T21:12:45.658872+01:00[Europe/Berlin]","duration":196208,"isCancelled":false}
{"reason":"Push on VFS changes","startTime":"2024-02-03T21:29:45.221024+01:00[Europe/Berlin]","duration":199500,"isCancelled":false}
{"reason":"Push on VFS changes","startTime":"2024-02-03T21:32:53.276446+01:00[Europe/Berlin]","duration":221250,"isCancelled":false}
{"reason":"Push on VFS changes","startTime":"2024-02-03T21:41:09.225287+01:00[Europe/Berlin]","duration":213584,"isCancelled":false}
{"reason":"Push on VFS changes","startTime":"2024-02-03T23:21:58.812494+01:00[Europe/Berlin]","duration":87625,"isCancelled":false}
{"reason":"Push on VFS changes","startTime":"2024-02-03T23:24:13.471857+01:00[Europe/Berlin]","duration":360666,"isCancelled":false}
{"reason":"Push on VFS changes","startTime":"2024-02-03T23:24:40.387204+01:00[Europe/Berlin]","duration":173833,"isCancelled":false}
{"reason":"Push on VFS changes","startTime":"2024-02-03T23:41:11.874815+01:00[Europe/Berlin]","duration":238917,"isCancelled":false}
{"reason":"Push on VFS changes","startTime":"2024-02-04T02:05:30.905454+01:00[Europe/Berlin]","duration":372416,"isCancelled":false}
{"reason":"Push on VFS changes","startTime":"2024-02-04T02:06:19.061885+01:00[Europe/Berlin]","duration":128958,"isCancelled":false}
{"reason":"Push on VFS changes","startTime":"2024-02-04T15:14:00.67845+01:00[Europe/Berlin]","duration":73542,"isCancelled":false}
{"reason":"Push on VFS changes","startTime":"2024-02-04T15:14:09.154836+01:00[Europe/Berlin]","duration":369208,"isCancelled":false}
{"reason":"Push on VFS changes","startTime":"2024-02-04T15:17:05.840398+01:00[Europe/Berlin]","duration":11970667,"isCancelled":false}
{"reason":"Push on VFS changes","startTime":"2024-02-04T15:29:27.274284+01:00[Europe/Berlin]","duration":57250,"isCancelled":false}
{"reason":"Push on VFS changes","startTime":"2024-02-04T15:29:39.150273+01:00[Europe/Berlin]","duration":150500,"isCancelled":false}
