{
  "appInfo" : {
    "build" : "233.13135.103",
    "buildDate" : "2023-12-20T05:05:00Z[UTC]",
    "productCode" : "IU",
    "generated" : "2024-01-16T02:44:56.773176Z",
    "os" : "macOS 14.2.1",
    "runtime" : "JetBrains s.r.o. 17.0.9 17.0.9+7-b1087.9"
  },
  "runtimeInfo" : {
    "maxMemory" : 2147483648,
    "numberOfProcessors" : 10,
    "maxNumberOfIndexingThreads" : 9,
    "maxSizeOfFileForIntelliSense" : 2560000,
    "maxSizeOfFileForContentLoading" : 20971520
  },
  "type" : "DumbIndexing",
  "projectIndexingActivityHistory" : {
    "projectName" : "candela",
    "times" : {
      "scanningIds" : [ 2 ],
      "contentLoadingVisibleTime" : 606878,
      "retrievingChangedDuringIndexingFilesTime" : 1358875,
      "separateApplyingIndexesVisibleTime" : 4396267,
      "updatingStart" : "2024-01-16T02:44:56.688276Z",
      "updatingEnd" : "2024-01-16T02:44:56.772781Z",
      "totalWallTimeWithPauses" : 84504791,
      "wallTimeOnPause" : 0,
      "wasInterrupted" : false,
      "dumbWallTimeWithoutPauses" : 84504791,
      "dumbWallTimeWithPauses" : 84504791,
      "dumbModeStart" : "2024-01-16T02:44:56.688276Z",
      "totalWallTimeWithoutPauses" : 84504791
    },
    "fileCount" : {
      "numberOfChangedDuringIndexingFiles" : 2,
      "numberOfFilesIndexedByInfrastructureExtensionsDuringIndexingStage" : 0,
      "numberOfFilesIndexedWithLoadingContent" : 3,
      "numberOfNothingToWriteFiles" : 0
    },
    "totalStatsPerFileType" : [ {
      "fileType" : "Kotlin",
      "partOfTotalProcessingTime" : {
        "part" : 10227499,
        "total" : 14272875
      },
      "partOfTotalContentLoadingTime" : {
        "part" : 107542,
        "total" : 473834
      },
      "totalNumberOfFiles" : 1,
      "totalFilesSize" : 42,
      "totalProcessingSpeed" : {
        "totalBytes" : 42,
        "totalCpuTime" : 10227499
      },
      "biggestContributors" : [ {
        "providerName" : "Refreshed files",
        "numberOfFiles" : 1,
        "totalFilesSize" : 42,
        "partOfTotalProcessingTimeOfThisFileType" : {
          "part" : 10227499,
          "total" : 10227499
        }
      } ]
    }, {
      "fileType" : "GitIgnore file",
      "partOfTotalProcessingTime" : {
        "part" : 3256000,
        "total" : 14272875
      },
      "partOfTotalContentLoadingTime" : {
        "part" : 197500,
        "total" : 473834
      },
      "totalNumberOfFiles" : 1,
      "totalFilesSize" : 344,
      "totalProcessingSpeed" : {
        "totalBytes" : 344,
        "totalCpuTime" : 3256000
      },
      "biggestContributors" : [ {
        "providerName" : "Module 'candela' (all roots)",
        "numberOfFiles" : 1,
        "totalFilesSize" : 344,
        "partOfTotalProcessingTimeOfThisFileType" : {
          "part" : 3256000,
          "total" : 3256000
        }
      } ]
    }, {
      "fileType" : "UNKNOWN",
      "partOfTotalProcessingTime" : {
        "part" : 789376,
        "total" : 14272875
      },
      "partOfTotalContentLoadingTime" : {
        "part" : 168792,
        "total" : 473834
      },
      "totalNumberOfFiles" : 1,
      "totalFilesSize" : 0,
      "totalProcessingSpeed" : {
        "totalBytes" : 0,
        "totalCpuTime" : 789376
      },
      "biggestContributors" : [ {
        "providerName" : "Refreshed files",
        "numberOfFiles" : 1,
        "totalFilesSize" : 0,
        "partOfTotalProcessingTimeOfThisFileType" : {
          "part" : 789376,
          "total" : 789376
        }
      } ]
    } ],
    "totalStatsPerBaseLanguage" : [ {
      "language" : "kotlin",
      "partOfTotalProcessingTime" : {
        "part" : 10227499,
        "total" : 14272875
      },
      "partOfTotalContentLoadingTime" : {
        "part" : 581376,
        "total" : 473834
      },
      "totalNumberOfFiles" : 1,
      "totalFilesSize" : 42,
      "totalProcessingSpeed" : {
        "totalBytes" : 42,
        "totalCpuTime" : 10227499
      }
    }, {
      "language" : "GitIgnore",
      "partOfTotalProcessingTime" : {
        "part" : 3256000,
        "total" : 14272875
      },
      "partOfTotalContentLoadingTime" : {
        "part" : 671334,
        "total" : 473834
      },
      "totalNumberOfFiles" : 1,
      "totalFilesSize" : 344,
      "totalProcessingSpeed" : {
        "totalBytes" : 344,
        "totalCpuTime" : 3256000
      }
    }, {
      "language" : "IgnoreLang",
      "partOfTotalProcessingTime" : {
        "part" : 3256000,
        "total" : 14272875
      },
      "partOfTotalContentLoadingTime" : {
        "part" : 671334,
        "total" : 473834
      },
      "totalNumberOfFiles" : 1,
      "totalFilesSize" : 344,
      "totalProcessingSpeed" : {
        "totalBytes" : 344,
        "totalCpuTime" : 3256000
      }
    } ],
    "totalStatsPerIndexer" : [ {
      "indexId" : "HashFragmentIndex",
      "partOfTotalIndexingTime" : {
        "part" : 3208958,
        "total" : 8194166
      },
      "totalNumberOfFiles" : 1,
      "totalNumberOfFilesIndexedByExtensions" : 0,
      "totalFilesSize" : 42,
      "indexValueChangerEvaluationSpeed" : {
        "totalBytes" : 42,
        "totalCpuTime" : 3208958
      }
    }, {
      "indexId" : "Stubs",
      "partOfTotalIndexingTime" : {
        "part" : 2938708,
        "total" : 8194166
      },
      "totalNumberOfFiles" : 1,
      "totalNumberOfFilesIndexedByExtensions" : 0,
      "totalFilesSize" : 42,
      "indexValueChangerEvaluationSpeed" : {
        "totalBytes" : 42,
        "totalCpuTime" : 2938708
      }
    }, {
      "indexId" : "org.jetbrains.kotlin.idea.vfilefinder.KotlinPartialPackageNamesIndex",
      "partOfTotalIndexingTime" : {
        "part" : 837041,
        "total" : 8194166
      },
      "totalNumberOfFiles" : 1,
      "totalNumberOfFilesIndexedByExtensions" : 0,
      "totalFilesSize" : 42,
      "indexValueChangerEvaluationSpeed" : {
        "totalBytes" : 42,
        "totalCpuTime" : 837041
      }
    }, {
      "indexId" : "IdIndex",
      "partOfTotalIndexingTime" : {
        "part" : 401417,
        "total" : 8194166
      },
      "totalNumberOfFiles" : 2,
      "totalNumberOfFilesIndexedByExtensions" : 0,
      "totalFilesSize" : 386,
      "indexValueChangerEvaluationSpeed" : {
        "totalBytes" : 386,
        "totalCpuTime" : 401417
      }
    }, {
      "indexId" : "org.jetbrains.kotlin.idea.vfilefinder.KotlinShortClassNameFileIndex",
      "partOfTotalIndexingTime" : {
        "part" : 393208,
        "total" : 8194166
      },
      "totalNumberOfFiles" : 1,
      "totalNumberOfFilesIndexedByExtensions" : 0,
      "totalFilesSize" : 42,
      "indexValueChangerEvaluationSpeed" : {
        "totalBytes" : 42,
        "totalCpuTime" : 393208
      }
    }, {
      "indexId" : "Trigram.Index",
      "partOfTotalIndexingTime" : {
        "part" : 274958,
        "total" : 8194166
      },
      "totalNumberOfFiles" : 2,
      "totalNumberOfFilesIndexedByExtensions" : 0,
      "totalFilesSize" : 386,
      "indexValueChangerEvaluationSpeed" : {
        "totalBytes" : 386,
        "totalCpuTime" : 274958
      }
    }, {
      "indexId" : "org.jetbrains.kotlin.idea.base.indices.names.KotlinTopLevelClassLikeDeclarationByPackageShortNameIndex",
      "partOfTotalIndexingTime" : {
        "part" : 62334,
        "total" : 8194166
      },
      "totalNumberOfFiles" : 1,
      "totalNumberOfFilesIndexedByExtensions" : 0,
      "totalFilesSize" : 42,
      "indexValueChangerEvaluationSpeed" : {
        "totalBytes" : 42,
        "totalCpuTime" : 62334
      }
    }, {
      "indexId" : "org.jetbrains.kotlin.idea.vfilefinder.KotlinPackageSourcesMemberNamesIndex",
      "partOfTotalIndexingTime" : {
        "part" : 47208,
        "total" : 8194166
      },
      "totalNumberOfFiles" : 1,
      "totalNumberOfFilesIndexedByExtensions" : 0,
      "totalFilesSize" : 42,
      "indexValueChangerEvaluationSpeed" : {
        "totalBytes" : 42,
        "totalCpuTime" : 47208
      }
    }, {
      "indexId" : "org.jetbrains.kotlin.idea.base.indices.names.KotlinTopLevelCallableByPackageShortNameIndex",
      "partOfTotalIndexingTime" : {
        "part" : 30334,
        "total" : 8194166
      },
      "totalNumberOfFiles" : 1,
      "totalNumberOfFilesIndexedByExtensions" : 0,
      "totalFilesSize" : 42,
      "indexValueChangerEvaluationSpeed" : {
        "totalBytes" : 42,
        "totalCpuTime" : 30334
      }
    } ],
    "statisticsOfChangedDuringIndexingFiles" : {
      "numberOfFiles" : 2,
      "retrievingTime" : 1358875
    },
    "fileProviderStatistics" : [ {
      "providerName" : "Refreshed files",
      "totalNumberOfIndexedFiles" : 2,
      "totalNumberOfFilesFullyIndexedByExtensions" : 0,
      "totalNumberOfNothingToWriteFiles" : 0,
      "totalIndexingVisibleTime" : 9376083,
      "contentLoadingVisibleTime" : 235178,
      "numberOfTooLargeForIndexingFiles" : 0,
      "slowIndexedFiles" : [ ],
      "filesFullyIndexedByExtensions" : [ ],
      "separateApplyingIndexesVisibleTime" : 1429648
    }, {
      "providerName" : "Module 'candela' (all roots)",
      "totalNumberOfIndexedFiles" : 1,
      "totalNumberOfFilesFullyIndexedByExtensions" : 0,
      "totalNumberOfNothingToWriteFiles" : 0,
      "totalIndexingVisibleTime" : 6127875,
      "contentLoadingVisibleTime" : 371700,
      "numberOfTooLargeForIndexingFiles" : 0,
      "slowIndexedFiles" : [ ],
      "filesFullyIndexedByExtensions" : [ ],
      "separateApplyingIndexesVisibleTime" : 2966619
    } ],
    "visibleTimeToAllThreadTimeRatio" : 0.8510655698644125
  }
}