{
  "appInfo" : {
    "build" : "233.13135.103",
    "buildDate" : "2023-12-20T05:05:00Z[UTC]",
    "productCode" : "IU",
    "generated" : "2024-01-16T02:45:26.657833Z",
    "os" : "macOS 14.2.1",
    "runtime" : "JetBrains s.r.o. 17.0.9 17.0.9+7-b1087.9"
  },
  "runtimeInfo" : {
    "maxMemory" : 2147483648,
    "numberOfProcessors" : 10,
    "maxNumberOfIndexingThreads" : 9,
    "maxSizeOfFileForIntelliSense" : 2560000,
    "maxSizeOfFileForContentLoading" : 20971520
  },
  "type" : "Scanning",
  "projectIndexingActivityHistory" : {
    "projectName" : "candela",
    "times" : {
      "scanningReason" : "changes in: \"External roots from entity (jdk.security.jgss; empty; empty; empty)\", \"External roots from entity (jdk.unsupported; empty; empty; empty)\", \"External roots from entity (jdk.unsupported.desktop; empty; empty; empty)\", \"External roots from entity (jdk.xml.dom; empty; empty; empty)\", \"External roots from entity (jdk.zipfs; empty; empty; empty)\", \"External roots from entity (kotlin-reflect.jar; empty; empty; empty)\", \"External roots from entity (kotlin-stdlib.jar; empty; empty; empty)\", \"External roots from entity (kotlin-script-runtime.jar; empty; empty; empty)\", \"External roots from entity (java.base; empty; empty; empty)\", \"External roots from entity (java.compiler; empty; empty; empty)\" and 62 iterators more",
      "scanningType" : "PARTIAL",
      "scanningId" : 4,
      "creatingIteratorsTime" : 0,
      "concurrentHandlingWallTimeWithoutPauses" : 402783000,
      "concurrentHandlingWallTimeWithPauses" : 402783000,
      "concurrentHandlingSumOfThreadTimesWithPauses" : 2638601787,
      "concurrentIterationAndScannersApplicationSumOfThreadTimesWithPauses" : 34068374,
      "concurrentFileCheckSumOfThreadTimesWithPauses" : 2600887077,
      "delayedPushPropertiesStageTime" : 3000,
      "indexExtensionsTime" : 76338895,
      "dumbModeStart" : "2024-01-16T02:45:26.254157Z",
      "dumbWallTimeWithPauses" : 403214000,
      "dumbWallTimeWithoutPauses" : 403214000,
      "updatingStart" : "2024-01-16T02:45:26.253759Z",
      "updatingEnd" : "2024-01-16T02:45:26.657371Z",
      "totalWallTimeWithPauses" : 403618416,
      "wallTimeOnPause" : 0,
      "wasInterrupted" : false,
      "totalWallTimeWithoutPauses" : 403618416
    },
    "fileCount" : {
      "numberOfFileProviders" : 72,
      "numberOfScannedFiles" : 31631,
      "numberOfFilesIndexedByInfrastructureExtensionsDuringScan" : 0,
      "numberOfFilesScheduledForIndexingAfterScan" : 2972
    },
    "scanningStatistics" : [ {
      "providerName" : "External roots from entity (java.base; empty; empty; empty)",
      "numberOfScannedFiles" : 7510,
      "numberOfSkippedFiles" : 0,
      "numberOfFilesForIndexing" : 0,
      "numberOfFilesFullyIndexedByInfrastructureExtensions" : 0,
      "filesFullyIndexedByInfrastructureExtensions" : [ ],
      "statusTime" : 359195669,
      "totalOneThreadTimeWithPauses" : 398225417,
      "iterationAndScannersApplicationTime" : 7240208,
      "filesCheckTime" : 390929917,
      "timeProcessingUpToDateFiles" : 122095175,
      "timeUpdatingContentLessIndexes" : 0,
      "timeIndexingWithoutContentViaInfrastructureExtension" : 0,
      "roots" : [ ]
    }, {
      "providerName" : "External roots from entity (java.desktop; empty; empty; empty)",
      "numberOfScannedFiles" : 6080,
      "numberOfSkippedFiles" : 0,
      "numberOfFilesForIndexing" : 0,
      "numberOfFilesFullyIndexedByInfrastructureExtensions" : 0,
      "filesFullyIndexedByInfrastructureExtensions" : [ ],
      "statusTime" : 330429121,
      "totalOneThreadTimeWithPauses" : 339262916,
      "iterationAndScannersApplicationTime" : 1511958,
      "filesCheckTime" : 337701958,
      "timeProcessingUpToDateFiles" : 107232876,
      "timeUpdatingContentLessIndexes" : 0,
      "timeIndexingWithoutContentViaInfrastructureExtension" : 0,
      "roots" : [ ]
    }, {
      "providerName" : "External roots from entity (kotlin-reflect.jar; empty; empty; empty)",
      "numberOfScannedFiles" : 1956,
      "numberOfSkippedFiles" : 0,
      "numberOfFilesForIndexing" : 1956,
      "numberOfFilesFullyIndexedByInfrastructureExtensions" : 0,
      "filesFullyIndexedByInfrastructureExtensions" : [ ],
      "statusTime" : 195761258,
      "totalOneThreadTimeWithPauses" : 250001500,
      "iterationAndScannersApplicationTime" : 8408708,
      "filesCheckTime" : 241503500,
      "timeProcessingUpToDateFiles" : 0,
      "timeUpdatingContentLessIndexes" : 73459393,
      "timeIndexingWithoutContentViaInfrastructureExtension" : 31970126,
      "roots" : [ ]
    }, {
      "providerName" : "External roots from entity (java.xml; empty; empty; empty)",
      "numberOfScannedFiles" : 2342,
      "numberOfSkippedFiles" : 0,
      "numberOfFilesForIndexing" : 0,
      "numberOfFilesFullyIndexedByInfrastructureExtensions" : 0,
      "filesFullyIndexedByInfrastructureExtensions" : [ ],
      "statusTime" : 180827445,
      "totalOneThreadTimeWithPauses" : 185808583,
      "iterationAndScannersApplicationTime" : 1003542,
      "filesCheckTime" : 184770291,
      "timeProcessingUpToDateFiles" : 48528569,
      "timeUpdatingContentLessIndexes" : 0,
      "timeIndexingWithoutContentViaInfrastructureExtension" : 0,
      "roots" : [ ]
    }, {
      "providerName" : "External roots from entity (jdk.compiler; empty; empty; empty)",
      "numberOfScannedFiles" : 1589,
      "numberOfSkippedFiles" : 0,
      "numberOfFilesForIndexing" : 0,
      "numberOfFilesFullyIndexedByInfrastructureExtensions" : 0,
      "filesFullyIndexedByInfrastructureExtensions" : [ ],
      "statusTime" : 138471090,
      "totalOneThreadTimeWithPauses" : 140827208,
      "iterationAndScannersApplicationTime" : 479125,
      "filesCheckTime" : 140326500,
      "timeProcessingUpToDateFiles" : 36639660,
      "timeUpdatingContentLessIndexes" : 0,
      "timeIndexingWithoutContentViaInfrastructureExtension" : 0,
      "roots" : [ ]
    }, {
      "providerName" : "External roots from entity (kotlin-stdlib.jar; empty; empty; empty)",
      "numberOfScannedFiles" : 978,
      "numberOfSkippedFiles" : 0,
      "numberOfFilesForIndexing" : 978,
      "numberOfFilesFullyIndexedByInfrastructureExtensions" : 0,
      "filesFullyIndexedByInfrastructureExtensions" : [ ],
      "statusTime" : 101924744,
      "totalOneThreadTimeWithPauses" : 139190959,
      "iterationAndScannersApplicationTime" : 6032041,
      "filesCheckTime" : 133102958,
      "timeProcessingUpToDateFiles" : 0,
      "timeUpdatingContentLessIndexes" : 45574446,
      "timeIndexingWithoutContentViaInfrastructureExtension" : 17365135,
      "roots" : [ ]
    }, {
      "providerName" : "External roots from entity (jdk.hotspot.agent; empty; empty; empty)",
      "numberOfScannedFiles" : 1707,
      "numberOfSkippedFiles" : 0,
      "numberOfFilesForIndexing" : 0,
      "numberOfFilesFullyIndexedByInfrastructureExtensions" : 0,
      "filesFullyIndexedByInfrastructureExtensions" : [ ],
      "statusTime" : 130427337,
      "totalOneThreadTimeWithPauses" : 134939041,
      "iterationAndScannersApplicationTime" : 444667,
      "filesCheckTime" : 134449666,
      "timeProcessingUpToDateFiles" : 35834962,
      "timeUpdatingContentLessIndexes" : 0,
      "timeIndexingWithoutContentViaInfrastructureExtension" : 0,
      "roots" : [ ]
    }, {
      "providerName" : "External roots from entity (jdk.localedata; empty; empty; empty)",
      "numberOfScannedFiles" : 1880,
      "numberOfSkippedFiles" : 0,
      "numberOfFilesForIndexing" : 0,
      "numberOfFilesFullyIndexedByInfrastructureExtensions" : 0,
      "filesFullyIndexedByInfrastructureExtensions" : [ ],
      "statusTime" : 82660406,
      "totalOneThreadTimeWithPauses" : 84432125,
      "iterationAndScannersApplicationTime" : 410875,
      "filesCheckTime" : 83982709,
      "timeProcessingUpToDateFiles" : 32412369,
      "timeUpdatingContentLessIndexes" : 0,
      "timeIndexingWithoutContentViaInfrastructureExtension" : 0,
      "roots" : [ ]
    }, {
      "providerName" : "External roots from entity (java.management; empty; empty; empty)",
      "numberOfScannedFiles" : 476,
      "numberOfSkippedFiles" : 0,
      "numberOfFilesForIndexing" : 0,
      "numberOfFilesFullyIndexedByInfrastructureExtensions" : 0,
      "filesFullyIndexedByInfrastructureExtensions" : [ ],
      "statusTime" : 58802701,
      "totalOneThreadTimeWithPauses" : 60377250,
      "iterationAndScannersApplicationTime" : 406916,
      "filesCheckTime" : 59841541,
      "timeProcessingUpToDateFiles" : 12280549,
      "timeUpdatingContentLessIndexes" : 0,
      "timeIndexingWithoutContentViaInfrastructureExtension" : 0,
      "roots" : [ ]
    }, {
      "providerName" : "External roots from entity (jdk.javadoc; empty; empty; empty)",
      "numberOfScannedFiles" : 638,
      "numberOfSkippedFiles" : 0,
      "numberOfFilesForIndexing" : 0,
      "numberOfFilesFullyIndexedByInfrastructureExtensions" : 0,
      "filesFullyIndexedByInfrastructureExtensions" : [ ],
      "statusTime" : 54742292,
      "totalOneThreadTimeWithPauses" : 56293416,
      "iterationAndScannersApplicationTime" : 236292,
      "filesCheckTime" : 56005625,
      "timeProcessingUpToDateFiles" : 14627993,
      "timeUpdatingContentLessIndexes" : 0,
      "timeIndexingWithoutContentViaInfrastructureExtension" : 0,
      "roots" : [ ]
    }, {
      "providerName" : "External roots from entity (java.net.http; empty; empty; empty)",
      "numberOfScannedFiles" : 349,
      "numberOfSkippedFiles" : 0,
      "numberOfFilesForIndexing" : 0,
      "numberOfFilesFullyIndexedByInfrastructureExtensions" : 0,
      "filesFullyIndexedByInfrastructureExtensions" : [ ],
      "statusTime" : 44565212,
      "totalOneThreadTimeWithPauses" : 45290583,
      "iterationAndScannersApplicationTime" : 90000,
      "filesCheckTime" : 45028000,
      "timeProcessingUpToDateFiles" : 8325097,
      "timeUpdatingContentLessIndexes" : 0,
      "timeIndexingWithoutContentViaInfrastructureExtension" : 0,
      "roots" : [ ]
    }, {
      "providerName" : "External roots from entity (jdk.jdi; empty; empty; empty)",
      "numberOfScannedFiles" : 549,
      "numberOfSkippedFiles" : 0,
      "numberOfFilesForIndexing" : 0,
      "numberOfFilesFullyIndexedByInfrastructureExtensions" : 0,
      "filesFullyIndexedByInfrastructureExtensions" : [ ],
      "statusTime" : 43575895,
      "totalOneThreadTimeWithPauses" : 45021583,
      "iterationAndScannersApplicationTime" : 270792,
      "filesCheckTime" : 44593083,
      "timeProcessingUpToDateFiles" : 12424899,
      "timeUpdatingContentLessIndexes" : 0,
      "timeIndexingWithoutContentViaInfrastructureExtension" : 0,
      "roots" : [ ]
    }, {
      "providerName" : "External roots from entity (jdk.xml.dom; empty; empty; empty)",
      "numberOfScannedFiles" : 90,
      "numberOfSkippedFiles" : 0,
      "numberOfFilesForIndexing" : 0,
      "numberOfFilesFullyIndexedByInfrastructureExtensions" : 0,
      "filesFullyIndexedByInfrastructureExtensions" : [ ],
      "statusTime" : 41725996,
      "totalOneThreadTimeWithPauses" : 44299083,
      "iterationAndScannersApplicationTime" : 602125,
      "filesCheckTime" : 43679083,
      "timeProcessingUpToDateFiles" : 31768813,
      "timeUpdatingContentLessIndexes" : 0,
      "timeIndexingWithoutContentViaInfrastructureExtension" : 0,
      "roots" : [ ]
    }, {
      "providerName" : "External roots from entity (kotlin-script-runtime.jar; empty; empty; empty)",
      "numberOfScannedFiles" : 38,
      "numberOfSkippedFiles" : 0,
      "numberOfFilesForIndexing" : 38,
      "numberOfFilesFullyIndexedByInfrastructureExtensions" : 0,
      "filesFullyIndexedByInfrastructureExtensions" : [ ],
      "statusTime" : 35943915,
      "totalOneThreadTimeWithPauses" : 41675167,
      "iterationAndScannersApplicationTime" : 961750,
      "filesCheckTime" : 40692083,
      "timeProcessingUpToDateFiles" : 0,
      "timeUpdatingContentLessIndexes" : 3563161,
      "timeIndexingWithoutContentViaInfrastructureExtension" : 27003634,
      "roots" : [ ]
    }, {
      "providerName" : "External roots from entity (java.xml.crypto; empty; empty; empty)",
      "numberOfScannedFiles" : 392,
      "numberOfSkippedFiles" : 0,
      "numberOfFilesForIndexing" : 0,
      "numberOfFilesFullyIndexedByInfrastructureExtensions" : 0,
      "filesFullyIndexedByInfrastructureExtensions" : [ ],
      "statusTime" : 37286207,
      "totalOneThreadTimeWithPauses" : 38664625,
      "iterationAndScannersApplicationTime" : 494167,
      "filesCheckTime" : 38131583,
      "timeProcessingUpToDateFiles" : 8233085,
      "timeUpdatingContentLessIndexes" : 0,
      "timeIndexingWithoutContentViaInfrastructureExtension" : 0,
      "roots" : [ ]
    }, {
      "providerName" : "External roots from entity (jdk.charsets; empty; empty; empty)",
      "numberOfScannedFiles" : 337,
      "numberOfSkippedFiles" : 0,
      "numberOfFilesForIndexing" : 0,
      "numberOfFilesFullyIndexedByInfrastructureExtensions" : 0,
      "filesFullyIndexedByInfrastructureExtensions" : [ ],
      "statusTime" : 37535340,
      "totalOneThreadTimeWithPauses" : 38050583,
      "iterationAndScannersApplicationTime" : 90125,
      "filesCheckTime" : 37934291,
      "timeProcessingUpToDateFiles" : 8163093,
      "timeUpdatingContentLessIndexes" : 0,
      "timeIndexingWithoutContentViaInfrastructureExtension" : 0,
      "roots" : [ ]
    }, {
      "providerName" : "External roots from entity (jdk.zipfs; empty; empty; empty)",
      "numberOfScannedFiles" : 36,
      "numberOfSkippedFiles" : 0,
      "numberOfFilesForIndexing" : 0,
      "numberOfFilesFullyIndexedByInfrastructureExtensions" : 0,
      "filesFullyIndexedByInfrastructureExtensions" : [ ],
      "statusTime" : 36058790,
      "totalOneThreadTimeWithPauses" : 36834334,
      "iterationAndScannersApplicationTime" : 304000,
      "filesCheckTime" : 36473250,
      "timeProcessingUpToDateFiles" : 29390661,
      "timeUpdatingContentLessIndexes" : 0,
      "timeIndexingWithoutContentViaInfrastructureExtension" : 0,
      "roots" : [ ]
    }, {
      "providerName" : "External roots from entity (jdk.jdeps; empty; empty; empty)",
      "numberOfScannedFiles" : 422,
      "numberOfSkippedFiles" : 0,
      "numberOfFilesForIndexing" : 0,
      "numberOfFilesFullyIndexedByInfrastructureExtensions" : 0,
      "filesFullyIndexedByInfrastructureExtensions" : [ ],
      "statusTime" : 34002333,
      "totalOneThreadTimeWithPauses" : 34991833,
      "iterationAndScannersApplicationTime" : 332750,
      "filesCheckTime" : 34497208,
      "timeProcessingUpToDateFiles" : 9730845,
      "timeUpdatingContentLessIndexes" : 0,
      "timeIndexingWithoutContentViaInfrastructureExtension" : 0,
      "roots" : [ ]
    }, {
      "providerName" : "External roots from entity (jdk.jfr; empty; empty; empty)",
      "numberOfScannedFiles" : 461,
      "numberOfSkippedFiles" : 0,
      "numberOfFilesForIndexing" : 0,
      "numberOfFilesFullyIndexedByInfrastructureExtensions" : 0,
      "filesFullyIndexedByInfrastructureExtensions" : [ ],
      "statusTime" : 33587964,
      "totalOneThreadTimeWithPauses" : 34399834,
      "iterationAndScannersApplicationTime" : 113083,
      "filesCheckTime" : 34259208,
      "timeProcessingUpToDateFiles" : 9558822,
      "timeUpdatingContentLessIndexes" : 0,
      "timeIndexingWithoutContentViaInfrastructureExtension" : 0,
      "roots" : [ ]
    }, {
      "providerName" : "External roots from entity (java.naming; empty; empty; empty)",
      "numberOfScannedFiles" : 248,
      "numberOfSkippedFiles" : 0,
      "numberOfFilesForIndexing" : 0,
      "numberOfFilesFullyIndexedByInfrastructureExtensions" : 0,
      "filesFullyIndexedByInfrastructureExtensions" : [ ],
      "statusTime" : 33192429,
      "totalOneThreadTimeWithPauses" : 33981500,
      "iterationAndScannersApplicationTime" : 86500,
      "filesCheckTime" : 33862708,
      "timeProcessingUpToDateFiles" : 5728579,
      "timeUpdatingContentLessIndexes" : 0,
      "timeIndexingWithoutContentViaInfrastructureExtension" : 0,
      "roots" : [ ]
    }, {
      "providerName" : "External roots from entity (jdk.security.jgss; empty; empty; empty)",
      "numberOfScannedFiles" : 17,
      "numberOfSkippedFiles" : 0,
      "numberOfFilesForIndexing" : 0,
      "numberOfFilesFullyIndexedByInfrastructureExtensions" : 0,
      "filesFullyIndexedByInfrastructureExtensions" : [ ],
      "statusTime" : 30683750,
      "totalOneThreadTimeWithPauses" : 31341375,
      "iterationAndScannersApplicationTime" : 306166,
      "filesCheckTime" : 30999083,
      "timeProcessingUpToDateFiles" : 29397207,
      "timeUpdatingContentLessIndexes" : 0,
      "timeIndexingWithoutContentViaInfrastructureExtension" : 0,
      "roots" : [ ]
    }, {
      "providerName" : "External roots from entity (jdk.unsupported; empty; empty; empty)",
      "numberOfScannedFiles" : 12,
      "numberOfSkippedFiles" : 0,
      "numberOfFilesForIndexing" : 0,
      "numberOfFilesFullyIndexedByInfrastructureExtensions" : 0,
      "filesFullyIndexedByInfrastructureExtensions" : [ ],
      "statusTime" : 30105126,
      "totalOneThreadTimeWithPauses" : 30976875,
      "iterationAndScannersApplicationTime" : 284417,
      "filesCheckTime" : 30618667,
      "timeProcessingUpToDateFiles" : 29381706,
      "timeUpdatingContentLessIndexes" : 0,
      "timeIndexingWithoutContentViaInfrastructureExtension" : 0,
      "roots" : [ ]
    }, {
      "providerName" : "External roots from entity (jdk.unsupported.desktop; empty; empty; empty)",
      "numberOfScannedFiles" : 12,
      "numberOfSkippedFiles" : 0,
      "numberOfFilesForIndexing" : 0,
      "numberOfFilesFullyIndexedByInfrastructureExtensions" : 0,
      "filesFullyIndexedByInfrastructureExtensions" : [ ],
      "statusTime" : 29599125,
      "totalOneThreadTimeWithPauses" : 30639125,
      "iterationAndScannersApplicationTime" : 253125,
      "filesCheckTime" : 30331333,
      "timeProcessingUpToDateFiles" : 28907625,
      "timeUpdatingContentLessIndexes" : 0,
      "timeIndexingWithoutContentViaInfrastructureExtension" : 0,
      "roots" : [ ]
    }, {
      "providerName" : "External roots from entity (jdk.internal.vm.ci; empty; empty; empty)",
      "numberOfScannedFiles" : 299,
      "numberOfSkippedFiles" : 0,
      "numberOfFilesForIndexing" : 0,
      "numberOfFilesFullyIndexedByInfrastructureExtensions" : 0,
      "filesFullyIndexedByInfrastructureExtensions" : [ ],
      "statusTime" : 28819319,
      "totalOneThreadTimeWithPauses" : 29641750,
      "iterationAndScannersApplicationTime" : 99458,
      "filesCheckTime" : 29471375,
      "timeProcessingUpToDateFiles" : 8822747,
      "timeUpdatingContentLessIndexes" : 0,
      "timeIndexingWithoutContentViaInfrastructureExtension" : 0,
      "roots" : [ ]
    }, {
      "providerName" : "External roots from entity (java.compiler; empty; empty; empty)",
      "numberOfScannedFiles" : 145,
      "numberOfSkippedFiles" : 0,
      "numberOfFilesForIndexing" : 0,
      "numberOfFilesFullyIndexedByInfrastructureExtensions" : 0,
      "filesFullyIndexedByInfrastructureExtensions" : [ ],
      "statusTime" : 24707912,
      "totalOneThreadTimeWithPauses" : 27332959,
      "iterationAndScannersApplicationTime" : 789250,
      "filesCheckTime" : 26508417,
      "timeProcessingUpToDateFiles" : 4328307,
      "timeUpdatingContentLessIndexes" : 0,
      "timeIndexingWithoutContentViaInfrastructureExtension" : 0,
      "roots" : [ ]
    }, {
      "providerName" : "External roots from entity (java.security.jgss; empty; empty; empty)",
      "numberOfScannedFiles" : 250,
      "numberOfSkippedFiles" : 0,
      "numberOfFilesForIndexing" : 0,
      "numberOfFilesFullyIndexedByInfrastructureExtensions" : 0,
      "filesFullyIndexedByInfrastructureExtensions" : [ ],
      "statusTime" : 25837596,
      "totalOneThreadTimeWithPauses" : 26568375,
      "iterationAndScannersApplicationTime" : 73458,
      "filesCheckTime" : 26483583,
      "timeProcessingUpToDateFiles" : 6161645,
      "timeUpdatingContentLessIndexes" : 0,
      "timeIndexingWithoutContentViaInfrastructureExtension" : 0,
      "roots" : [ ]
    }, {
      "providerName" : "External roots from entity (jdk.jshell; empty; empty; empty)",
      "numberOfScannedFiles" : 312,
      "numberOfSkippedFiles" : 0,
      "numberOfFilesForIndexing" : 0,
      "numberOfFilesFullyIndexedByInfrastructureExtensions" : 0,
      "filesFullyIndexedByInfrastructureExtensions" : [ ],
      "statusTime" : 25467789,
      "totalOneThreadTimeWithPauses" : 26062167,
      "iterationAndScannersApplicationTime" : 90917,
      "filesCheckTime" : 25950917,
      "timeProcessingUpToDateFiles" : 6582040,
      "timeUpdatingContentLessIndexes" : 0,
      "timeIndexingWithoutContentViaInfrastructureExtension" : 0,
      "roots" : [ ]
    }, {
      "providerName" : "External roots from entity (java.rmi; empty; empty; empty)",
      "numberOfScannedFiles" : 178,
      "numberOfSkippedFiles" : 0,
      "numberOfFilesForIndexing" : 0,
      "numberOfFilesFullyIndexedByInfrastructureExtensions" : 0,
      "filesFullyIndexedByInfrastructureExtensions" : [ ],
      "statusTime" : 19925128,
      "totalOneThreadTimeWithPauses" : 20742000,
      "iterationAndScannersApplicationTime" : 201834,
      "filesCheckTime" : 20459334,
      "timeProcessingUpToDateFiles" : 4183515,
      "timeUpdatingContentLessIndexes" : 0,
      "timeIndexingWithoutContentViaInfrastructureExtension" : 0,
      "roots" : [ ]
    }, {
      "providerName" : "External roots from entity (jdk.jconsole; empty; empty; empty)",
      "numberOfScannedFiles" : 237,
      "numberOfSkippedFiles" : 0,
      "numberOfFilesForIndexing" : 0,
      "numberOfFilesFullyIndexedByInfrastructureExtensions" : 0,
      "filesFullyIndexedByInfrastructureExtensions" : [ ],
      "statusTime" : 17759455,
      "totalOneThreadTimeWithPauses" : 18361875,
      "iterationAndScannersApplicationTime" : 69833,
      "filesCheckTime" : 18094958,
      "timeProcessingUpToDateFiles" : 4886294,
      "timeUpdatingContentLessIndexes" : 0,
      "timeIndexingWithoutContentViaInfrastructureExtension" : 0,
      "roots" : [ ]
    }, {
      "providerName" : "External roots from entity (jdk.internal.le; empty; empty; empty)",
      "numberOfScannedFiles" : 191,
      "numberOfSkippedFiles" : 0,
      "numberOfFilesForIndexing" : 0,
      "numberOfFilesFullyIndexedByInfrastructureExtensions" : 0,
      "filesFullyIndexedByInfrastructureExtensions" : [ ],
      "statusTime" : 17243077,
      "totalOneThreadTimeWithPauses" : 17798000,
      "iterationAndScannersApplicationTime" : 71833,
      "filesCheckTime" : 17716458,
      "timeProcessingUpToDateFiles" : 4462620,
      "timeUpdatingContentLessIndexes" : 0,
      "timeIndexingWithoutContentViaInfrastructureExtension" : 0,
      "roots" : [ ]
    }, {
      "providerName" : "External roots from entity (jdk.incubator.vector; empty; empty; empty)",
      "numberOfScannedFiles" : 190,
      "numberOfSkippedFiles" : 0,
      "numberOfFilesForIndexing" : 0,
      "numberOfFilesFullyIndexedByInfrastructureExtensions" : 0,
      "filesFullyIndexedByInfrastructureExtensions" : [ ],
      "statusTime" : 16942950,
      "totalOneThreadTimeWithPauses" : 17318041,
      "iterationAndScannersApplicationTime" : 64833,
      "filesCheckTime" : 17219958,
      "timeProcessingUpToDateFiles" : 4197828,
      "timeUpdatingContentLessIndexes" : 0,
      "timeIndexingWithoutContentViaInfrastructureExtension" : 0,
      "roots" : [ ]
    }, {
      "providerName" : "External roots from entity (jdk.crypto.cryptoki; empty; empty; empty)",
      "numberOfScannedFiles" : 144,
      "numberOfSkippedFiles" : 0,
      "numberOfFilesForIndexing" : 0,
      "numberOfFilesFullyIndexedByInfrastructureExtensions" : 0,
      "filesFullyIndexedByInfrastructureExtensions" : [ ],
      "statusTime" : 14897919,
      "totalOneThreadTimeWithPauses" : 15443458,
      "iterationAndScannersApplicationTime" : 128708,
      "filesCheckTime" : 15255333,
      "timeProcessingUpToDateFiles" : 3468793,
      "timeUpdatingContentLessIndexes" : 0,
      "timeIndexingWithoutContentViaInfrastructureExtension" : 0,
      "roots" : [ ]
    }, {
      "providerName" : "External roots from entity (jdk.jlink; empty; empty; empty)",
      "numberOfScannedFiles" : 189,
      "numberOfSkippedFiles" : 0,
      "numberOfFilesForIndexing" : 0,
      "numberOfFilesFullyIndexedByInfrastructureExtensions" : 0,
      "filesFullyIndexedByInfrastructureExtensions" : [ ],
      "statusTime" : 13195497,
      "totalOneThreadTimeWithPauses" : 13939875,
      "iterationAndScannersApplicationTime" : 247417,
      "filesCheckTime" : 13615875,
      "timeProcessingUpToDateFiles" : 3663637,
      "timeUpdatingContentLessIndexes" : 0,
      "timeIndexingWithoutContentViaInfrastructureExtension" : 0,
      "roots" : [ ]
    }, {
      "providerName" : "External roots from entity (jdk.dynalink; empty; empty; empty)",
      "numberOfScannedFiles" : 93,
      "numberOfSkippedFiles" : 0,
      "numberOfFilesForIndexing" : 0,
      "numberOfFilesFullyIndexedByInfrastructureExtensions" : 0,
      "filesFullyIndexedByInfrastructureExtensions" : [ ],
      "statusTime" : 9866670,
      "totalOneThreadTimeWithPauses" : 10152208,
      "iterationAndScannersApplicationTime" : 33917,
      "filesCheckTime" : 10062333,
      "timeProcessingUpToDateFiles" : 2341269,
      "timeUpdatingContentLessIndexes" : 0,
      "timeIndexingWithoutContentViaInfrastructureExtension" : 0,
      "roots" : [ ]
    }, {
      "providerName" : "External roots from entity (java.logging; empty; empty; empty)",
      "numberOfScannedFiles" : 66,
      "numberOfSkippedFiles" : 0,
      "numberOfFilesForIndexing" : 0,
      "numberOfFilesFullyIndexedByInfrastructureExtensions" : 0,
      "filesFullyIndexedByInfrastructureExtensions" : [ ],
      "statusTime" : 9046498,
      "totalOneThreadTimeWithPauses" : 9567000,
      "iterationAndScannersApplicationTime" : 114750,
      "filesCheckTime" : 9392125,
      "timeProcessingUpToDateFiles" : 1544287,
      "timeUpdatingContentLessIndexes" : 0,
      "timeIndexingWithoutContentViaInfrastructureExtension" : 0,
      "roots" : [ ]
    }, {
      "providerName" : "External roots from entity (java.datatransfer; empty; empty; empty)",
      "numberOfScannedFiles" : 26,
      "numberOfSkippedFiles" : 0,
      "numberOfFilesForIndexing" : 0,
      "numberOfFilesFullyIndexedByInfrastructureExtensions" : 0,
      "filesFullyIndexedByInfrastructureExtensions" : [ ],
      "statusTime" : 5710376,
      "totalOneThreadTimeWithPauses" : 9172958,
      "iterationAndScannersApplicationTime" : 542459,
      "filesCheckTime" : 8601375,
      "timeProcessingUpToDateFiles" : 978706,
      "timeUpdatingContentLessIndexes" : 0,
      "timeIndexingWithoutContentViaInfrastructureExtension" : 0,
      "roots" : [ ]
    }, {
      "providerName" : "External roots from entity (java.sql; empty; empty; empty)",
      "numberOfScannedFiles" : 79,
      "numberOfSkippedFiles" : 0,
      "numberOfFilesForIndexing" : 0,
      "numberOfFilesFullyIndexedByInfrastructureExtensions" : 0,
      "filesFullyIndexedByInfrastructureExtensions" : [ ],
      "statusTime" : 8721172,
      "totalOneThreadTimeWithPauses" : 8937334,
      "iterationAndScannersApplicationTime" : 30917,
      "filesCheckTime" : 8866500,
      "timeProcessingUpToDateFiles" : 1867410,
      "timeUpdatingContentLessIndexes" : 0,
      "timeIndexingWithoutContentViaInfrastructureExtension" : 0,
      "roots" : [ ]
    }, {
      "providerName" : "External roots from entity (jdk.httpserver; empty; empty; empty)",
      "numberOfScannedFiles" : 92,
      "numberOfSkippedFiles" : 0,
      "numberOfFilesForIndexing" : 0,
      "numberOfFilesFullyIndexedByInfrastructureExtensions" : 0,
      "filesFullyIndexedByInfrastructureExtensions" : [ ],
      "statusTime" : 8516084,
      "totalOneThreadTimeWithPauses" : 8818584,
      "iterationAndScannersApplicationTime" : 32209,
      "filesCheckTime" : 8760250,
      "timeProcessingUpToDateFiles" : 1890120,
      "timeUpdatingContentLessIndexes" : 0,
      "timeIndexingWithoutContentViaInfrastructureExtension" : 0,
      "roots" : [ ]
    }, {
      "providerName" : "External roots from entity (jdk.jpackage; empty; empty; empty)",
      "numberOfScannedFiles" : 119,
      "numberOfSkippedFiles" : 0,
      "numberOfFilesForIndexing" : 0,
      "numberOfFilesFullyIndexedByInfrastructureExtensions" : 0,
      "filesFullyIndexedByInfrastructureExtensions" : [ ],
      "statusTime" : 7885995,
      "totalOneThreadTimeWithPauses" : 8161916,
      "iterationAndScannersApplicationTime" : 44458,
      "filesCheckTime" : 8088083,
      "timeProcessingUpToDateFiles" : 2029952,
      "timeUpdatingContentLessIndexes" : 0,
      "timeIndexingWithoutContentViaInfrastructureExtension" : 0,
      "roots" : [ ]
    }, {
      "providerName" : "External roots from entity (java.sql.rowset; empty; empty; empty)",
      "numberOfScannedFiles" : 72,
      "numberOfSkippedFiles" : 0,
      "numberOfFilesForIndexing" : 0,
      "numberOfFilesFullyIndexedByInfrastructureExtensions" : 0,
      "filesFullyIndexedByInfrastructureExtensions" : [ ],
      "statusTime" : 7777751,
      "totalOneThreadTimeWithPauses" : 8140375,
      "iterationAndScannersApplicationTime" : 43666,
      "filesCheckTime" : 8065167,
      "timeProcessingUpToDateFiles" : 1371758,
      "timeUpdatingContentLessIndexes" : 0,
      "timeIndexingWithoutContentViaInfrastructureExtension" : 0,
      "roots" : [ ]
    }, {
      "providerName" : "External roots from entity (jdk.crypto.ec; empty; empty; empty)",
      "numberOfScannedFiles" : 92,
      "numberOfSkippedFiles" : 0,
      "numberOfFilesForIndexing" : 0,
      "numberOfFilesFullyIndexedByInfrastructureExtensions" : 0,
      "filesFullyIndexedByInfrastructureExtensions" : [ ],
      "statusTime" : 7224294,
      "totalOneThreadTimeWithPauses" : 7467500,
      "iterationAndScannersApplicationTime" : 43458,
      "filesCheckTime" : 7394375,
      "timeProcessingUpToDateFiles" : 1716058,
      "timeUpdatingContentLessIndexes" : 0,
      "timeIndexingWithoutContentViaInfrastructureExtension" : 0,
      "roots" : [ ]
    }, {
      "providerName" : "External roots from entity (java.management.rmi; empty; empty; empty)",
      "numberOfScannedFiles" : 35,
      "numberOfSkippedFiles" : 0,
      "numberOfFilesForIndexing" : 0,
      "numberOfFilesFullyIndexedByInfrastructureExtensions" : 0,
      "filesFullyIndexedByInfrastructureExtensions" : [ ],
      "statusTime" : 7128787,
      "totalOneThreadTimeWithPauses" : 7434417,
      "iterationAndScannersApplicationTime" : 34917,
      "filesCheckTime" : 7349458,
      "timeProcessingUpToDateFiles" : 1007660,
      "timeUpdatingContentLessIndexes" : 0,
      "timeIndexingWithoutContentViaInfrastructureExtension" : 0,
      "roots" : [ ]
    }, {
      "providerName" : "External roots from entity (jdk.internal.opt; empty; empty; empty)",
      "numberOfScannedFiles" : 65,
      "numberOfSkippedFiles" : 0,
      "numberOfFilesForIndexing" : 0,
      "numberOfFilesFullyIndexedByInfrastructureExtensions" : 0,
      "filesFullyIndexedByInfrastructureExtensions" : [ ],
      "statusTime" : 6363164,
      "totalOneThreadTimeWithPauses" : 6674583,
      "iterationAndScannersApplicationTime" : 37167,
      "filesCheckTime" : 6543917,
      "timeProcessingUpToDateFiles" : 1573838,
      "timeUpdatingContentLessIndexes" : 0,
      "timeIndexingWithoutContentViaInfrastructureExtension" : 0,
      "roots" : [ ]
    }, {
      "providerName" : "External roots from entity (jdk.jartool; empty; empty; empty)",
      "numberOfScannedFiles" : 68,
      "numberOfSkippedFiles" : 0,
      "numberOfFilesForIndexing" : 0,
      "numberOfFilesFullyIndexedByInfrastructureExtensions" : 0,
      "filesFullyIndexedByInfrastructureExtensions" : [ ],
      "statusTime" : 5189997,
      "totalOneThreadTimeWithPauses" : 5555791,
      "iterationAndScannersApplicationTime" : 70500,
      "filesCheckTime" : 5461958,
      "timeProcessingUpToDateFiles" : 1554679,
      "timeUpdatingContentLessIndexes" : 0,
      "timeIndexingWithoutContentViaInfrastructureExtension" : 0,
      "roots" : [ ]
    }, {
      "providerName" : "External roots from entity (jdk.internal.jvmstat; empty; empty; empty)",
      "numberOfScannedFiles" : 66,
      "numberOfSkippedFiles" : 0,
      "numberOfFilesForIndexing" : 0,
      "numberOfFilesFullyIndexedByInfrastructureExtensions" : 0,
      "filesFullyIndexedByInfrastructureExtensions" : [ ],
      "statusTime" : 5234791,
      "totalOneThreadTimeWithPauses" : 5506833,
      "iterationAndScannersApplicationTime" : 24250,
      "filesCheckTime" : 5469542,
      "timeProcessingUpToDateFiles" : 1388210,
      "timeUpdatingContentLessIndexes" : 0,
      "timeIndexingWithoutContentViaInfrastructureExtension" : 0,
      "roots" : [ ]
    }, {
      "providerName" : "External roots from entity (java.prefs; empty; empty; empty)",
      "numberOfScannedFiles" : 47,
      "numberOfSkippedFiles" : 0,
      "numberOfFilesForIndexing" : 0,
      "numberOfFilesFullyIndexedByInfrastructureExtensions" : 0,
      "filesFullyIndexedByInfrastructureExtensions" : [ ],
      "statusTime" : 5083167,
      "totalOneThreadTimeWithPauses" : 5246375,
      "iterationAndScannersApplicationTime" : 23125,
      "filesCheckTime" : 5186750,
      "timeProcessingUpToDateFiles" : 1095416,
      "timeUpdatingContentLessIndexes" : 0,
      "timeIndexingWithoutContentViaInfrastructureExtension" : 0,
      "roots" : [ ]
    }, {
      "providerName" : "External roots from entity (jdk.management; empty; empty; empty)",
      "numberOfScannedFiles" : 40,
      "numberOfSkippedFiles" : 0,
      "numberOfFilesForIndexing" : 0,
      "numberOfFilesFullyIndexedByInfrastructureExtensions" : 0,
      "filesFullyIndexedByInfrastructureExtensions" : [ ],
      "statusTime" : 4597459,
      "totalOneThreadTimeWithPauses" : 4988917,
      "iterationAndScannersApplicationTime" : 68417,
      "filesCheckTime" : 4879292,
      "timeProcessingUpToDateFiles" : 1385712,
      "timeUpdatingContentLessIndexes" : 0,
      "timeIndexingWithoutContentViaInfrastructureExtension" : 0,
      "roots" : [ ]
    }, {
      "providerName" : "External roots from entity (jdk.management.agent; empty; empty; empty)",
      "numberOfScannedFiles" : 43,
      "numberOfSkippedFiles" : 0,
      "numberOfFilesForIndexing" : 0,
      "numberOfFilesFullyIndexedByInfrastructureExtensions" : 0,
      "filesFullyIndexedByInfrastructureExtensions" : [ ],
      "statusTime" : 3944749,
      "totalOneThreadTimeWithPauses" : 4354584,
      "iterationAndScannersApplicationTime" : 50459,
      "filesCheckTime" : 4270125,
      "timeProcessingUpToDateFiles" : 1155881,
      "timeUpdatingContentLessIndexes" : 0,
      "timeIndexingWithoutContentViaInfrastructureExtension" : 0,
      "roots" : [ ]
    }, {
      "providerName" : "External roots from entity (jdk.jcmd; empty; empty; empty)",
      "numberOfScannedFiles" : 53,
      "numberOfSkippedFiles" : 0,
      "numberOfFilesForIndexing" : 0,
      "numberOfFilesFullyIndexedByInfrastructureExtensions" : 0,
      "filesFullyIndexedByInfrastructureExtensions" : [ ],
      "statusTime" : 3983541,
      "totalOneThreadTimeWithPauses" : 4351792,
      "iterationAndScannersApplicationTime" : 97416,
      "filesCheckTime" : 4215167,
      "timeProcessingUpToDateFiles" : 1447207,
      "timeUpdatingContentLessIndexes" : 0,
      "timeIndexingWithoutContentViaInfrastructureExtension" : 0,
      "roots" : [ ]
    }, {
      "providerName" : "External roots from entity (java.instrument; empty; empty; empty)",
      "numberOfScannedFiles" : 12,
      "numberOfSkippedFiles" : 0,
      "numberOfFilesForIndexing" : 0,
      "numberOfFilesFullyIndexedByInfrastructureExtensions" : 0,
      "filesFullyIndexedByInfrastructureExtensions" : [ ],
      "statusTime" : 1882542,
      "totalOneThreadTimeWithPauses" : 3320125,
      "iterationAndScannersApplicationTime" : 21542,
      "filesCheckTime" : 3282416,
      "timeProcessingUpToDateFiles" : 234455,
      "timeUpdatingContentLessIndexes" : 0,
      "timeIndexingWithoutContentViaInfrastructureExtension" : 0,
      "roots" : [ ]
    }, {
      "providerName" : "External roots from entity (java.security.sasl; empty; empty; empty)",
      "numberOfScannedFiles" : 36,
      "numberOfSkippedFiles" : 0,
      "numberOfFilesForIndexing" : 0,
      "numberOfFilesFullyIndexedByInfrastructureExtensions" : 0,
      "filesFullyIndexedByInfrastructureExtensions" : [ ],
      "statusTime" : 2974000,
      "totalOneThreadTimeWithPauses" : 3287875,
      "iterationAndScannersApplicationTime" : 69209,
      "filesCheckTime" : 3184584,
      "timeProcessingUpToDateFiles" : 767010,
      "timeUpdatingContentLessIndexes" : 0,
      "timeIndexingWithoutContentViaInfrastructureExtension" : 0,
      "roots" : [ ]
    }, {
      "providerName" : "External roots from entity (jdk.accessibility; empty; empty; empty)",
      "numberOfScannedFiles" : 24,
      "numberOfSkippedFiles" : 0,
      "numberOfFilesForIndexing" : 0,
      "numberOfFilesFullyIndexedByInfrastructureExtensions" : 0,
      "filesFullyIndexedByInfrastructureExtensions" : [ ],
      "statusTime" : 3072251,
      "totalOneThreadTimeWithPauses" : 3228584,
      "iterationAndScannersApplicationTime" : 20416,
      "filesCheckTime" : 3185500,
      "timeProcessingUpToDateFiles" : 575499,
      "timeUpdatingContentLessIndexes" : 0,
      "timeIndexingWithoutContentViaInfrastructureExtension" : 0,
      "roots" : [ ]
    }, {
      "providerName" : "External roots from entity (java.smartcardio; empty; empty; empty)",
      "numberOfScannedFiles" : 32,
      "numberOfSkippedFiles" : 0,
      "numberOfFilesForIndexing" : 0,
      "numberOfFilesFullyIndexedByInfrastructureExtensions" : 0,
      "filesFullyIndexedByInfrastructureExtensions" : [ ],
      "statusTime" : 2956082,
      "totalOneThreadTimeWithPauses" : 3153291,
      "iterationAndScannersApplicationTime" : 28750,
      "filesCheckTime" : 3095333,
      "timeProcessingUpToDateFiles" : 615586,
      "timeUpdatingContentLessIndexes" : 0,
      "timeIndexingWithoutContentViaInfrastructureExtension" : 0,
      "roots" : [ ]
    }, {
      "providerName" : "External roots from entity (java.scripting; empty; empty; empty)",
      "numberOfScannedFiles" : 20,
      "numberOfSkippedFiles" : 0,
      "numberOfFilesForIndexing" : 0,
      "numberOfFilesFullyIndexedByInfrastructureExtensions" : 0,
      "filesFullyIndexedByInfrastructureExtensions" : [ ],
      "statusTime" : 2882502,
      "totalOneThreadTimeWithPauses" : 3101750,
      "iterationAndScannersApplicationTime" : 21500,
      "filesCheckTime" : 3023208,
      "timeProcessingUpToDateFiles" : 719129,
      "timeUpdatingContentLessIndexes" : 0,
      "timeIndexingWithoutContentViaInfrastructureExtension" : 0,
      "roots" : [ ]
    }, {
      "providerName" : "External roots from entity (jdk.naming.dns; empty; empty; empty)",
      "numberOfScannedFiles" : 26,
      "numberOfSkippedFiles" : 0,
      "numberOfFilesForIndexing" : 0,
      "numberOfFilesFullyIndexedByInfrastructureExtensions" : 0,
      "filesFullyIndexedByInfrastructureExtensions" : [ ],
      "statusTime" : 2583168,
      "totalOneThreadTimeWithPauses" : 2965083,
      "iterationAndScannersApplicationTime" : 59583,
      "filesCheckTime" : 2851000,
      "timeProcessingUpToDateFiles" : 390788,
      "timeUpdatingContentLessIndexes" : 0,
      "timeIndexingWithoutContentViaInfrastructureExtension" : 0,
      "roots" : [ ]
    }, {
      "providerName" : "External roots from entity (jdk.sctp; empty; empty; empty)",
      "numberOfScannedFiles" : 28,
      "numberOfSkippedFiles" : 0,
      "numberOfFilesForIndexing" : 0,
      "numberOfFilesFullyIndexedByInfrastructureExtensions" : 0,
      "filesFullyIndexedByInfrastructureExtensions" : [ ],
      "statusTime" : 2289418,
      "totalOneThreadTimeWithPauses" : 2438708,
      "iterationAndScannersApplicationTime" : 15292,
      "filesCheckTime" : 2407042,
      "timeProcessingUpToDateFiles" : 920611,
      "timeUpdatingContentLessIndexes" : 0,
      "timeIndexingWithoutContentViaInfrastructureExtension" : 0,
      "roots" : [ ]
    }, {
      "providerName" : "External roots from entity (jdk.management.jfr; empty; empty; empty)",
      "numberOfScannedFiles" : 26,
      "numberOfSkippedFiles" : 0,
      "numberOfFilesForIndexing" : 0,
      "numberOfFilesFullyIndexedByInfrastructureExtensions" : 0,
      "filesFullyIndexedByInfrastructureExtensions" : [ ],
      "statusTime" : 1982207,
      "totalOneThreadTimeWithPauses" : 2206000,
      "iterationAndScannersApplicationTime" : 23375,
      "filesCheckTime" : 2111166,
      "timeProcessingUpToDateFiles" : 927593,
      "timeUpdatingContentLessIndexes" : 0,
      "timeIndexingWithoutContentViaInfrastructureExtension" : 0,
      "roots" : [ ]
    }, {
      "providerName" : "External roots from entity (jdk.jstatd; empty; empty; empty)",
      "numberOfScannedFiles" : 14,
      "numberOfSkippedFiles" : 0,
      "numberOfFilesForIndexing" : 0,
      "numberOfFilesFullyIndexedByInfrastructureExtensions" : 0,
      "filesFullyIndexedByInfrastructureExtensions" : [ ],
      "statusTime" : 1186377,
      "totalOneThreadTimeWithPauses" : 1750542,
      "iterationAndScannersApplicationTime" : 28083,
      "filesCheckTime" : 1601375,
      "timeProcessingUpToDateFiles" : 365628,
      "timeUpdatingContentLessIndexes" : 0,
      "timeIndexingWithoutContentViaInfrastructureExtension" : 0,
      "roots" : [ ]
    }, {
      "providerName" : "External roots from entity (jdk.net; empty; empty; empty)",
      "numberOfScannedFiles" : 15,
      "numberOfSkippedFiles" : 0,
      "numberOfFilesForIndexing" : 0,
      "numberOfFilesFullyIndexedByInfrastructureExtensions" : 0,
      "filesFullyIndexedByInfrastructureExtensions" : [ ],
      "statusTime" : 1604042,
      "totalOneThreadTimeWithPauses" : 1720708,
      "iterationAndScannersApplicationTime" : 13458,
      "filesCheckTime" : 1680083,
      "timeProcessingUpToDateFiles" : 194920,
      "timeUpdatingContentLessIndexes" : 0,
      "timeIndexingWithoutContentViaInfrastructureExtension" : 0,
      "roots" : [ ]
    }, {
      "providerName" : "External roots from entity (jdk.security.auth; empty; empty; empty)",
      "numberOfScannedFiles" : 26,
      "numberOfSkippedFiles" : 0,
      "numberOfFilesForIndexing" : 0,
      "numberOfFilesFullyIndexedByInfrastructureExtensions" : 0,
      "filesFullyIndexedByInfrastructureExtensions" : [ ],
      "statusTime" : 1327877,
      "totalOneThreadTimeWithPauses" : 1619583,
      "iterationAndScannersApplicationTime" : 24708,
      "filesCheckTime" : 1575667,
      "timeProcessingUpToDateFiles" : 464837,
      "timeUpdatingContentLessIndexes" : 0,
      "timeIndexingWithoutContentViaInfrastructureExtension" : 0,
      "roots" : [ ]
    }, {
      "providerName" : "External roots from entity (jdk.naming.rmi; empty; empty; empty)",
      "numberOfScannedFiles" : 13,
      "numberOfSkippedFiles" : 0,
      "numberOfFilesForIndexing" : 0,
      "numberOfFilesFullyIndexedByInfrastructureExtensions" : 0,
      "filesFullyIndexedByInfrastructureExtensions" : [ ],
      "statusTime" : 941712,
      "totalOneThreadTimeWithPauses" : 1118458,
      "iterationAndScannersApplicationTime" : 19875,
      "filesCheckTime" : 1049958,
      "timeProcessingUpToDateFiles" : 250206,
      "timeUpdatingContentLessIndexes" : 0,
      "timeIndexingWithoutContentViaInfrastructureExtension" : 0,
      "roots" : [ ]
    }, {
      "providerName" : "External roots from entity (jdk.attach; empty; empty; empty)",
      "numberOfScannedFiles" : 16,
      "numberOfSkippedFiles" : 0,
      "numberOfFilesForIndexing" : 0,
      "numberOfFilesFullyIndexedByInfrastructureExtensions" : 0,
      "filesFullyIndexedByInfrastructureExtensions" : [ ],
      "statusTime" : 965167,
      "totalOneThreadTimeWithPauses" : 1105291,
      "iterationAndScannersApplicationTime" : 33625,
      "filesCheckTime" : 1062625,
      "timeProcessingUpToDateFiles" : 322169,
      "timeUpdatingContentLessIndexes" : 0,
      "timeIndexingWithoutContentViaInfrastructureExtension" : 0,
      "roots" : [ ]
    }, {
      "providerName" : "External roots from entity (jdk.random; empty; empty; empty)",
      "numberOfScannedFiles" : 11,
      "numberOfSkippedFiles" : 0,
      "numberOfFilesForIndexing" : 0,
      "numberOfFilesFullyIndexedByInfrastructureExtensions" : 0,
      "filesFullyIndexedByInfrastructureExtensions" : [ ],
      "statusTime" : 904583,
      "totalOneThreadTimeWithPauses" : 1003333,
      "iterationAndScannersApplicationTime" : 12334,
      "filesCheckTime" : 963542,
      "timeProcessingUpToDateFiles" : 251169,
      "timeUpdatingContentLessIndexes" : 0,
      "timeIndexingWithoutContentViaInfrastructureExtension" : 0,
      "roots" : [ ]
    }, {
      "providerName" : "External roots from entity (jdk.internal.ed; empty; empty; empty)",
      "numberOfScannedFiles" : 4,
      "numberOfSkippedFiles" : 0,
      "numberOfFilesForIndexing" : 0,
      "numberOfFilesFullyIndexedByInfrastructureExtensions" : 0,
      "filesFullyIndexedByInfrastructureExtensions" : [ ],
      "statusTime" : 718042,
      "totalOneThreadTimeWithPauses" : 864041,
      "iterationAndScannersApplicationTime" : 11708,
      "filesCheckTime" : 836542,
      "timeProcessingUpToDateFiles" : 175834,
      "timeUpdatingContentLessIndexes" : 0,
      "timeIndexingWithoutContentViaInfrastructureExtension" : 0,
      "roots" : [ ]
    }, {
      "providerName" : "External roots from entity (jdk.jsobject; empty; empty; empty)",
      "numberOfScannedFiles" : 3,
      "numberOfSkippedFiles" : 0,
      "numberOfFilesForIndexing" : 0,
      "numberOfFilesFullyIndexedByInfrastructureExtensions" : 0,
      "filesFullyIndexedByInfrastructureExtensions" : [ ],
      "statusTime" : 246250,
      "totalOneThreadTimeWithPauses" : 523458,
      "iterationAndScannersApplicationTime" : 9958,
      "filesCheckTime" : 309208,
      "timeProcessingUpToDateFiles" : 68413,
      "timeUpdatingContentLessIndexes" : 0,
      "timeIndexingWithoutContentViaInfrastructureExtension" : 0,
      "roots" : [ ]
    }, {
      "providerName" : "External roots from entity (jdk.editpad; empty; empty; empty)",
      "numberOfScannedFiles" : 5,
      "numberOfSkippedFiles" : 0,
      "numberOfFilesForIndexing" : 0,
      "numberOfFilesFullyIndexedByInfrastructureExtensions" : 0,
      "filesFullyIndexedByInfrastructureExtensions" : [ ],
      "statusTime" : 307833,
      "totalOneThreadTimeWithPauses" : 389375,
      "iterationAndScannersApplicationTime" : 9958,
      "filesCheckTime" : 354875,
      "timeProcessingUpToDateFiles" : 82581,
      "timeUpdatingContentLessIndexes" : 0,
      "timeIndexingWithoutContentViaInfrastructureExtension" : 0,
      "roots" : [ ]
    }, {
      "providerName" : "External roots from entity (jdk.internal.vm.compiler; empty; empty; empty)",
      "numberOfScannedFiles" : 1,
      "numberOfSkippedFiles" : 0,
      "numberOfFilesForIndexing" : 0,
      "numberOfFilesFullyIndexedByInfrastructureExtensions" : 0,
      "filesFullyIndexedByInfrastructureExtensions" : [ ],
      "statusTime" : 100917,
      "totalOneThreadTimeWithPauses" : 331084,
      "iterationAndScannersApplicationTime" : 36042,
      "filesCheckTime" : 244166,
      "timeProcessingUpToDateFiles" : 43458,
      "timeUpdatingContentLessIndexes" : 0,
      "timeIndexingWithoutContentViaInfrastructureExtension" : 0,
      "roots" : [ ]
    }, {
      "providerName" : "External roots from entity (java.se; empty; empty; empty)",
      "numberOfScannedFiles" : 1,
      "numberOfSkippedFiles" : 0,
      "numberOfFilesForIndexing" : 0,
      "numberOfFilesFullyIndexedByInfrastructureExtensions" : 0,
      "filesFullyIndexedByInfrastructureExtensions" : [ ],
      "statusTime" : 188500,
      "totalOneThreadTimeWithPauses" : 288750,
      "iterationAndScannersApplicationTime" : 14416,
      "filesCheckTime" : 250042,
      "timeProcessingUpToDateFiles" : 13250,
      "timeUpdatingContentLessIndexes" : 0,
      "timeIndexingWithoutContentViaInfrastructureExtension" : 0,
      "roots" : [ ]
    }, {
      "providerName" : "External roots from entity (java.transaction.xa; empty; empty; empty)",
      "numberOfScannedFiles" : 4,
      "numberOfSkippedFiles" : 0,
      "numberOfFilesForIndexing" : 0,
      "numberOfFilesFullyIndexedByInfrastructureExtensions" : 0,
      "filesFullyIndexedByInfrastructureExtensions" : [ ],
      "statusTime" : 155709,
      "totalOneThreadTimeWithPauses" : 287833,
      "iterationAndScannersApplicationTime" : 17334,
      "filesCheckTime" : 247792,
      "timeProcessingUpToDateFiles" : 67958,
      "timeUpdatingContentLessIndexes" : 0,
      "timeIndexingWithoutContentViaInfrastructureExtension" : 0,
      "roots" : [ ]
    }, {
      "providerName" : "External roots from entity (jdk.internal.vm.compiler.management; empty; empty; empty)",
      "numberOfScannedFiles" : 1,
      "numberOfSkippedFiles" : 0,
      "numberOfFilesForIndexing" : 0,
      "numberOfFilesFullyIndexedByInfrastructureExtensions" : 0,
      "filesFullyIndexedByInfrastructureExtensions" : [ ],
      "statusTime" : 138250,
      "totalOneThreadTimeWithPauses" : 274666,
      "iterationAndScannersApplicationTime" : 23708,
      "filesCheckTime" : 216166,
      "timeProcessingUpToDateFiles" : 60124,
      "timeUpdatingContentLessIndexes" : 0,
      "timeIndexingWithoutContentViaInfrastructureExtension" : 0,
      "roots" : [ ]
    }, {
      "providerName" : "External roots from entity (jdk.nio.mapmode; empty; empty; empty)",
      "numberOfScannedFiles" : 2,
      "numberOfSkippedFiles" : 0,
      "numberOfFilesForIndexing" : 0,
      "numberOfFilesFullyIndexedByInfrastructureExtensions" : 0,
      "filesFullyIndexedByInfrastructureExtensions" : [ ],
      "statusTime" : 86375,
      "totalOneThreadTimeWithPauses" : 211375,
      "iterationAndScannersApplicationTime" : 40084,
      "filesCheckTime" : 144500,
      "timeProcessingUpToDateFiles" : 39417,
      "timeUpdatingContentLessIndexes" : 0,
      "timeIndexingWithoutContentViaInfrastructureExtension" : 0,
      "roots" : [ ]
    }, {
      "providerName" : "External roots from entity (jdk.jdwp.agent; empty; empty; empty)",
      "numberOfScannedFiles" : 1,
      "numberOfSkippedFiles" : 0,
      "numberOfFilesForIndexing" : 0,
      "numberOfFilesFullyIndexedByInfrastructureExtensions" : 0,
      "filesFullyIndexedByInfrastructureExtensions" : [ ],
      "statusTime" : 35583,
      "totalOneThreadTimeWithPauses" : 147292,
      "iterationAndScannersApplicationTime" : 20458,
      "filesCheckTime" : 113417,
      "timeProcessingUpToDateFiles" : 9333,
      "timeUpdatingContentLessIndexes" : 0,
      "timeIndexingWithoutContentViaInfrastructureExtension" : 0,
      "roots" : [ ]
    } ]
  }
}