{
  "appInfo" : {
    "build" : "233.13135.103",
    "buildDate" : "2023-12-20T05:05:00Z[UTC]",
    "productCode" : "IU",
    "generated" : "2024-01-16T02:44:56.799342Z",
    "os" : "macOS 14.2.1",
    "runtime" : "JetBrains s.r.o. 17.0.9 17.0.9+7-b1087.9"
  },
  "runtimeInfo" : {
    "maxMemory" : 2147483648,
    "numberOfProcessors" : 10,
    "maxNumberOfIndexingThreads" : 9,
    "maxSizeOfFileForIntelliSense" : 2560000,
    "maxSizeOfFileForContentLoading" : 20971520
  },
  "type" : "Scanning",
  "projectIndexingActivityHistory" : {
    "projectName" : "candela",
    "times" : {
      "scanningReason" : "changes in: \"Custom kind roots from entity (extensions, empty)\", \"Custom kind roots from entity (sass_functions.scss, sass_color.scss, sass_list.scss, ..., empty)\"",
      "scanningType" : "PARTIAL",
      "scanningId" : 3,
      "creatingIteratorsTime" : 1000,
      "concurrentHandlingWallTimeWithoutPauses" : 10940000,
      "concurrentHandlingWallTimeWithPauses" : 11003000,
      "concurrentHandlingSumOfThreadTimesWithPauses" : 14244875,
      "concurrentIterationAndScannersApplicationSumOfThreadTimesWithPauses" : 71583,
      "concurrentFileCheckSumOfThreadTimesWithPauses" : 14103667,
      "delayedPushPropertiesStageTime" : 4000,
      "indexExtensionsTime" : 0,
      "dumbWallTimeWithPauses" : 0,
      "dumbWallTimeWithoutPauses" : 0,
      "updatingStart" : "2024-01-16T02:44:56.776566Z",
      "updatingEnd" : "2024-01-16T02:44:56.788341Z",
      "totalWallTimeWithPauses" : 11776834,
      "wallTimeOnPause" : 63000,
      "wasInterrupted" : false,
      "totalWallTimeWithoutPauses" : 11713834
    },
    "fileCount" : {
      "numberOfFileProviders" : 2,
      "numberOfScannedFiles" : 9,
      "numberOfFilesIndexedByInfrastructureExtensionsDuringScan" : 0,
      "numberOfFilesScheduledForIndexingAfterScan" : 0
    },
    "scanningStatistics" : [ {
      "providerName" : "Custom kind roots from entity (sass_functions.scss, sass_color.scss, sass_list.scss, ..., empty)",
      "numberOfScannedFiles" : 8,
      "numberOfSkippedFiles" : 0,
      "numberOfFilesForIndexing" : 0,
      "numberOfFilesFullyIndexedByInfrastructureExtensions" : 0,
      "filesFullyIndexedByInfrastructureExtensions" : [ ],
      "statusTime" : 7488584,
      "totalOneThreadTimeWithPauses" : 7739333,
      "iterationAndScannersApplicationTime" : 36875,
      "filesCheckTime" : 7659542,
      "timeProcessingUpToDateFiles" : 239751,
      "timeUpdatingContentLessIndexes" : 0,
      "timeIndexingWithoutContentViaInfrastructureExtension" : 0,
      "roots" : [ ]
    }, {
      "providerName" : "Custom kind roots from entity (extensions, empty)",
      "numberOfScannedFiles" : 1,
      "numberOfSkippedFiles" : 0,
      "numberOfFilesForIndexing" : 0,
      "numberOfFilesFullyIndexedByInfrastructureExtensions" : 0,
      "filesFullyIndexedByInfrastructureExtensions" : [ ],
      "statusTime" : 6258541,
      "totalOneThreadTimeWithPauses" : 6505542,
      "iterationAndScannersApplicationTime" : 34708,
      "filesCheckTime" : 6444125,
      "timeProcessingUpToDateFiles" : 36668,
      "timeUpdatingContentLessIndexes" : 0,
      "timeIndexingWithoutContentViaInfrastructureExtension" : 0,
      "roots" : [ ]
    } ]
  }
}