{
  "appInfo" : {
    "build" : "233.13135.103",
    "buildDate" : "2023-12-20T05:05:00Z[UTC]",
    "productCode" : "IU",
    "generated" : "2024-02-02T15:59:02.548842Z",
    "os" : "macOS 14.3",
    "runtime" : "JetBrains s.r.o. 17.0.9 17.0.9+7-b1087.9"
  },
  "runtimeInfo" : {
    "maxMemory" : 2147483648,
    "numberOfProcessors" : 10,
    "maxNumberOfIndexingThreads" : 9,
    "maxSizeOfFileForIntelliSense" : 2560000,
    "maxSizeOfFileForContentLoading" : 20971520
  },
  "type" : "Scanning",
  "projectIndexingActivityHistory" : {
    "projectName" : "candela",
    "times" : {
      "scanningReason" : "changes in: \"Module 'candela' (src)\", \"Library KotlinJavaRuntime (#5 class roots, #5 source roots)\"",
      "scanningType" : "PARTIAL",
      "scanningId" : 1,
      "creatingIteratorsTime" : 1000,
      "concurrentHandlingWallTimeWithoutPauses" : 173692000,
      "concurrentHandlingWallTimeWithPauses" : 173696000,
      "concurrentHandlingSumOfThreadTimesWithPauses" : 173898207,
      "concurrentIterationAndScannersApplicationSumOfThreadTimesWithPauses" : 3176916,
      "concurrentFileCheckSumOfThreadTimesWithPauses" : 170598582,
      "delayedPushPropertiesStageTime" : 4000,
      "indexExtensionsTime" : 0,
      "dumbWallTimeWithPauses" : 0,
      "dumbWallTimeWithoutPauses" : 0,
      "updatingStart" : "2024-02-02T15:59:02.373124Z",
      "updatingEnd" : "2024-02-02T15:59:02.547799Z",
      "totalWallTimeWithPauses" : 174676666,
      "wallTimeOnPause" : 4000,
      "wasInterrupted" : false,
      "totalWallTimeWithoutPauses" : 174672666
    },
    "fileCount" : {
      "numberOfFileProviders" : 2,
      "numberOfScannedFiles" : 1760,
      "numberOfFilesIndexedByInfrastructureExtensionsDuringScan" : 0,
      "numberOfFilesScheduledForIndexingAfterScan" : 0
    },
    "scanningStatistics" : [ {
      "providerName" : "Library KotlinJavaRuntime (#5 class roots, #5 source roots)",
      "numberOfScannedFiles" : 1759,
      "numberOfSkippedFiles" : 0,
      "numberOfFilesForIndexing" : 0,
      "numberOfFilesFullyIndexedByInfrastructureExtensions" : 0,
      "filesFullyIndexedByInfrastructureExtensions" : [ ],
      "statusTime" : 111307747,
      "totalOneThreadTimeWithPauses" : 170162166,
      "iterationAndScannersApplicationTime" : 2503041,
      "filesCheckTime" : 167584166,
      "timeProcessingUpToDateFiles" : 19526312,
      "timeUpdatingContentLessIndexes" : 0,
      "timeIndexingWithoutContentViaInfrastructureExtension" : 0,
      "roots" : [ ]
    }, {
      "providerName" : "Module 'candela' (src)",
      "numberOfScannedFiles" : 1,
      "numberOfSkippedFiles" : 0,
      "numberOfFilesForIndexing" : 0,
      "numberOfFilesFullyIndexedByInfrastructureExtensions" : 0,
      "filesFullyIndexedByInfrastructureExtensions" : [ ],
      "statusTime" : 2421334,
      "totalOneThreadTimeWithPauses" : 3736041,
      "iterationAndScannersApplicationTime" : 673875,
      "filesCheckTime" : 3014416,
      "timeProcessingUpToDateFiles" : 133415,
      "timeUpdatingContentLessIndexes" : 0,
      "timeIndexingWithoutContentViaInfrastructureExtension" : 0,
      "roots" : [ ]
    } ]
  }
}