{
  "appInfo" : {
    "build" : "233.13135.103",
    "buildDate" : "2023-12-20T05:05:00Z[UTC]",
    "productCode" : "IU",
    "generated" : "2024-02-04T14:14:00.713651Z",
    "os" : "macOS 14.3",
    "runtime" : "JetBrains s.r.o. 17.0.9 17.0.9+7-b1087.9"
  },
  "runtimeInfo" : {
    "maxMemory" : 2147483648,
    "numberOfProcessors" : 10,
    "maxNumberOfIndexingThreads" : 9,
    "maxSizeOfFileForIntelliSense" : 2560000,
    "maxSizeOfFileForContentLoading" : 20971520
  },
  "type" : "DumbIndexing",
  "projectIndexingActivityHistory" : {
    "projectName" : "candela",
    "times" : {
      "scanningIds" : [ ],
      "contentLoadingVisibleTime" : 190794,
      "retrievingChangedDuringIndexingFilesTime" : 23542,
      "separateApplyingIndexesVisibleTime" : 144568,
      "updatingStart" : "2024-02-04T14:14:00.687243Z",
      "updatingEnd" : "2024-02-04T14:14:00.713162Z",
      "totalWallTimeWithPauses" : 25922709,
      "wallTimeOnPause" : 0,
      "wasInterrupted" : false,
      "dumbModeStart" : "2024-02-04T14:14:00.687243Z",
      "dumbWallTimeWithPauses" : 25922709,
      "dumbWallTimeWithoutPauses" : 25922709,
      "totalWallTimeWithoutPauses" : 25922709
    },
    "fileCount" : {
      "numberOfChangedDuringIndexingFiles" : 16,
      "numberOfFilesIndexedByInfrastructureExtensionsDuringIndexingStage" : 0,
      "numberOfFilesIndexedWithLoadingContent" : 16,
      "numberOfNothingToWriteFiles" : 0
    },
    "totalStatsPerFileType" : [ {
      "fileType" : "UNKNOWN",
      "partOfTotalProcessingTime" : {
        "part" : 740584,
        "total" : 740584
      },
      "partOfTotalContentLoadingTime" : {
        "part" : 91666,
        "total" : 91666
      },
      "totalNumberOfFiles" : 16,
      "totalFilesSize" : 0,
      "totalProcessingSpeed" : {
        "totalBytes" : 0,
        "totalCpuTime" : 740584
      },
      "biggestContributors" : [ {
        "providerName" : "Refreshed files",
        "numberOfFiles" : 16,
        "totalFilesSize" : 0,
        "partOfTotalProcessingTimeOfThisFileType" : {
          "part" : 740584,
          "total" : 740584
        }
      } ]
    } ],
    "totalStatsPerBaseLanguage" : [ ],
    "totalStatsPerIndexer" : [ ],
    "statisticsOfChangedDuringIndexingFiles" : {
      "numberOfFiles" : 16,
      "retrievingTime" : 23542
    },
    "fileProviderStatistics" : [ {
      "providerName" : "Refreshed files",
      "totalNumberOfIndexedFiles" : 16,
      "totalNumberOfFilesFullyIndexedByExtensions" : 0,
      "totalNumberOfNothingToWriteFiles" : 0,
      "totalIndexingVisibleTime" : 1541458,
      "contentLoadingVisibleTime" : 190794,
      "numberOfTooLargeForIndexingFiles" : 0,
      "slowIndexedFiles" : [ ],
      "filesFullyIndexedByExtensions" : [ ],
      "separateApplyingIndexesVisibleTime" : 144568
    } ],
    "visibleTimeToAllThreadTimeRatio" : 2.08140872608644
  }
}