{
  "appInfo" : {
    "build" : "233.13135.103",
    "buildDate" : "2023-12-20T05:05:00Z[UTC]",
    "productCode" : "IU",
    "generated" : "2024-02-04T14:29:27.309668Z",
    "os" : "macOS 14.3",
    "runtime" : "JetBrains s.r.o. 17.0.9 17.0.9+7-b1087.9"
  },
  "runtimeInfo" : {
    "maxMemory" : 2147483648,
    "numberOfProcessors" : 10,
    "maxNumberOfIndexingThreads" : 9,
    "maxSizeOfFileForIntelliSense" : 2560000,
    "maxSizeOfFileForContentLoading" : 20971520
  },
  "type" : "DumbIndexing",
  "projectIndexingActivityHistory" : {
    "projectName" : "candela",
    "times" : {
      "scanningIds" : [ ],
      "contentLoadingVisibleTime" : 389500,
      "retrievingChangedDuringIndexingFilesTime" : 18709,
      "separateApplyingIndexesVisibleTime" : 204956,
      "updatingStart" : "2024-02-04T14:29:27.282781Z",
      "updatingEnd" : "2024-02-04T14:29:27.309262Z",
      "totalWallTimeWithPauses" : 26487917,
      "wallTimeOnPause" : 0,
      "wasInterrupted" : false,
      "dumbModeStart" : "2024-02-04T14:29:27.282781Z",
      "dumbWallTimeWithPauses" : 26487917,
      "dumbWallTimeWithoutPauses" : 26487917,
      "totalWallTimeWithoutPauses" : 26487917
    },
    "fileCount" : {
      "numberOfChangedDuringIndexingFiles" : 41,
      "numberOfFilesIndexedByInfrastructureExtensionsDuringIndexingStage" : 0,
      "numberOfFilesIndexedWithLoadingContent" : 41,
      "numberOfNothingToWriteFiles" : 0
    },
    "totalStatsPerFileType" : [ {
      "fileType" : "UNKNOWN",
      "partOfTotalProcessingTime" : {
        "part" : 2800751,
        "total" : 2800751
      },
      "partOfTotalContentLoadingTime" : {
        "part" : 415084,
        "total" : 415084
      },
      "totalNumberOfFiles" : 41,
      "totalFilesSize" : 0,
      "totalProcessingSpeed" : {
        "totalBytes" : 0,
        "totalCpuTime" : 2800751
      },
      "biggestContributors" : [ {
        "providerName" : "Refreshed files",
        "numberOfFiles" : 41,
        "totalFilesSize" : 0,
        "partOfTotalProcessingTimeOfThisFileType" : {
          "part" : 2800751,
          "total" : 2800751
        }
      } ]
    } ],
    "totalStatsPerBaseLanguage" : [ ],
    "totalStatsPerIndexer" : [ ],
    "statisticsOfChangedDuringIndexingFiles" : {
      "numberOfFiles" : 41,
      "retrievingTime" : 18709
    },
    "fileProviderStatistics" : [ {
      "providerName" : "Refreshed files",
      "totalNumberOfIndexedFiles" : 41,
      "totalNumberOfFilesFullyIndexedByExtensions" : 0,
      "totalNumberOfNothingToWriteFiles" : 0,
      "totalIndexingVisibleTime" : 2628125,
      "contentLoadingVisibleTime" : 389500,
      "numberOfTooLargeForIndexingFiles" : 0,
      "slowIndexedFiles" : [ ],
      "filesFullyIndexedByExtensions" : [ ],
      "separateApplyingIndexesVisibleTime" : 204956
    } ],
    "visibleTimeToAllThreadTimeRatio" : 0.938364388694318
  }
}