{
  "appInfo" : {
    "build" : "233.13135.103",
    "buildDate" : "2023-12-20T05:05:00Z[UTC]",
    "productCode" : "IU",
    "generated" : "2024-02-02T15:58:57.639616Z",
    "os" : "macOS 14.3",
    "runtime" : "JetBrains s.r.o. 17.0.9 17.0.9+7-b1087.9"
  },
  "runtimeInfo" : {
    "maxMemory" : 2147483648,
    "numberOfProcessors" : 10,
    "maxNumberOfIndexingThreads" : 9,
    "maxSizeOfFileForIntelliSense" : 2560000,
    "maxSizeOfFileForContentLoading" : 20971520
  },
  "type" : "DumbIndexing",
  "projectIndexingActivityHistory" : {
    "projectName" : "candela",
    "times" : {
      "scanningIds" : [ 0 ],
      "contentLoadingVisibleTime" : 1011643,
      "retrievingChangedDuringIndexingFilesTime" : 214750,
      "separateApplyingIndexesVisibleTime" : 10152574,
      "updatingStart" : "2024-02-02T15:58:57.497153Z",
      "updatingEnd" : "2024-02-02T15:58:57.638982Z",
      "totalWallTimeWithPauses" : 141826084,
      "wallTimeOnPause" : 0,
      "wasInterrupted" : false,
      "dumbWallTimeWithPauses" : 141826084,
      "dumbWallTimeWithoutPauses" : 141826084,
      "dumbModeStart" : "2024-02-02T15:58:57.497153Z",
      "totalWallTimeWithoutPauses" : 141826084
    },
    "fileCount" : {
      "numberOfChangedDuringIndexingFiles" : 0,
      "numberOfFilesIndexedByInfrastructureExtensionsDuringIndexingStage" : 0,
      "numberOfFilesIndexedWithLoadingContent" : 1,
      "numberOfNothingToWriteFiles" : 0
    },
    "totalStatsPerFileType" : [ {
      "fileType" : "Kotlin",
      "partOfTotalProcessingTime" : {
        "part" : 84709958,
        "total" : 84709958
      },
      "partOfTotalContentLoadingTime" : {
        "part" : 996000,
        "total" : 996000
      },
      "totalNumberOfFiles" : 1,
      "totalFilesSize" : 912,
      "totalProcessingSpeed" : {
        "totalBytes" : 912,
        "totalCpuTime" : 84709958
      },
      "biggestContributors" : [ {
        "providerName" : "Module 'candela' (all roots)",
        "numberOfFiles" : 1,
        "totalFilesSize" : 912,
        "partOfTotalProcessingTimeOfThisFileType" : {
          "part" : 84709958,
          "total" : 84709958
        }
      } ]
    } ],
    "totalStatsPerBaseLanguage" : [ {
      "language" : "kotlin",
      "partOfTotalProcessingTime" : {
        "part" : 84709958,
        "total" : 84709958
      },
      "partOfTotalContentLoadingTime" : {
        "part" : 1992000,
        "total" : 996000
      },
      "totalNumberOfFiles" : 1,
      "totalFilesSize" : 912,
      "totalProcessingSpeed" : {
        "totalBytes" : 912,
        "totalCpuTime" : 84709958
      }
    } ],
    "totalStatsPerIndexer" : [ {
      "indexId" : "Stubs",
      "partOfTotalIndexingTime" : {
        "part" : 30546125,
        "total" : 66756458
      },
      "totalNumberOfFiles" : 1,
      "totalNumberOfFilesIndexedByExtensions" : 0,
      "totalFilesSize" : 912,
      "indexValueChangerEvaluationSpeed" : {
        "totalBytes" : 912,
        "totalCpuTime" : 30546125
      }
    }, {
      "indexId" : "Trigram.Index",
      "partOfTotalIndexingTime" : {
        "part" : 15494708,
        "total" : 66756458
      },
      "totalNumberOfFiles" : 1,
      "totalNumberOfFilesIndexedByExtensions" : 0,
      "totalFilesSize" : 912,
      "indexValueChangerEvaluationSpeed" : {
        "totalBytes" : 912,
        "totalCpuTime" : 15494708
      }
    }, {
      "indexId" : "org.jetbrains.kotlin.idea.vfilefinder.KotlinPartialPackageNamesIndex",
      "partOfTotalIndexingTime" : {
        "part" : 9133875,
        "total" : 66756458
      },
      "totalNumberOfFiles" : 1,
      "totalNumberOfFilesIndexedByExtensions" : 0,
      "totalFilesSize" : 912,
      "indexValueChangerEvaluationSpeed" : {
        "totalBytes" : 912,
        "totalCpuTime" : 9133875
      }
    }, {
      "indexId" : "IdIndex",
      "partOfTotalIndexingTime" : {
        "part" : 6033000,
        "total" : 66756458
      },
      "totalNumberOfFiles" : 1,
      "totalNumberOfFilesIndexedByExtensions" : 0,
      "totalFilesSize" : 912,
      "indexValueChangerEvaluationSpeed" : {
        "totalBytes" : 912,
        "totalCpuTime" : 6033000
      }
    }, {
      "indexId" : "org.jetbrains.kotlin.idea.vfilefinder.KotlinShortClassNameFileIndex",
      "partOfTotalIndexingTime" : {
        "part" : 3976459,
        "total" : 66756458
      },
      "totalNumberOfFiles" : 1,
      "totalNumberOfFilesIndexedByExtensions" : 0,
      "totalFilesSize" : 912,
      "indexValueChangerEvaluationSpeed" : {
        "totalBytes" : 912,
        "totalCpuTime" : 3976459
      }
    }, {
      "indexId" : "org.jetbrains.kotlin.idea.vfilefinder.KotlinPackageSourcesMemberNamesIndex",
      "partOfTotalIndexingTime" : {
        "part" : 1434958,
        "total" : 66756458
      },
      "totalNumberOfFiles" : 1,
      "totalNumberOfFilesIndexedByExtensions" : 0,
      "totalFilesSize" : 912,
      "indexValueChangerEvaluationSpeed" : {
        "totalBytes" : 912,
        "totalCpuTime" : 1434958
      }
    }, {
      "indexId" : "org.jetbrains.kotlin.idea.base.indices.names.KotlinTopLevelClassLikeDeclarationByPackageShortNameIndex",
      "partOfTotalIndexingTime" : {
        "part" : 105291,
        "total" : 66756458
      },
      "totalNumberOfFiles" : 1,
      "totalNumberOfFilesIndexedByExtensions" : 0,
      "totalFilesSize" : 912,
      "indexValueChangerEvaluationSpeed" : {
        "totalBytes" : 912,
        "totalCpuTime" : 105291
      }
    }, {
      "indexId" : "org.jetbrains.kotlin.idea.base.indices.names.KotlinTopLevelCallableByPackageShortNameIndex",
      "partOfTotalIndexingTime" : {
        "part" : 32042,
        "total" : 66756458
      },
      "totalNumberOfFiles" : 1,
      "totalNumberOfFilesIndexedByExtensions" : 0,
      "totalFilesSize" : 912,
      "indexValueChangerEvaluationSpeed" : {
        "totalBytes" : 912,
        "totalCpuTime" : 32042
      }
    } ],
    "statisticsOfChangedDuringIndexingFiles" : {
      "numberOfFiles" : 0,
      "retrievingTime" : 214750
    },
    "fileProviderStatistics" : [ {
      "providerName" : "Module 'candela' (all roots)",
      "totalNumberOfIndexedFiles" : 1,
      "totalNumberOfFilesFullyIndexedByExtensions" : 0,
      "totalNumberOfNothingToWriteFiles" : 0,
      "totalIndexingVisibleTime" : 86040417,
      "contentLoadingVisibleTime" : 1011643,
      "numberOfTooLargeForIndexingFiles" : 0,
      "slowIndexedFiles" : [ ],
      "filesFullyIndexedByExtensions" : [ ],
      "separateApplyingIndexesVisibleTime" : 10152574
    }, {
      "providerName" : "Refreshed files",
      "totalNumberOfIndexedFiles" : 0,
      "totalNumberOfFilesFullyIndexedByExtensions" : 0,
      "totalNumberOfNothingToWriteFiles" : 0,
      "totalIndexingVisibleTime" : 0,
      "contentLoadingVisibleTime" : 0,
      "numberOfTooLargeForIndexingFiles" : 0,
      "slowIndexedFiles" : [ ],
      "filesFullyIndexedByExtensions" : [ ],
      "separateApplyingIndexesVisibleTime" : 0
    } ],
    "visibleTimeToAllThreadTimeRatio" : 0.0
  }
}