{
  "appInfo" : {
    "build" : "233.13135.103",
    "buildDate" : "2023-12-20T05:05:00Z[UTC]",
    "productCode" : "IU",
    "generated" : "2024-01-16T02:45:27.234142Z",
    "os" : "macOS 14.2.1",
    "runtime" : "JetBrains s.r.o. 17.0.9 17.0.9+7-b1087.9"
  },
  "runtimeInfo" : {
    "maxMemory" : 2147483648,
    "numberOfProcessors" : 10,
    "maxNumberOfIndexingThreads" : 9,
    "maxSizeOfFileForIntelliSense" : 2560000,
    "maxSizeOfFileForContentLoading" : 20971520
  },
  "type" : "DumbIndexing",
  "projectIndexingActivityHistory" : {
    "projectName" : "candela",
    "times" : {
      "scanningIds" : [ 4 ],
      "contentLoadingVisibleTime" : 32748988,
      "retrievingChangedDuringIndexingFilesTime" : 21375,
      "separateApplyingIndexesVisibleTime" : 106481984,
      "updatingStart" : "2024-01-16T02:45:26.658829Z",
      "updatingEnd" : "2024-01-16T02:45:27.233923Z",
      "totalWallTimeWithPauses" : 575102417,
      "wallTimeOnPause" : 0,
      "wasInterrupted" : false,
      "dumbWallTimeWithoutPauses" : 575102417,
      "dumbWallTimeWithPauses" : 575102417,
      "dumbModeStart" : "2024-01-16T02:45:26.658829Z",
      "totalWallTimeWithoutPauses" : 575102417
    },
    "fileCount" : {
      "numberOfChangedDuringIndexingFiles" : 0,
      "numberOfFilesIndexedByInfrastructureExtensionsDuringIndexingStage" : 0,
      "numberOfFilesIndexedWithLoadingContent" : 2972,
      "numberOfNothingToWriteFiles" : 0
    },
    "totalStatsPerFileType" : [ {
      "fileType" : "CLASS",
      "partOfTotalProcessingTime" : {
        "part" : 3171021452,
        "total" : 3265145906
      },
      "partOfTotalContentLoadingTime" : {
        "part" : 200423906,
        "total" : 202650029
      },
      "totalNumberOfFiles" : 2940,
      "totalFilesSize" : 12476460,
      "totalProcessingSpeed" : {
        "totalBytes" : 12476460,
        "totalCpuTime" : 3171021452
      },
      "biggestContributors" : [ {
        "providerName" : "External roots from entity (kotlin-stdlib.jar; empty; empty; empty)",
        "numberOfFiles" : 967,
        "totalFilesSize" : 4182661,
        "partOfTotalProcessingTimeOfThisFileType" : {
          "part" : 1762316812,
          "total" : 3171021452
        }
      }, {
        "providerName" : "External roots from entity (kotlin-reflect.jar; empty; empty; empty)",
        "numberOfFiles" : 1937,
        "totalFilesSize" : 8211359,
        "partOfTotalProcessingTimeOfThisFileType" : {
          "part" : 1381079976,
          "total" : 3171021452
        }
      }, {
        "providerName" : "External roots from entity (kotlin-script-runtime.jar; empty; empty; empty)",
        "numberOfFiles" : 36,
        "totalFilesSize" : 82440,
        "partOfTotalProcessingTimeOfThisFileType" : {
          "part" : 27624664,
          "total" : 3171021452
        }
      } ]
    }, {
      "fileType" : "kotlin_builtins",
      "partOfTotalProcessingTime" : {
        "part" : 45917126,
        "total" : 3265145906
      },
      "partOfTotalContentLoadingTime" : {
        "part" : 374041,
        "total" : 202650029
      },
      "totalNumberOfFiles" : 7,
      "totalFilesSize" : 29894,
      "totalProcessingSpeed" : {
        "totalBytes" : 29894,
        "totalCpuTime" : 45917126
      },
      "biggestContributors" : [ {
        "providerName" : "External roots from entity (kotlin-stdlib.jar; empty; empty; empty)",
        "numberOfFiles" : 7,
        "totalFilesSize" : 29894,
        "partOfTotalProcessingTimeOfThisFileType" : {
          "part" : 45917126,
          "total" : 45917126
        }
      } ]
    }, {
      "fileType" : "PLAIN_TEXT",
      "partOfTotalProcessingTime" : {
        "part" : 25610705,
        "total" : 3265145906
      },
      "partOfTotalContentLoadingTime" : {
        "part" : 105457,
        "total" : 202650029
      },
      "totalNumberOfFiles" : 4,
      "totalFilesSize" : 5342,
      "totalProcessingSpeed" : {
        "totalBytes" : 5342,
        "totalCpuTime" : 25610705
      },
      "biggestContributors" : [ {
        "providerName" : "External roots from entity (kotlin-reflect.jar; empty; empty; empty)",
        "numberOfFiles" : 4,
        "totalFilesSize" : 5342,
        "partOfTotalProcessingTimeOfThisFileType" : {
          "part" : 25610705,
          "total" : 25610705
        }
      } ]
    }, {
      "fileType" : "kotlin_module",
      "partOfTotalProcessingTime" : {
        "part" : 14133914,
        "total" : 3265145906
      },
      "partOfTotalContentLoadingTime" : {
        "part" : 646624,
        "total" : 202650029
      },
      "totalNumberOfFiles" : 16,
      "totalFilesSize" : 17829,
      "totalProcessingSpeed" : {
        "totalBytes" : 17829,
        "totalCpuTime" : 14133914
      },
      "biggestContributors" : [ {
        "providerName" : "External roots from entity (kotlin-stdlib.jar; empty; empty; empty)",
        "numberOfFiles" : 3,
        "totalFilesSize" : 7290,
        "partOfTotalProcessingTimeOfThisFileType" : {
          "part" : 9171790,
          "total" : 14133914
        }
      }, {
        "providerName" : "External roots from entity (kotlin-reflect.jar; empty; empty; empty)",
        "numberOfFiles" : 12,
        "totalFilesSize" : 10336,
        "partOfTotalProcessingTimeOfThisFileType" : {
          "part" : 4660290,
          "total" : 14133914
        }
      }, {
        "providerName" : "External roots from entity (kotlin-script-runtime.jar; empty; empty; empty)",
        "numberOfFiles" : 1,
        "totalFilesSize" : 203,
        "partOfTotalProcessingTimeOfThisFileType" : {
          "part" : 301834,
          "total" : 14133914
        }
      } ]
    }, {
      "fileType" : "Manifest",
      "partOfTotalProcessingTime" : {
        "part" : 6343333,
        "total" : 3265145906
      },
      "partOfTotalContentLoadingTime" : {
        "part" : 661251,
        "total" : 202650029
      },
      "totalNumberOfFiles" : 3,
      "totalFilesSize" : 627,
      "totalProcessingSpeed" : {
        "totalBytes" : 627,
        "totalCpuTime" : 6343333
      },
      "biggestContributors" : [ {
        "providerName" : "External roots from entity (kotlin-stdlib.jar; empty; empty; empty)",
        "numberOfFiles" : 1,
        "totalFilesSize" : 213,
        "partOfTotalProcessingTimeOfThisFileType" : {
          "part" : 4358084,
          "total" : 6343333
        }
      }, {
        "providerName" : "External roots from entity (kotlin-reflect.jar; empty; empty; empty)",
        "numberOfFiles" : 1,
        "totalFilesSize" : 214,
        "partOfTotalProcessingTimeOfThisFileType" : {
          "part" : 1445707,
          "total" : 6343333
        }
      }, {
        "providerName" : "External roots from entity (kotlin-script-runtime.jar; empty; empty; empty)",
        "numberOfFiles" : 1,
        "totalFilesSize" : 200,
        "partOfTotalProcessingTimeOfThisFileType" : {
          "part" : 539542,
          "total" : 6343333
        }
      } ]
    }, {
      "fileType" : "SPI",
      "partOfTotalProcessingTime" : {
        "part" : 2119376,
        "total" : 3265145906
      },
      "partOfTotalContentLoadingTime" : {
        "part" : 438750,
        "total" : 202650029
      },
      "totalNumberOfFiles" : 2,
      "totalFilesSize" : 325,
      "totalProcessingSpeed" : {
        "totalBytes" : 325,
        "totalCpuTime" : 2119376
      },
      "biggestContributors" : [ {
        "providerName" : "External roots from entity (kotlin-reflect.jar; empty; empty; empty)",
        "numberOfFiles" : 2,
        "totalFilesSize" : 325,
        "partOfTotalProcessingTimeOfThisFileType" : {
          "part" : 2119376,
          "total" : 2119376
        }
      } ]
    } ],
    "totalStatsPerBaseLanguage" : [ {
      "language" : "TEXT",
      "partOfTotalProcessingTime" : {
        "part" : 25610705,
        "total" : 3265145906
      },
      "partOfTotalContentLoadingTime" : {
        "part" : 202755486,
        "total" : 202650029
      },
      "totalNumberOfFiles" : 4,
      "totalFilesSize" : 5342,
      "totalProcessingSpeed" : {
        "totalBytes" : 5342,
        "totalCpuTime" : 25610705
      }
    }, {
      "language" : "Manifest",
      "partOfTotalProcessingTime" : {
        "part" : 6343333,
        "total" : 3265145906
      },
      "partOfTotalContentLoadingTime" : {
        "part" : 203311280,
        "total" : 202650029
      },
      "totalNumberOfFiles" : 3,
      "totalFilesSize" : 627,
      "totalProcessingSpeed" : {
        "totalBytes" : 627,
        "totalCpuTime" : 6343333
      }
    }, {
      "language" : "SPI",
      "partOfTotalProcessingTime" : {
        "part" : 2119376,
        "total" : 3265145906
      },
      "partOfTotalContentLoadingTime" : {
        "part" : 203088779,
        "total" : 202650029
      },
      "totalNumberOfFiles" : 2,
      "totalFilesSize" : 325,
      "totalProcessingSpeed" : {
        "totalBytes" : 325,
        "totalCpuTime" : 2119376
      }
    } ],
    "totalStatsPerIndexer" : [ {
      "indexId" : "Stubs",
      "partOfTotalIndexingTime" : {
        "part" : 1515787295,
        "total" : 2125226354
      },
      "totalNumberOfFiles" : 2947,
      "totalNumberOfFilesIndexedByExtensions" : 0,
      "totalFilesSize" : 12506354,
      "indexValueChangerEvaluationSpeed" : {
        "totalBytes" : 12506354,
        "totalCpuTime" : 1515787295
      }
    }, {
      "indexId" : "bytecodeAnalysis",
      "partOfTotalIndexingTime" : {
        "part" : 165431873,
        "total" : 2125226354
      },
      "totalNumberOfFiles" : 2940,
      "totalNumberOfFilesIndexedByExtensions" : 0,
      "totalFilesSize" : 12476460,
      "indexValueChangerEvaluationSpeed" : {
        "totalBytes" : 12476460,
        "totalCpuTime" : 165431873
      }
    }, {
      "indexId" : "org.jetbrains.kotlin.idea.vfilefinder.KotlinClassFileIndex",
      "partOfTotalIndexingTime" : {
        "part" : 118590723,
        "total" : 2125226354
      },
      "totalNumberOfFiles" : 2940,
      "totalNumberOfFilesIndexedByExtensions" : 0,
      "totalFilesSize" : 12476460,
      "indexValueChangerEvaluationSpeed" : {
        "totalBytes" : 12476460,
        "totalCpuTime" : 118590723
      }
    }, {
      "indexId" : "org.jetbrains.kotlin.idea.base.indices.names.KotlinTopLevelCallableByPackageShortNameIndex",
      "partOfTotalIndexingTime" : {
        "part" : 69045176,
        "total" : 2125226354
      },
      "totalNumberOfFiles" : 2947,
      "totalNumberOfFilesIndexedByExtensions" : 0,
      "totalFilesSize" : 12506354,
      "indexValueChangerEvaluationSpeed" : {
        "totalBytes" : 12506354,
        "totalCpuTime" : 69045176
      }
    }, {
      "indexId" : "org.jetbrains.kotlin.idea.versions.KotlinJvmMetadataVersionIndex",
      "partOfTotalIndexingTime" : {
        "part" : 65758933,
        "total" : 2125226354
      },
      "totalNumberOfFiles" : 2940,
      "totalNumberOfFilesIndexedByExtensions" : 0,
      "totalFilesSize" : 12476460,
      "indexValueChangerEvaluationSpeed" : {
        "totalBytes" : 12476460,
        "totalCpuTime" : 65758933
      }
    }, {
      "indexId" : "org.jetbrains.kotlin.idea.base.indices.names.KotlinTopLevelClassLikeDeclarationByPackageShortNameIndex",
      "partOfTotalIndexingTime" : {
        "part" : 55913262,
        "total" : 2125226354
      },
      "totalNumberOfFiles" : 2947,
      "totalNumberOfFilesIndexedByExtensions" : 0,
      "totalFilesSize" : 12506354,
      "indexValueChangerEvaluationSpeed" : {
        "totalBytes" : 12506354,
        "totalCpuTime" : 55913262
      }
    }, {
      "indexId" : "org.jetbrains.kotlin.idea.vfilefinder.KotlinPartialPackageNamesIndex",
      "partOfTotalIndexingTime" : {
        "part" : 50778993,
        "total" : 2125226354
      },
      "totalNumberOfFiles" : 2947,
      "totalNumberOfFilesIndexedByExtensions" : 0,
      "totalFilesSize" : 12506354,
      "indexValueChangerEvaluationSpeed" : {
        "totalBytes" : 12506354,
        "totalCpuTime" : 50778993
      }
    }, {
      "indexId" : "org.jetbrains.kotlin.idea.vfilefinder.KotlinShortClassNameFileIndex",
      "partOfTotalIndexingTime" : {
        "part" : 45485263,
        "total" : 2125226354
      },
      "totalNumberOfFiles" : 2947,
      "totalNumberOfFilesIndexedByExtensions" : 0,
      "totalFilesSize" : 12506354,
      "indexValueChangerEvaluationSpeed" : {
        "totalBytes" : 12506354,
        "totalCpuTime" : 45485263
      }
    }, {
      "indexId" : "IdIndex",
      "partOfTotalIndexingTime" : {
        "part" : 23378125,
        "total" : 2125226354
      },
      "totalNumberOfFiles" : 9,
      "totalNumberOfFilesIndexedByExtensions" : 0,
      "totalFilesSize" : 6294,
      "indexValueChangerEvaluationSpeed" : {
        "totalBytes" : 6294,
        "totalCpuTime" : 23378125
      }
    }, {
      "indexId" : "org.jetbrains.kotlin.idea.vfilefinder.KotlinModuleMappingIndex",
      "partOfTotalIndexingTime" : {
        "part" : 6689499,
        "total" : 2125226354
      },
      "totalNumberOfFiles" : 16,
      "totalNumberOfFilesIndexedByExtensions" : 0,
      "totalFilesSize" : 17829,
      "indexValueChangerEvaluationSpeed" : {
        "totalBytes" : 17829,
        "totalCpuTime" : 6689499
      }
    }, {
      "indexId" : "org.jetbrains.kotlin.idea.vfilefinder.KotlinJvmModuleAnnotationsIndex",
      "partOfTotalIndexingTime" : {
        "part" : 2442793,
        "total" : 2125226354
      },
      "totalNumberOfFiles" : 16,
      "totalNumberOfFilesIndexedByExtensions" : 0,
      "totalFilesSize" : 17829,
      "indexValueChangerEvaluationSpeed" : {
        "totalBytes" : 17829,
        "totalCpuTime" : 2442793
      }
    }, {
      "indexId" : "org.jetbrains.kotlin.idea.vfilefinder.KotlinBuiltInsMetadataIndex",
      "partOfTotalIndexingTime" : {
        "part" : 1785875,
        "total" : 2125226354
      },
      "totalNumberOfFiles" : 7,
      "totalNumberOfFilesIndexedByExtensions" : 0,
      "totalFilesSize" : 29894,
      "indexValueChangerEvaluationSpeed" : {
        "totalBytes" : 29894,
        "totalCpuTime" : 1785875
      }
    }, {
      "indexId" : "org.jetbrains.kotlin.idea.vfilefinder.KotlinMetadataFileIndex",
      "partOfTotalIndexingTime" : {
        "part" : 1556960,
        "total" : 2125226354
      },
      "totalNumberOfFiles" : 7,
      "totalNumberOfFilesIndexedByExtensions" : 0,
      "totalFilesSize" : 29894,
      "indexValueChangerEvaluationSpeed" : {
        "totalBytes" : 29894,
        "totalCpuTime" : 1556960
      }
    }, {
      "indexId" : "org.jetbrains.kotlin.idea.vfilefinder.KotlinMetadataFilePackageIndex",
      "partOfTotalIndexingTime" : {
        "part" : 974333,
        "total" : 2125226354
      },
      "totalNumberOfFiles" : 7,
      "totalNumberOfFilesIndexedByExtensions" : 0,
      "totalFilesSize" : 29894,
      "indexValueChangerEvaluationSpeed" : {
        "totalBytes" : 29894,
        "totalCpuTime" : 974333
      }
    }, {
      "indexId" : "Trigram.Index",
      "partOfTotalIndexingTime" : {
        "part" : 805834,
        "total" : 2125226354
      },
      "totalNumberOfFiles" : 9,
      "totalNumberOfFilesIndexedByExtensions" : 0,
      "totalFilesSize" : 6294,
      "indexValueChangerEvaluationSpeed" : {
        "totalBytes" : 6294,
        "totalCpuTime" : 805834
      }
    }, {
      "indexId" : "org.jetbrains.kotlin.idea.vfilefinder.KotlinStdlibIndex",
      "partOfTotalIndexingTime" : {
        "part" : 723958,
        "total" : 2125226354
      },
      "totalNumberOfFiles" : 3,
      "totalNumberOfFilesIndexedByExtensions" : 0,
      "totalFilesSize" : 627,
      "indexValueChangerEvaluationSpeed" : {
        "totalBytes" : 627,
        "totalCpuTime" : 723958
      }
    }, {
      "indexId" : "java.source.module.name",
      "partOfTotalIndexingTime" : {
        "part" : 77459,
        "total" : 2125226354
      },
      "totalNumberOfFiles" : 3,
      "totalNumberOfFilesIndexedByExtensions" : 0,
      "totalFilesSize" : 627,
      "indexValueChangerEvaluationSpeed" : {
        "totalBytes" : 627,
        "totalCpuTime" : 77459
      }
    } ],
    "statisticsOfChangedDuringIndexingFiles" : {
      "numberOfFiles" : 0,
      "retrievingTime" : 21375
    },
    "fileProviderStatistics" : [ {
      "providerName" : "External roots from entity (kotlin-stdlib.jar; empty; empty; empty)",
      "totalNumberOfIndexedFiles" : 978,
      "totalNumberOfFilesFullyIndexedByExtensions" : 0,
      "totalNumberOfNothingToWriteFiles" : 0,
      "totalIndexingVisibleTime" : 294403729,
      "contentLoadingVisibleTime" : 12364700,
      "numberOfTooLargeForIndexingFiles" : 0,
      "slowIndexedFiles" : [ ],
      "filesFullyIndexedByExtensions" : [ ],
      "separateApplyingIndexesVisibleTime" : 54057784
    }, {
      "providerName" : "External roots from entity (kotlin-reflect.jar; empty; empty; empty)",
      "totalNumberOfIndexedFiles" : 1956,
      "totalNumberOfFilesFullyIndexedByExtensions" : 0,
      "totalNumberOfNothingToWriteFiles" : 0,
      "totalIndexingVisibleTime" : 228655636,
      "contentLoadingVisibleTime" : 19976367,
      "numberOfTooLargeForIndexingFiles" : 0,
      "slowIndexedFiles" : [ ],
      "filesFullyIndexedByExtensions" : [ ],
      "separateApplyingIndexesVisibleTime" : 51404704
    }, {
      "providerName" : "External roots from entity (kotlin-script-runtime.jar; empty; empty; empty)",
      "totalNumberOfIndexedFiles" : 38,
      "totalNumberOfFilesFullyIndexedByExtensions" : 0,
      "totalNumberOfNothingToWriteFiles" : 0,
      "totalIndexingVisibleTime" : 4600216,
      "contentLoadingVisibleTime" : 407921,
      "numberOfTooLargeForIndexingFiles" : 0,
      "slowIndexedFiles" : [ ],
      "filesFullyIndexedByExtensions" : [ ],
      "separateApplyingIndexesVisibleTime" : 1019496
    }, {
      "providerName" : "Refreshed files",
      "totalNumberOfIndexedFiles" : 0,
      "totalNumberOfFilesFullyIndexedByExtensions" : 0,
      "totalNumberOfNothingToWriteFiles" : 0,
      "totalIndexingVisibleTime" : 0,
      "contentLoadingVisibleTime" : 0,
      "numberOfTooLargeForIndexingFiles" : 0,
      "slowIndexedFiles" : [ ],
      "filesFullyIndexedByExtensions" : [ ],
      "separateApplyingIndexesVisibleTime" : 0
    } ],
    "visibleTimeToAllThreadTimeRatio" : 0.0
  }
}