{
  "appInfo" : {
    "build" : "233.13135.103",
    "buildDate" : "2023-12-20T05:05:00Z[UTC]",
    "productCode" : "IU",
    "generated" : "2024-02-03T01:56:25.06682Z",
    "os" : "macOS 14.3",
    "runtime" : "JetBrains s.r.o. 17.0.9 17.0.9+7-b1087.9"
  },
  "runtimeInfo" : {
    "maxMemory" : 2147483648,
    "numberOfProcessors" : 10,
    "maxNumberOfIndexingThreads" : 9,
    "maxSizeOfFileForIntelliSense" : 2560000,
    "maxSizeOfFileForContentLoading" : 20971520
  },
  "type" : "DumbIndexing",
  "projectIndexingActivityHistory" : {
    "projectName" : "candela",
    "times" : {
      "scanningIds" : [ ],
      "contentLoadingVisibleTime" : 253930,
      "retrievingChangedDuringIndexingFilesTime" : 1294334,
      "separateApplyingIndexesVisibleTime" : 203197,
      "updatingStart" : "2024-02-03T01:56:25.038892Z",
      "updatingEnd" : "2024-02-03T01:56:25.066529Z",
      "totalWallTimeWithPauses" : 27640208,
      "wallTimeOnPause" : 0,
      "wasInterrupted" : false,
      "dumbModeStart" : "2024-02-03T01:56:25.038892Z",
      "dumbWallTimeWithPauses" : 27640208,
      "dumbWallTimeWithoutPauses" : 27640208,
      "totalWallTimeWithoutPauses" : 27640208
    },
    "fileCount" : {
      "numberOfChangedDuringIndexingFiles" : 39,
      "numberOfFilesIndexedByInfrastructureExtensionsDuringIndexingStage" : 0,
      "numberOfFilesIndexedWithLoadingContent" : 39,
      "numberOfNothingToWriteFiles" : 0
    },
    "totalStatsPerFileType" : [ {
      "fileType" : "UNKNOWN",
      "partOfTotalProcessingTime" : {
        "part" : 3576371,
        "total" : 3576371
      },
      "partOfTotalContentLoadingTime" : {
        "part" : 285081,
        "total" : 285081
      },
      "totalNumberOfFiles" : 39,
      "totalFilesSize" : 0,
      "totalProcessingSpeed" : {
        "totalBytes" : 0,
        "totalCpuTime" : 3576371
      },
      "biggestContributors" : [ {
        "providerName" : "Refreshed files",
        "numberOfFiles" : 39,
        "totalFilesSize" : 0,
        "partOfTotalProcessingTimeOfThisFileType" : {
          "part" : 3576371,
          "total" : 3576371
        }
      } ]
    } ],
    "totalStatsPerBaseLanguage" : [ ],
    "totalStatsPerIndexer" : [ ],
    "statisticsOfChangedDuringIndexingFiles" : {
      "numberOfFiles" : 39,
      "retrievingTime" : 1294334
    },
    "fileProviderStatistics" : [ {
      "providerName" : "Refreshed files",
      "totalNumberOfIndexedFiles" : 39,
      "totalNumberOfFilesFullyIndexedByExtensions" : 0,
      "totalNumberOfNothingToWriteFiles" : 0,
      "totalIndexingVisibleTime" : 3185584,
      "contentLoadingVisibleTime" : 253930,
      "numberOfTooLargeForIndexingFiles" : 0,
      "slowIndexedFiles" : [ ],
      "filesFullyIndexedByExtensions" : [ ],
      "separateApplyingIndexesVisibleTime" : 203197
    } ],
    "visibleTimeToAllThreadTimeRatio" : 0.8907308553838514
  }
}