{
  "appInfo" : {
    "build" : "233.13135.103",
    "buildDate" : "2023-12-20T05:05:00Z[UTC]",
    "productCode" : "IU",
    "generated" : "2024-02-03T01:55:57.641992Z",
    "os" : "macOS 14.3",
    "runtime" : "JetBrains s.r.o. 17.0.9 17.0.9+7-b1087.9"
  },
  "runtimeInfo" : {
    "maxMemory" : 2147483648,
    "numberOfProcessors" : 10,
    "maxNumberOfIndexingThreads" : 9,
    "maxSizeOfFileForIntelliSense" : 2560000,
    "maxSizeOfFileForContentLoading" : 20971520
  },
  "type" : "DumbIndexing",
  "projectIndexingActivityHistory" : {
    "projectName" : "candela",
    "times" : {
      "scanningIds" : [ ],
      "contentLoadingVisibleTime" : 160470,
      "retrievingChangedDuringIndexingFilesTime" : 7833,
      "separateApplyingIndexesVisibleTime" : 119409,
      "updatingStart" : "2024-02-03T01:55:57.597273Z",
      "updatingEnd" : "2024-02-03T01:55:57.624728Z",
      "totalWallTimeWithPauses" : 27457375,
      "wallTimeOnPause" : 0,
      "wasInterrupted" : false,
      "dumbModeStart" : "2024-02-03T01:55:57.597273Z",
      "dumbWallTimeWithPauses" : 27457375,
      "dumbWallTimeWithoutPauses" : 27457375,
      "totalWallTimeWithoutPauses" : 27457375
    },
    "fileCount" : {
      "numberOfChangedDuringIndexingFiles" : 34,
      "numberOfFilesIndexedByInfrastructureExtensionsDuringIndexingStage" : 0,
      "numberOfFilesIndexedWithLoadingContent" : 34,
      "numberOfNothingToWriteFiles" : 0
    },
    "totalStatsPerFileType" : [ {
      "fileType" : "UNKNOWN",
      "partOfTotalProcessingTime" : {
        "part" : 3629252,
        "total" : 3629252
      },
      "partOfTotalContentLoadingTime" : {
        "part" : 192004,
        "total" : 192004
      },
      "totalNumberOfFiles" : 34,
      "totalFilesSize" : 0,
      "totalProcessingSpeed" : {
        "totalBytes" : 0,
        "totalCpuTime" : 3629252
      },
      "biggestContributors" : [ {
        "providerName" : "Refreshed files",
        "numberOfFiles" : 34,
        "totalFilesSize" : 0,
        "partOfTotalProcessingTimeOfThisFileType" : {
          "part" : 3629252,
          "total" : 3629252
        }
      } ]
    } ],
    "totalStatsPerBaseLanguage" : [ ],
    "totalStatsPerIndexer" : [ ],
    "statisticsOfChangedDuringIndexingFiles" : {
      "numberOfFiles" : 34,
      "retrievingTime" : 7833
    },
    "fileProviderStatistics" : [ {
      "providerName" : "Refreshed files",
      "totalNumberOfIndexedFiles" : 34,
      "totalNumberOfFilesFullyIndexedByExtensions" : 0,
      "totalNumberOfNothingToWriteFiles" : 0,
      "totalIndexingVisibleTime" : 3033208,
      "contentLoadingVisibleTime" : 160470,
      "numberOfTooLargeForIndexingFiles" : 0,
      "slowIndexedFiles" : [ ],
      "filesFullyIndexedByExtensions" : [ ],
      "separateApplyingIndexesVisibleTime" : 119409
    } ],
    "visibleTimeToAllThreadTimeRatio" : 0.8357667089526988
  }
}