{"@type":"excluded","time":"2024-01-16T03:44:56.521122+01:00[Europe/Berlin]","kind":"bundled","chunkUniqueId":"bundled-js-predefined-1d06a55b98c1-c44b541a36ca-JavaScript-IU-233.13135.103"}
{"@type":"attached","time":"2024-02-02T16:58:56.492409+01:00[Europe/Berlin]","kind":"jdk","chunkUniqueId":"jdk-21.0.1-openjdk-21.0.1-f644763e9732-2f79fb23","indexName":"21.0.1-openjdk-21.0.1","fbMatch":{"part":81,"total":81},"stubMatch":{"part":146,"total":146}}
{"@type":"excluded","time":"2024-02-02T16:58:57.106577+01:00[Europe/Berlin]","kind":"bundled","chunkUniqueId":"bundled-js-predefined-1d06a55b98c1-c44b541a36ca-JavaScript-IU-233.13135.103"}
{"@type":"attached","time":"2024-02-02T23:26:33.462613+01:00[Europe/Berlin]","kind":"jdk","chunkUniqueId":"jdk-21.0.1-openjdk-21.0.1-f644763e9732-2f79fb23","indexName":"21.0.1-openjdk-21.0.1","fbMatch":{"part":81,"total":81},"stubMatch":{"part":146,"total":146}}
{"@type":"excluded","time":"2024-02-02T23:26:33.526601+01:00[Europe/Berlin]","kind":"bundled","chunkUniqueId":"bundled-js-predefined-1d06a55b98c1-c44b541a36ca-JavaScript-IU-233.13135.103"}
{"@type":"attached","time":"2024-02-04T15:37:34.102764+01:00[Europe/Berlin]","kind":"jdk","chunkUniqueId":"jdk-21.0.1-openjdk-21.0.1-f644763e9732-2f79fb23","indexName":"21.0.1-openjdk-21.0.1","fbMatch":{"part":81,"total":81},"stubMatch":{"part":146,"total":146}}
{"@type":"excluded","time":"2024-02-04T15:37:35.070243+01:00[Europe/Berlin]","kind":"bundled","chunkUniqueId":"bundled-js-predefined-1d06a55b98c1-c44b541a36ca-JavaScript-IU-233.13135.103"}
